case_id,fitness,edit_distance,conformant,missing_activities,unexpected_activities,repeated_activities
P2P-000001,1.0,0,True,,,
P2P-000002,1.0,0,True,,,
P2P-000003,0.8666666666666667,2,False,,Request Reworked,Manager Approval
P2P-000004,0.8666666666666667,2,False,,Request Reworked,Manager Approval
P2P-000005,0.9285714285714286,1,False,,Delivery Delayed,
P2P-000006,1.0,0,True,,,
P2P-000007,0.9230769230769231,1,False,Manager Approval,,
P2P-000008,1.0,0,True,,,
P2P-000009,1.0,0,True,,,
P2P-000010,1.0,0,True,,,
P2P-000011,0.7647058823529411,4,False,,Corrected Invoice Received | Duplicate Check Failed | Invoice Rejected,Invoice Duplicate Check
P2P-000012,0.8666666666666667,2,False,,Request Reworked,Manager Approval
P2P-000013,0.8666666666666667,2,False,,Invoice Blocked | Invoice Corrected,
P2P-000014,0.8666666666666667,2,False,,Invoice Blocked | Invoice Corrected,
P2P-000015,1.0,0,True,,,
P2P-000016,0.8666666666666667,2,False,,Request Reworked,Manager Approval
P2P-000017,0.7857142857142857,3,False,,Three-Way Match Failed,
P2P-000018,1.0,0,True,,,
P2P-000019,0.9285714285714286,1,False,,Delivery Delayed,
P2P-000020,0.8125,3,False,,Payment Rejected,Invoice Matched | Payment Authorized
P2P-000021,0.8666666666666667,2,False,,Invoice Blocked | Invoice Corrected,
P2P-000022,1.0,0,True,,,
P2P-000023,0.7857142857142857,3,False,,Three-Way Match Failed,
P2P-000024,1.0,0,True,,,
P2P-000025,1.0,0,True,,,
P2P-000026,1.0,0,True,,,
P2P-000027,0.9285714285714286,1,False,,Delivery Delayed,
P2P-000028,0.8666666666666667,2,False,,Invoice Blocked | Invoice Corrected,
P2P-000029,0.7857142857142857,3,False,,Three-Way Match Failed,
P2P-000030,0.8125,3,False,,Payment Rejected,Invoice Matched | Payment Authorized
P2P-000031,0.8666666666666667,2,False,,Invoice Blocked | Invoice Corrected,
P2P-000032,1.0,0,True,,,
P2P-000033,0.9230769230769231,1,False,Manager Approval,,
P2P-000034,1.0,0,True,,,
P2P-000035,0.8125,3,False,,Payment Rejected,Invoice Matched | Payment Authorized
P2P-000036,0.7647058823529411,4,False,,Corrected Invoice Received | Duplicate Check Failed | Invoice Rejected,Invoice Duplicate Check
P2P-000037,0.8125,3,False,,Payment Rejected,Invoice Matched | Payment Authorized
P2P-000038,0.9230769230769231,1,False,Manager Approval,,
P2P-000039,1.0,0,True,,,
P2P-000040,0.8666666666666667,2,False,,Invoice Blocked | Invoice Corrected,
P2P-000041,1.0,0,True,,,
P2P-000042,0.8125,3,False,,Payment Rejected,Invoice Matched | Payment Authorized
P2P-000043,0.9230769230769231,1,False,Manager Approval,,
P2P-000044,0.9285714285714286,1,False,,Delivery Delayed,
P2P-000045,1.0,0,True,,,
P2P-000046,0.8666666666666667,2,False,,Request Reworked,Manager Approval
P2P-000047,0.7857142857142857,3,False,,Three-Way Match Failed,
P2P-000048,0.9230769230769231,1,False,Manager Approval,,
P2P-000049,1.0,0,True,,,
P2P-000050,1.0,0,True,,,
P2P-000051,1.0,0,True,,,
P2P-000052,0.8666666666666667,2,False,,Request Reworked,Manager Approval
P2P-000053,0.9230769230769231,1,False,Manager Approval,,
P2P-000054,0.9230769230769231,1,False,Manager Approval,,
P2P-000055,1.0,0,True,,,
P2P-000056,0.8666666666666667,2,False,,Request Reworked,Manager Approval
P2P-000057,0.9285714285714286,1,False,,Delivery Delayed,
P2P-000058,1.0,0,True,,,
P2P-000059,0.8125,3,False,,Payment Rejected,Invoice Matched | Payment Authorized
P2P-000060,0.7857142857142857,3,False,,Three-Way Match Failed,
P2P-000061,1.0,0,True,,,
P2P-000062,0.9230769230769231,1,False,Manager Approval,,
P2P-000063,0.7857142857142857,3,False,,Three-Way Match Failed,
P2P-000064,1.0,0,True,,,
P2P-000065,0.9230769230769231,1,False,Manager Approval,,
P2P-000066,0.7857142857142857,3,False,,Three-Way Match Failed,
P2P-000067,0.9230769230769231,1,False,Manager Approval,,
P2P-000068,1.0,0,True,,,
P2P-000069,1.0,0,True,,,
P2P-000070,1.0,0,True,,,
P2P-000071,1.0,0,True,,,
P2P-000072,1.0,0,True,,,
P2P-000073,1.0,0,True,,,
P2P-000074,1.0,0,True,,,
P2P-000075,0.8125,3,False,,Payment Rejected,Invoice Matched | Payment Authorized
P2P-000076,1.0,0,True,,,
P2P-000077,0.9285714285714286,1,False,,Delivery Delayed,
P2P-000078,0.8666666666666667,2,False,,Request Reworked,Manager Approval
P2P-000079,1.0,0,True,,,
P2P-000080,1.0,0,True,,,
P2P-000081,0.9230769230769231,1,False,Manager Approval,,
P2P-000082,1.0,0,True,,,
P2P-000083,1.0,0,True,,,
P2P-000084,0.8666666666666667,2,False,,Request Reworked,Manager Approval
P2P-000085,0.8461538461538461,2,False,Manager Approval,Delivery Delayed,
P2P-000086,0.8666666666666667,2,False,,Invoice Blocked | Invoice Corrected,
P2P-000087,0.8125,3,False,,Payment Rejected,Invoice Matched | Payment Authorized
P2P-000088,1.0,0,True,,,
P2P-000089,1.0,0,True,,,
P2P-000090,0.8666666666666667,2,False,,Invoice Blocked | Invoice Corrected,
P2P-000091,1.0,0,True,,,
P2P-000092,0.9285714285714286,1,False,,Delivery Delayed,
P2P-000093,1.0,0,True,,,
P2P-000094,0.7647058823529411,4,False,,Corrected Invoice Received | Duplicate Check Failed | Invoice Rejected,Invoice Duplicate Check
P2P-000095,0.8125,3,False,,Delivery Delayed | Request Reworked,Manager Approval
P2P-000096,1.0,0,True,,,
P2P-000097,0.7857142857142857,3,False,,Three-Way Match Failed,
P2P-000098,1.0,0,True,,,
P2P-000099,1.0,0,True,,,
P2P-000100,0.8666666666666667,2,False,,Request Reworked,Manager Approval
P2P-000101,0.9230769230769231,1,False,Manager Approval,,
P2P-000102,0.9230769230769231,1,False,Manager Approval,,
P2P-000103,0.7222222222222222,5,False,,Corrected Invoice Received | Delivery Delayed | Duplicate Check Failed | Invoice Rejected,Invoice Duplicate Check
P2P-000104,0.8125,3,False,,Payment Rejected,Invoice Matched | Payment Authorized
P2P-000105,1.0,0,True,,,
P2P-000106,0.8666666666666667,2,False,,Request Reworked,Manager Approval
P2P-000107,0.8666666666666667,2,False,,Invoice Blocked | Invoice Corrected,
P2P-000108,1.0,0,True,,,
P2P-000109,0.9285714285714286,1,False,,Delivery Delayed,
P2P-000110,0.9285714285714286,1,False,,Delivery Delayed,
P2P-000111,0.8666666666666667,2,False,,Request Reworked,Manager Approval
P2P-000112,0.8666666666666667,2,False,,Invoice Blocked | Invoice Corrected,
P2P-000113,0.8125,3,False,,Payment Rejected,Invoice Matched | Payment Authorized
P2P-000114,0.7857142857142857,3,False,,Three-Way Match Failed,
P2P-000115,0.9230769230769231,1,False,Manager Approval,,
P2P-000116,0.8461538461538461,2,False,Manager Approval,Delivery Delayed,
P2P-000117,0.8666666666666667,2,False,,Request Reworked,Manager Approval
P2P-000118,0.8666666666666667,2,False,,Request Reworked,Manager Approval
P2P-000119,1.0,0,True,,,
P2P-000120,0.9285714285714286,1,False,,Delivery Delayed,
P2P-000121,1.0,0,True,,,
P2P-000122,1.0,0,True,,,
P2P-000123,1.0,0,True,,,
P2P-000124,0.8125,3,False,,Payment Rejected,Invoice Matched | Payment Authorized
P2P-000125,0.7857142857142857,3,False,,Three-Way Match Failed,
P2P-000126,0.8666666666666667,2,False,,Invoice Blocked | Invoice Corrected,
P2P-000127,0.9230769230769231,1,False,Manager Approval,,
P2P-000128,0.8125,3,False,,Delivery Delayed | Request Reworked,Manager Approval
P2P-000129,0.8461538461538461,2,False,Manager Approval,Delivery Delayed,
P2P-000130,1.0,0,True,,,
P2P-000131,1.0,0,True,,,
P2P-000132,1.0,0,True,,,
P2P-000133,0.7857142857142857,3,False,,Three-Way Match Failed,
P2P-000134,1.0,0,True,,,
P2P-000135,0.8666666666666667,2,False,,Request Reworked,Manager Approval
P2P-000136,0.9285714285714286,1,False,,Delivery Delayed,
P2P-000137,0.7857142857142857,3,False,,Three-Way Match Failed,
P2P-000138,1.0,0,True,,,
P2P-000139,1.0,0,True,,,
P2P-000140,0.9285714285714286,1,False,,Delivery Delayed,
P2P-000141,0.9230769230769231,1,False,Manager Approval,,
P2P-000142,0.7647058823529411,4,False,,Corrected Invoice Received | Duplicate Check Failed | Invoice Rejected,Invoice Duplicate Check
P2P-000143,0.8461538461538461,2,False,Manager Approval,Delivery Delayed,
P2P-000144,0.8666666666666667,2,False,,Request Reworked,Manager Approval
P2P-000145,0.8666666666666667,2,False,,Request Reworked,Manager Approval
P2P-000146,1.0,0,True,,,
P2P-000147,0.8666666666666667,2,False,,Invoice Blocked | Invoice Corrected,
P2P-000148,0.9230769230769231,1,False,Manager Approval,,
P2P-000149,0.9230769230769231,1,False,Manager Approval,,
P2P-000150,1.0,0,True,,,
P2P-000151,0.8125,3,False,,Payment Rejected,Invoice Matched | Payment Authorized
P2P-000152,0.9230769230769231,1,False,Manager Approval,,
P2P-000153,0.9285714285714286,1,False,,Delivery Delayed,
P2P-000154,1.0,0,True,,,
P2P-000155,0.9230769230769231,1,False,Manager Approval,,
P2P-000156,1.0,0,True,,,
P2P-000157,0.8125,3,False,,Delivery Delayed | Request Reworked,Manager Approval
P2P-000158,0.8461538461538461,2,False,Manager Approval,Delivery Delayed,
P2P-000159,0.8125,3,False,,Payment Rejected,Invoice Matched | Payment Authorized
P2P-000160,0.7647058823529411,4,False,,Corrected Invoice Received | Duplicate Check Failed | Invoice Rejected,Invoice Duplicate Check
P2P-000161,1.0,0,True,,,
P2P-000162,1.0,0,True,,,
P2P-000163,0.9285714285714286,1,False,,Delivery Delayed,
P2P-000164,1.0,0,True,,,
P2P-000165,1.0,0,True,,,
P2P-000166,1.0,0,True,,,
P2P-000167,0.8125,3,False,,Payment Rejected,Invoice Matched | Payment Authorized
P2P-000168,0.9230769230769231,1,False,Manager Approval,,
P2P-000169,0.7857142857142857,3,False,,Three-Way Match Failed,
P2P-000170,1.0,0,True,,,
P2P-000171,1.0,0,True,,,
P2P-000172,0.8461538461538461,2,False,Manager Approval,Delivery Delayed,
P2P-000173,1.0,0,True,,,
P2P-000174,1.0,0,True,,,
P2P-000175,1.0,0,True,,,
P2P-000176,0.9230769230769231,1,False,Manager Approval,,
P2P-000177,1.0,0,True,,,
P2P-000178,0.7857142857142857,3,False,,Three-Way Match Failed,
P2P-000179,0.9285714285714286,1,False,,Delivery Delayed,
P2P-000180,1.0,0,True,,,
P2P-000181,0.8666666666666667,2,False,,Request Reworked,Manager Approval
P2P-000182,0.8125,3,False,,Delivery Delayed | Request Reworked,Manager Approval
P2P-000183,0.9285714285714286,1,False,,Delivery Delayed,
P2P-000184,0.8666666666666667,2,False,,Invoice Blocked | Invoice Corrected,
P2P-000185,0.7857142857142857,3,False,,Three-Way Match Failed,
P2P-000186,0.8666666666666667,2,False,,Request Reworked,Manager Approval
P2P-000187,0.9230769230769231,1,False,Manager Approval,,
P2P-000188,0.8461538461538461,2,False,Manager Approval,Delivery Delayed,
P2P-000189,1.0,0,True,,,
P2P-000190,0.9230769230769231,1,False,Manager Approval,,
P2P-000191,0.8666666666666667,2,False,,Invoice Blocked | Invoice Corrected,
P2P-000192,1.0,0,True,,,
P2P-000193,1.0,0,True,,,
P2P-000194,0.9285714285714286,1,False,,Delivery Delayed,
P2P-000195,1.0,0,True,,,
P2P-000196,0.7647058823529411,4,False,,Corrected Invoice Received | Duplicate Check Failed | Invoice Rejected,Invoice Duplicate Check
P2P-000197,0.7647058823529411,4,False,,Corrected Invoice Received | Duplicate Check Failed | Invoice Rejected,Invoice Duplicate Check
P2P-000198,0.8666666666666667,2,False,,Invoice Blocked | Invoice Corrected,
P2P-000199,0.8125,3,False,,Payment Rejected,Invoice Matched | Payment Authorized
P2P-000200,1.0,0,True,,,
P2P-000201,0.7857142857142857,3,False,,Three-Way Match Failed,
P2P-000202,1.0,0,True,,,
P2P-000203,0.7857142857142857,3,False,,Three-Way Match Failed,
P2P-000204,0.9285714285714286,1,False,,Delivery Delayed,
P2P-000205,0.8666666666666667,2,False,,Request Reworked,Manager Approval
P2P-000206,0.7857142857142857,3,False,,Three-Way Match Failed,
P2P-000207,0.7857142857142857,3,False,,Three-Way Match Failed,
P2P-000208,0.9230769230769231,1,False,Manager Approval,,
P2P-000209,1.0,0,True,,,
P2P-000210,1.0,0,True,,,
P2P-000211,0.7857142857142857,3,False,,Three-Way Match Failed,
P2P-000212,1.0,0,True,,,
P2P-000213,0.8125,3,False,,Payment Rejected,Invoice Matched | Payment Authorized
P2P-000214,0.8666666666666667,2,False,,Invoice Blocked | Invoice Corrected,
P2P-000215,0.7857142857142857,3,False,,Three-Way Match Failed,
P2P-000216,0.7647058823529411,4,False,,Corrected Invoice Received | Duplicate Check Failed | Invoice Rejected,Invoice Duplicate Check
P2P-000217,1.0,0,True,,,
P2P-000218,0.9230769230769231,1,False,Manager Approval,,
P2P-000219,1.0,0,True,,,
P2P-000220,0.7857142857142857,3,False,,Three-Way Match Failed,
P2P-000221,1.0,0,True,,,
P2P-000222,0.9285714285714286,1,False,,Delivery Delayed,
P2P-000223,1.0,0,True,,,
P2P-000224,1.0,0,True,,,
P2P-000225,0.9230769230769231,1,False,Manager Approval,,
P2P-000226,1.0,0,True,,,
P2P-000227,1.0,0,True,,,
P2P-000228,1.0,0,True,,,
P2P-000229,1.0,0,True,,,
P2P-000230,0.9285714285714286,1,False,,Delivery Delayed,
P2P-000231,0.9285714285714286,1,False,,Delivery Delayed,
P2P-000232,1.0,0,True,,,
P2P-000233,0.8666666666666667,2,False,,Invoice Blocked | Invoice Corrected,
P2P-000234,0.8,3,False,,Delivery Delayed | Three-Way Match Failed,
P2P-000235,0.8666666666666667,2,False,,Invoice Blocked | Invoice Corrected,
P2P-000236,0.7647058823529411,4,False,,Corrected Invoice Received | Duplicate Check Failed | Invoice Rejected,Invoice Duplicate Check
P2P-000237,0.8461538461538461,2,False,Manager Approval,Delivery Delayed,
P2P-000238,0.8666666666666667,2,False,,Request Reworked,Manager Approval
P2P-000239,0.8666666666666667,2,False,,Invoice Blocked | Invoice Corrected,
P2P-000240,0.8666666666666667,2,False,,Invoice Blocked | Invoice Corrected,
P2P-000241,1.0,0,True,,,
P2P-000242,1.0,0,True,,,
P2P-000243,0.7222222222222222,5,False,,Corrected Invoice Received | Delivery Delayed | Duplicate Check Failed | Invoice Rejected,Invoice Duplicate Check
P2P-000244,0.7857142857142857,3,False,,Three-Way Match Failed,
P2P-000245,1.0,0,True,,,
P2P-000246,0.9285714285714286,1,False,,Delivery Delayed,
P2P-000247,0.8666666666666667,2,False,,Request Reworked,Manager Approval
P2P-000248,1.0,0,True,,,
P2P-000249,0.8666666666666667,2,False,,Request Reworked,Manager Approval
P2P-000250,1.0,0,True,,,
P2P-000251,0.8461538461538461,2,False,Manager Approval,Delivery Delayed,
P2P-000252,0.8,3,False,,Delivery Delayed | Three-Way Match Failed,
P2P-000253,1.0,0,True,,,
P2P-000254,1.0,0,True,,,
P2P-000255,1.0,0,True,,,
P2P-000256,1.0,0,True,,,
P2P-000257,1.0,0,True,,,
P2P-000258,1.0,0,True,,,
P2P-000259,0.8666666666666667,2,False,,Invoice Blocked | Invoice Corrected,
P2P-000260,1.0,0,True,,,
P2P-000261,0.9285714285714286,1,False,,Delivery Delayed,
P2P-000262,1.0,0,True,,,
P2P-000263,0.8666666666666667,2,False,,Invoice Blocked | Invoice Corrected,
P2P-000264,0.8666666666666667,2,False,,Invoice Blocked | Invoice Corrected,
P2P-000265,1.0,0,True,,,
P2P-000266,0.8125,3,False,,Payment Rejected,Invoice Matched | Payment Authorized
P2P-000267,1.0,0,True,,,
P2P-000268,1.0,0,True,,,
P2P-000269,0.7647058823529411,4,False,,Corrected Invoice Received | Duplicate Check Failed | Invoice Rejected,Invoice Duplicate Check
P2P-000270,0.9230769230769231,1,False,Manager Approval,,
P2P-000271,0.8666666666666667,2,False,,Invoice Blocked | Invoice Corrected,
P2P-000272,1.0,0,True,,,
P2P-000273,0.7647058823529411,4,False,,Corrected Invoice Received | Duplicate Check Failed | Invoice Rejected,Invoice Duplicate Check
P2P-000274,1.0,0,True,,,
P2P-000275,0.8666666666666667,2,False,,Invoice Blocked | Invoice Corrected,
P2P-000276,0.8125,3,False,,Payment Rejected,Invoice Matched | Payment Authorized
P2P-000277,1.0,0,True,,,
P2P-000278,1.0,0,True,,,
P2P-000279,0.8125,3,False,,Payment Rejected,Invoice Matched | Payment Authorized
P2P-000280,0.8666666666666667,2,False,,Invoice Blocked | Invoice Corrected,
P2P-000281,0.8,3,False,,Delivery Delayed | Three-Way Match Failed,
P2P-000282,0.7857142857142857,3,False,,Three-Way Match Failed,
P2P-000283,1.0,0,True,,,
P2P-000284,0.8125,3,False,,Delivery Delayed | Invoice Blocked | Invoice Corrected,
P2P-000285,1.0,0,True,,,
P2P-000286,1.0,0,True,,,
P2P-000287,0.8666666666666667,2,False,,Invoice Blocked | Invoice Corrected,
P2P-000288,0.8666666666666667,2,False,,Invoice Blocked | Invoice Corrected,
P2P-000289,0.9230769230769231,1,False,Manager Approval,,
P2P-000290,0.9230769230769231,1,False,Manager Approval,,
P2P-000291,0.9230769230769231,1,False,Manager Approval,,
P2P-000292,1.0,0,True,,,
P2P-000293,1.0,0,True,,,
P2P-000294,1.0,0,True,,,
P2P-000295,1.0,0,True,,,
P2P-000296,0.8666666666666667,2,False,,Invoice Blocked | Invoice Corrected,
P2P-000297,0.8666666666666667,2,False,,Invoice Blocked | Invoice Corrected,
P2P-000298,0.8666666666666667,2,False,,Invoice Blocked | Invoice Corrected,
P2P-000299,0.9230769230769231,1,False,Manager Approval,,
P2P-000300,1.0,0,True,,,
P2P-000301,0.7857142857142857,3,False,,Three-Way Match Failed,
P2P-000302,0.8125,3,False,,Payment Rejected,Invoice Matched | Payment Authorized
P2P-000303,1.0,0,True,,,
P2P-000304,0.7647058823529411,4,False,,Corrected Invoice Received | Duplicate Check Failed | Invoice Rejected,Invoice Duplicate Check
P2P-000305,1.0,0,True,,,
P2P-000306,0.9230769230769231,1,False,Manager Approval,,
P2P-000307,0.8666666666666667,2,False,,Invoice Blocked | Invoice Corrected,
P2P-000308,0.9230769230769231,1,False,Manager Approval,,
P2P-000309,1.0,0,True,,,
P2P-000310,0.8666666666666667,2,False,,Request Reworked,Manager Approval
P2P-000311,0.8666666666666667,2,False,,Request Reworked,Manager Approval
P2P-000312,1.0,0,True,,,
P2P-000313,0.7647058823529411,4,False,,Corrected Invoice Received | Duplicate Check Failed | Invoice Rejected,Invoice Duplicate Check
P2P-000314,1.0,0,True,,,
P2P-000315,1.0,0,True,,,
P2P-000316,1.0,0,True,,,
P2P-000317,1.0,0,True,,,
P2P-000318,0.8461538461538461,2,False,Manager Approval,Delivery Delayed,
P2P-000319,0.8666666666666667,2,False,,Request Reworked,Manager Approval
P2P-000320,0.8461538461538461,2,False,Manager Approval,Delivery Delayed,
P2P-000321,0.9285714285714286,1,False,,Delivery Delayed,
P2P-000322,0.9230769230769231,1,False,Manager Approval,,
P2P-000323,1.0,0,True,,,
P2P-000324,1.0,0,True,,,
P2P-000325,0.8125,3,False,,Delivery Delayed | Invoice Blocked | Invoice Corrected,
P2P-000326,1.0,0,True,,,
P2P-000327,0.8666666666666667,2,False,,Request Reworked,Manager Approval
P2P-000328,0.7857142857142857,3,False,,Three-Way Match Failed,
P2P-000329,1.0,0,True,,,
P2P-000330,1.0,0,True,,,
P2P-000331,1.0,0,True,,,
P2P-000332,1.0,0,True,,,
P2P-000333,0.9230769230769231,1,False,Manager Approval,,
P2P-000334,0.9230769230769231,1,False,Manager Approval,,
P2P-000335,0.8666666666666667,2,False,,Request Reworked,Manager Approval
P2P-000336,1.0,0,True,,,
P2P-000337,0.7857142857142857,3,False,,Three-Way Match Failed,
P2P-000338,1.0,0,True,,,
P2P-000339,1.0,0,True,,,
P2P-000340,0.9230769230769231,1,False,Manager Approval,,
P2P-000341,0.9230769230769231,1,False,Manager Approval,,
P2P-000342,1.0,0,True,,,
P2P-000343,0.9230769230769231,1,False,Manager Approval,,
P2P-000344,0.8666666666666667,2,False,,Invoice Blocked | Invoice Corrected,
P2P-000345,1.0,0,True,,,
P2P-000346,0.8666666666666667,2,False,,Request Reworked,Manager Approval
P2P-000347,0.8125,3,False,,Delivery Delayed | Request Reworked,Manager Approval
P2P-000348,0.8125,3,False,,Payment Rejected,Invoice Matched | Payment Authorized
P2P-000349,0.8125,3,False,,Delivery Delayed | Request Reworked,Manager Approval
P2P-000350,0.8666666666666667,2,False,,Invoice Blocked | Invoice Corrected,
P2P-000351,1.0,0,True,,,
P2P-000352,1.0,0,True,,,
P2P-000353,0.7857142857142857,3,False,,Three-Way Match Failed,
P2P-000354,1.0,0,True,,,
P2P-000355,1.0,0,True,,,
P2P-000356,1.0,0,True,,,
P2P-000357,1.0,0,True,,,
P2P-000358,1.0,0,True,,,
P2P-000359,0.8666666666666667,2,False,,Invoice Blocked | Invoice Corrected,
P2P-000360,1.0,0,True,,,
P2P-000361,0.8125,3,False,,Delivery Delayed | Request Reworked,Manager Approval
P2P-000362,0.9285714285714286,1,False,,Delivery Delayed,
P2P-000363,0.9230769230769231,1,False,Manager Approval,,
P2P-000364,0.9285714285714286,1,False,,Delivery Delayed,
P2P-000365,1.0,0,True,,,
P2P-000366,1.0,0,True,,,
P2P-000367,0.7647058823529411,4,False,,Corrected Invoice Received | Duplicate Check Failed | Invoice Rejected,Invoice Duplicate Check
P2P-000368,1.0,0,True,,,
P2P-000369,1.0,0,True,,,
P2P-000370,1.0,0,True,,,
P2P-000371,1.0,0,True,,,
P2P-000372,1.0,0,True,,,
P2P-000373,1.0,0,True,,,
P2P-000374,1.0,0,True,,,
P2P-000375,0.9285714285714286,1,False,,Delivery Delayed,
P2P-000376,1.0,0,True,,,
P2P-000377,1.0,0,True,,,
P2P-000378,0.8666666666666667,2,False,,Request Reworked,Manager Approval
P2P-000379,1.0,0,True,,,
P2P-000380,0.9230769230769231,1,False,Manager Approval,,
P2P-000381,1.0,0,True,,,
P2P-000382,0.9230769230769231,1,False,Manager Approval,,
P2P-000383,1.0,0,True,,,
P2P-000384,1.0,0,True,,,
P2P-000385,0.9230769230769231,1,False,Manager Approval,,
P2P-000386,0.9285714285714286,1,False,,Delivery Delayed,
P2P-000387,1.0,0,True,,,
P2P-000388,1.0,0,True,,,
P2P-000389,0.9285714285714286,1,False,,Delivery Delayed,
P2P-000390,0.9230769230769231,1,False,Manager Approval,,
P2P-000391,1.0,0,True,,,
P2P-000392,1.0,0,True,,,
P2P-000393,1.0,0,True,,,
P2P-000394,1.0,0,True,,,
P2P-000395,0.8125,3,False,,Delivery Delayed | Request Reworked,Manager Approval
P2P-000396,0.9285714285714286,1,False,,Delivery Delayed,
P2P-000397,0.8125,3,False,,Payment Rejected,Invoice Matched | Payment Authorized
P2P-000398,0.7222222222222222,5,False,,Corrected Invoice Received | Delivery Delayed | Duplicate Check Failed | Invoice Rejected,Invoice Duplicate Check
P2P-000399,0.9285714285714286,1,False,,Delivery Delayed,
P2P-000400,1.0,0,True,,,
P2P-000401,0.9285714285714286,1,False,,Delivery Delayed,
P2P-000402,0.8,3,False,,Delivery Delayed | Three-Way Match Failed,
P2P-000403,1.0,0,True,,,
P2P-000404,1.0,0,True,,,
P2P-000405,1.0,0,True,,,
P2P-000406,0.8666666666666667,2,False,,Request Reworked,Manager Approval
P2P-000407,1.0,0,True,,,
P2P-000408,0.9230769230769231,1,False,Manager Approval,,
P2P-000409,1.0,0,True,,,
P2P-000410,0.8666666666666667,2,False,,Request Reworked,Manager Approval
P2P-000411,0.9285714285714286,1,False,,Delivery Delayed,
P2P-000412,1.0,0,True,,,
P2P-000413,1.0,0,True,,,
P2P-000414,0.9230769230769231,1,False,Manager Approval,,
P2P-000415,1.0,0,True,,,
P2P-000416,1.0,0,True,,,
P2P-000417,1.0,0,True,,,
P2P-000418,1.0,0,True,,,
P2P-000419,0.9230769230769231,1,False,Manager Approval,,
P2P-000420,0.9230769230769231,1,False,Manager Approval,,
P2P-000421,0.7647058823529411,4,False,,Corrected Invoice Received | Duplicate Check Failed | Invoice Rejected,Invoice Duplicate Check
P2P-000422,0.8125,3,False,,Payment Rejected,Invoice Matched | Payment Authorized
P2P-000423,0.8666666666666667,2,False,,Request Reworked,Manager Approval
P2P-000424,0.7647058823529411,4,False,,Corrected Invoice Received | Duplicate Check Failed | Invoice Rejected,Invoice Duplicate Check
P2P-000425,1.0,0,True,,,
P2P-000426,1.0,0,True,,,
P2P-000427,0.9285714285714286,1,False,,Delivery Delayed,
P2P-000428,0.8666666666666667,2,False,,Request Reworked,Manager Approval
P2P-000429,0.7647058823529411,4,False,,Corrected Invoice Received | Duplicate Check Failed | Invoice Rejected,Invoice Duplicate Check
P2P-000430,0.8666666666666667,2,False,,Request Reworked,Manager Approval
P2P-000431,0.9285714285714286,1,False,,Delivery Delayed,
P2P-000432,0.8666666666666667,2,False,,Request Reworked,Manager Approval
P2P-000433,0.9285714285714286,1,False,,Delivery Delayed,
P2P-000434,0.7857142857142857,3,False,,Three-Way Match Failed,
P2P-000435,1.0,0,True,,,
P2P-000436,1.0,0,True,,,
P2P-000437,0.8666666666666667,2,False,,Request Reworked,Manager Approval
P2P-000438,0.8666666666666667,2,False,,Request Reworked,Manager Approval
P2P-000439,0.9230769230769231,1,False,Manager Approval,,
P2P-000440,1.0,0,True,,,
P2P-000441,0.9230769230769231,1,False,Manager Approval,,
P2P-000442,1.0,0,True,,,
P2P-000443,0.8666666666666667,2,False,,Invoice Blocked | Invoice Corrected,
P2P-000444,1.0,0,True,,,
P2P-000445,0.8666666666666667,2,False,,Request Reworked,Manager Approval
P2P-000446,0.7647058823529411,4,False,,Corrected Invoice Received | Duplicate Check Failed | Invoice Rejected,Invoice Duplicate Check
P2P-000447,0.9230769230769231,1,False,Manager Approval,,
P2P-000448,1.0,0,True,,,
P2P-000449,1.0,0,True,,,
P2P-000450,1.0,0,True,,,
P2P-000451,1.0,0,True,,,
P2P-000452,1.0,0,True,,,
P2P-000453,0.9230769230769231,1,False,Manager Approval,,
P2P-000454,0.7857142857142857,3,False,,Three-Way Match Failed,
P2P-000455,0.9230769230769231,1,False,Manager Approval,,
P2P-000456,1.0,0,True,,,
P2P-000457,0.8666666666666667,2,False,,Invoice Blocked | Invoice Corrected,
P2P-000458,0.8666666666666667,2,False,,Invoice Blocked | Invoice Corrected,
P2P-000459,0.7647058823529411,4,False,,Corrected Invoice Received | Duplicate Check Failed | Invoice Rejected,Invoice Duplicate Check
P2P-000460,0.8125,3,False,,Payment Rejected,Invoice Matched | Payment Authorized
P2P-000461,0.8666666666666667,2,False,,Invoice Blocked | Invoice Corrected,
P2P-000462,1.0,0,True,,,
P2P-000463,0.7857142857142857,3,False,,Three-Way Match Failed,
P2P-000464,0.7857142857142857,3,False,,Three-Way Match Failed,
P2P-000465,0.8666666666666667,2,False,,Request Reworked,Manager Approval
P2P-000466,0.7857142857142857,3,False,,Three-Way Match Failed,
P2P-000467,0.8666666666666667,2,False,,Invoice Blocked | Invoice Corrected,
P2P-000468,1.0,0,True,,,
P2P-000469,0.9230769230769231,1,False,Manager Approval,,
P2P-000470,0.8666666666666667,2,False,,Request Reworked,Manager Approval
P2P-000471,0.7647058823529411,4,False,,Corrected Invoice Received | Duplicate Check Failed | Invoice Rejected,Invoice Duplicate Check
P2P-000472,1.0,0,True,,,
P2P-000473,0.8,3,False,,Delivery Delayed | Three-Way Match Failed,
P2P-000474,0.8461538461538461,2,False,Manager Approval,Delivery Delayed,
P2P-000475,1.0,0,True,,,
P2P-000476,0.8666666666666667,2,False,,Request Reworked,Manager Approval
P2P-000477,1.0,0,True,,,
P2P-000478,0.8666666666666667,2,False,,Invoice Blocked | Invoice Corrected,
P2P-000479,1.0,0,True,,,
P2P-000480,1.0,0,True,,,
P2P-000481,0.7857142857142857,3,False,,Three-Way Match Failed,
P2P-000482,0.8461538461538461,2,False,Manager Approval,Delivery Delayed,
P2P-000483,0.9230769230769231,1,False,Manager Approval,,
P2P-000484,0.8125,3,False,,Payment Rejected,Invoice Matched | Payment Authorized
P2P-000485,0.8125,3,False,,Payment Rejected,Invoice Matched | Payment Authorized
P2P-000486,0.9285714285714286,1,False,,Delivery Delayed,
P2P-000487,1.0,0,True,,,
P2P-000488,0.8666666666666667,2,False,,Invoice Blocked | Invoice Corrected,
P2P-000489,1.0,0,True,,,
P2P-000490,0.8461538461538461,2,False,Manager Approval,Delivery Delayed,
P2P-000491,0.8666666666666667,2,False,,Invoice Blocked | Invoice Corrected,
P2P-000492,1.0,0,True,,,
P2P-000493,1.0,0,True,,,
P2P-000494,0.9230769230769231,1,False,Manager Approval,,
P2P-000495,0.8666666666666667,2,False,,Invoice Blocked | Invoice Corrected,
P2P-000496,1.0,0,True,,,
P2P-000497,1.0,0,True,,,
P2P-000498,0.8666666666666667,2,False,,Invoice Blocked | Invoice Corrected,
P2P-000499,1.0,0,True,,,
P2P-000500,0.9230769230769231,1,False,Manager Approval,,
P2P-000501,0.9230769230769231,1,False,Manager Approval,,
P2P-000502,1.0,0,True,,,
P2P-000503,1.0,0,True,,,
P2P-000504,0.8125,3,False,,Payment Rejected,Invoice Matched | Payment Authorized
P2P-000505,0.9230769230769231,1,False,Manager Approval,,
P2P-000506,1.0,0,True,,,
P2P-000507,1.0,0,True,,,
P2P-000508,1.0,0,True,,,
P2P-000509,1.0,0,True,,,
P2P-000510,1.0,0,True,,,
P2P-000511,1.0,0,True,,,
P2P-000512,1.0,0,True,,,
P2P-000513,0.8125,3,False,,Delivery Delayed | Request Reworked,Manager Approval
P2P-000514,1.0,0,True,,,
P2P-000515,0.8666666666666667,2,False,,Request Reworked,Manager Approval
P2P-000516,1.0,0,True,,,
P2P-000517,1.0,0,True,,,
P2P-000518,0.7857142857142857,3,False,,Three-Way Match Failed,
P2P-000519,1.0,0,True,,,
P2P-000520,0.8666666666666667,2,False,,Request Reworked,Manager Approval
P2P-000521,1.0,0,True,,,
P2P-000522,0.9230769230769231,1,False,Manager Approval,,
P2P-000523,1.0,0,True,,,
P2P-000524,0.8461538461538461,2,False,Manager Approval,Delivery Delayed,
P2P-000525,0.8666666666666667,2,False,,Request Reworked,Manager Approval
P2P-000526,1.0,0,True,,,
P2P-000527,0.7857142857142857,3,False,,Three-Way Match Failed,
P2P-000528,0.7647058823529411,4,False,,Corrected Invoice Received | Duplicate Check Failed | Invoice Rejected,Invoice Duplicate Check
P2P-000529,1.0,0,True,,,
P2P-000530,1.0,0,True,,,
P2P-000531,0.8125,3,False,,Delivery Delayed | Request Reworked,Manager Approval
P2P-000532,0.8461538461538461,2,False,Manager Approval,Delivery Delayed,
P2P-000533,1.0,0,True,,,
P2P-000534,1.0,0,True,,,
P2P-000535,0.9230769230769231,1,False,Manager Approval,,
P2P-000536,0.9285714285714286,1,False,,Delivery Delayed,
P2P-000537,0.7857142857142857,3,False,,Three-Way Match Failed,
P2P-000538,0.8666666666666667,2,False,,Request Reworked,Manager Approval
P2P-000539,0.8461538461538461,2,False,Manager Approval,Delivery Delayed,
P2P-000540,0.9230769230769231,1,False,Manager Approval,,
P2P-000541,1.0,0,True,,,
P2P-000542,0.7647058823529411,4,False,,Corrected Invoice Received | Duplicate Check Failed | Invoice Rejected,Invoice Duplicate Check
P2P-000543,0.8666666666666667,2,False,,Request Reworked,Manager Approval
P2P-000544,1.0,0,True,,,
P2P-000545,0.8125,3,False,,Delivery Delayed | Invoice Blocked | Invoice Corrected,
P2P-000546,0.8666666666666667,2,False,,Request Reworked,Manager Approval
P2P-000547,1.0,0,True,,,
P2P-000548,0.9230769230769231,1,False,Manager Approval,,
P2P-000549,1.0,0,True,,,
P2P-000550,1.0,0,True,,,
P2P-000551,0.7857142857142857,3,False,,Three-Way Match Failed,
P2P-000552,1.0,0,True,,,
P2P-000553,0.8125,3,False,,Delivery Delayed | Request Reworked,Manager Approval
P2P-000554,1.0,0,True,,,
P2P-000555,0.9230769230769231,1,False,Manager Approval,,
P2P-000556,1.0,0,True,,,
P2P-000557,0.9230769230769231,1,False,Manager Approval,,
P2P-000558,0.8666666666666667,2,False,,Invoice Blocked | Invoice Corrected,
P2P-000559,0.8125,3,False,,Delivery Delayed | Invoice Blocked | Invoice Corrected,
P2P-000560,1.0,0,True,,,
P2P-000561,0.9230769230769231,1,False,Manager Approval,,
P2P-000562,0.7647058823529411,4,False,,Corrected Invoice Received | Duplicate Check Failed | Invoice Rejected,Invoice Duplicate Check
P2P-000563,0.8125,3,False,,Payment Rejected,Invoice Matched | Payment Authorized
P2P-000564,1.0,0,True,,,
P2P-000565,1.0,0,True,,,
P2P-000566,0.7857142857142857,3,False,,Three-Way Match Failed,
P2P-000567,0.9230769230769231,1,False,Manager Approval,,
P2P-000568,0.9230769230769231,1,False,Manager Approval,,
P2P-000569,1.0,0,True,,,
P2P-000570,0.8666666666666667,2,False,,Invoice Blocked | Invoice Corrected,
P2P-000571,0.7857142857142857,3,False,,Three-Way Match Failed,
P2P-000572,1.0,0,True,,,
P2P-000573,1.0,0,True,,,
P2P-000574,0.8666666666666667,2,False,,Invoice Blocked | Invoice Corrected,
P2P-000575,0.7647058823529411,4,False,,Corrected Invoice Received | Duplicate Check Failed | Invoice Rejected,Invoice Duplicate Check
P2P-000576,1.0,0,True,,,
P2P-000577,0.7857142857142857,3,False,,Three-Way Match Failed,
P2P-000578,1.0,0,True,,,
P2P-000579,1.0,0,True,,,
P2P-000580,0.8666666666666667,2,False,,Request Reworked,Manager Approval
P2P-000581,0.8666666666666667,2,False,,Invoice Blocked | Invoice Corrected,
P2P-000582,0.7647058823529411,4,False,,Delivery Delayed | Payment Rejected,Invoice Matched | Payment Authorized
P2P-000583,1.0,0,True,,,
P2P-000584,1.0,0,True,,,
P2P-000585,0.8125,3,False,,Payment Rejected,Invoice Matched | Payment Authorized
P2P-000586,0.8666666666666667,2,False,,Request Reworked,Manager Approval
P2P-000587,1.0,0,True,,,
P2P-000588,0.8461538461538461,2,False,Manager Approval,Delivery Delayed,
P2P-000589,1.0,0,True,,,
P2P-000590,0.9285714285714286,1,False,,Delivery Delayed,
P2P-000591,0.8125,3,False,,Delivery Delayed | Request Reworked,Manager Approval
P2P-000592,1.0,0,True,,,
P2P-000593,1.0,0,True,,,
P2P-000594,1.0,0,True,,,
P2P-000595,0.8666666666666667,2,False,,Request Reworked,Manager Approval
P2P-000596,0.8666666666666667,2,False,,Request Reworked,Manager Approval
P2P-000597,1.0,0,True,,,
P2P-000598,1.0,0,True,,,
P2P-000599,1.0,0,True,,,
P2P-000600,0.9230769230769231,1,False,Manager Approval,,
P2P-000601,1.0,0,True,,,
P2P-000602,1.0,0,True,,,
P2P-000603,0.8666666666666667,2,False,,Invoice Blocked | Invoice Corrected,
P2P-000604,0.8125,3,False,,Payment Rejected,Invoice Matched | Payment Authorized
P2P-000605,1.0,0,True,,,
P2P-000606,0.8125,3,False,,Delivery Delayed | Invoice Blocked | Invoice Corrected,
P2P-000607,1.0,0,True,,,
P2P-000608,0.8666666666666667,2,False,,Invoice Blocked | Invoice Corrected,
P2P-000609,1.0,0,True,,,
P2P-000610,1.0,0,True,,,
P2P-000611,1.0,0,True,,,
P2P-000612,0.8461538461538461,2,False,Manager Approval,Delivery Delayed,
P2P-000613,1.0,0,True,,,
P2P-000614,1.0,0,True,,,
P2P-000615,0.7222222222222222,5,False,,Corrected Invoice Received | Delivery Delayed | Duplicate Check Failed | Invoice Rejected,Invoice Duplicate Check
P2P-000616,1.0,0,True,,,
P2P-000617,1.0,0,True,,,
P2P-000618,0.7647058823529411,4,False,,Delivery Delayed | Payment Rejected,Invoice Matched | Payment Authorized
P2P-000619,0.8666666666666667,2,False,,Request Reworked,Manager Approval
P2P-000620,1.0,0,True,,,
P2P-000621,0.9230769230769231,1,False,Manager Approval,,
P2P-000622,1.0,0,True,,,
P2P-000623,0.8125,3,False,,Payment Rejected,Invoice Matched | Payment Authorized
P2P-000624,0.7857142857142857,3,False,,Three-Way Match Failed,
P2P-000625,0.8125,3,False,,Delivery Delayed | Request Reworked,Manager Approval
P2P-000626,1.0,0,True,,,
P2P-000627,1.0,0,True,,,
P2P-000628,0.8666666666666667,2,False,,Invoice Blocked | Invoice Corrected,
P2P-000629,1.0,0,True,,,
P2P-000630,0.8666666666666667,2,False,,Invoice Blocked | Invoice Corrected,
P2P-000631,1.0,0,True,,,
P2P-000632,0.9285714285714286,1,False,,Delivery Delayed,
P2P-000633,0.9285714285714286,1,False,,Delivery Delayed,
P2P-000634,1.0,0,True,,,
P2P-000635,0.7647058823529411,4,False,,Corrected Invoice Received | Duplicate Check Failed | Invoice Rejected,Invoice Duplicate Check
P2P-000636,1.0,0,True,,,
P2P-000637,1.0,0,True,,,
P2P-000638,1.0,0,True,,,
P2P-000639,0.8666666666666667,2,False,,Request Reworked,Manager Approval
P2P-000640,0.8125,3,False,,Delivery Delayed | Invoice Blocked | Invoice Corrected,
P2P-000641,1.0,0,True,,,
P2P-000642,0.8666666666666667,2,False,,Invoice Blocked | Invoice Corrected,
P2P-000643,0.7857142857142857,3,False,,Three-Way Match Failed,
P2P-000644,1.0,0,True,,,
P2P-000645,0.8666666666666667,2,False,,Invoice Blocked | Invoice Corrected,
P2P-000646,1.0,0,True,,,
P2P-000647,0.7222222222222222,5,False,,Corrected Invoice Received | Delivery Delayed | Duplicate Check Failed | Invoice Rejected,Invoice Duplicate Check
P2P-000648,0.9230769230769231,1,False,Manager Approval,,
P2P-000649,0.8666666666666667,2,False,,Invoice Blocked | Invoice Corrected,
P2P-000650,1.0,0,True,,,
P2P-000651,0.8666666666666667,2,False,,Request Reworked,Manager Approval
P2P-000652,0.8666666666666667,2,False,,Invoice Blocked | Invoice Corrected,
P2P-000653,0.8666666666666667,2,False,,Request Reworked,Manager Approval
P2P-000654,0.8666666666666667,2,False,,Request Reworked,Manager Approval
P2P-000655,1.0,0,True,,,
P2P-000656,0.9230769230769231,1,False,Manager Approval,,
P2P-000657,0.8666666666666667,2,False,,Request Reworked,Manager Approval
P2P-000658,0.9285714285714286,1,False,,Delivery Delayed,
P2P-000659,0.7647058823529411,4,False,,Corrected Invoice Received | Duplicate Check Failed | Invoice Rejected,Invoice Duplicate Check
P2P-000660,0.9230769230769231,1,False,Manager Approval,,
P2P-000661,0.8666666666666667,2,False,,Invoice Blocked | Invoice Corrected,
P2P-000662,0.8666666666666667,2,False,,Request Reworked,Manager Approval
P2P-000663,1.0,0,True,,,
P2P-000664,1.0,0,True,,,
P2P-000665,0.7647058823529411,4,False,,Corrected Invoice Received | Duplicate Check Failed | Invoice Rejected,Invoice Duplicate Check
P2P-000666,0.8,3,False,,Delivery Delayed | Three-Way Match Failed,
P2P-000667,0.8666666666666667,2,False,,Invoice Blocked | Invoice Corrected,
P2P-000668,0.8666666666666667,2,False,,Invoice Blocked | Invoice Corrected,
P2P-000669,0.8666666666666667,2,False,,Invoice Blocked | Invoice Corrected,
P2P-000670,1.0,0,True,,,
P2P-000671,1.0,0,True,,,
P2P-000672,0.8125,3,False,,Delivery Delayed | Request Reworked,Manager Approval
P2P-000673,0.7222222222222222,5,False,,Corrected Invoice Received | Delivery Delayed | Duplicate Check Failed | Invoice Rejected,Invoice Duplicate Check
P2P-000674,0.9230769230769231,1,False,Manager Approval,,
P2P-000675,0.9285714285714286,1,False,,Delivery Delayed,
P2P-000676,0.7857142857142857,3,False,,Three-Way Match Failed,
P2P-000677,1.0,0,True,,,
P2P-000678,1.0,0,True,,,
P2P-000679,0.7647058823529411,4,False,,Corrected Invoice Received | Duplicate Check Failed | Invoice Rejected,Invoice Duplicate Check
P2P-000680,0.7647058823529411,4,False,,Delivery Delayed | Payment Rejected,Invoice Matched | Payment Authorized
P2P-000681,1.0,0,True,,,
P2P-000682,1.0,0,True,,,
P2P-000683,0.8461538461538461,2,False,Manager Approval,Delivery Delayed,
P2P-000684,0.9285714285714286,1,False,,Delivery Delayed,
P2P-000685,0.8125,3,False,,Delivery Delayed | Request Reworked,Manager Approval
P2P-000686,0.8666666666666667,2,False,,Invoice Blocked | Invoice Corrected,
P2P-000687,0.9285714285714286,1,False,,Delivery Delayed,
P2P-000688,0.7857142857142857,3,False,,Three-Way Match Failed,
P2P-000689,0.9230769230769231,1,False,Manager Approval,,
P2P-000690,1.0,0,True,,,
P2P-000691,0.8666666666666667,2,False,,Invoice Blocked | Invoice Corrected,
P2P-000692,0.7647058823529411,4,False,,Corrected Invoice Received | Duplicate Check Failed | Invoice Rejected,Invoice Duplicate Check
P2P-000693,0.8666666666666667,2,False,,Invoice Blocked | Invoice Corrected,
P2P-000694,0.7647058823529411,4,False,,Corrected Invoice Received | Duplicate Check Failed | Invoice Rejected,Invoice Duplicate Check
P2P-000695,1.0,0,True,,,
P2P-000696,0.9285714285714286,1,False,,Delivery Delayed,
P2P-000697,1.0,0,True,,,
P2P-000698,1.0,0,True,,,
P2P-000699,1.0,0,True,,,
P2P-000700,1.0,0,True,,,
P2P-000701,1.0,0,True,,,
P2P-000702,1.0,0,True,,,
P2P-000703,0.8125,3,False,,Delivery Delayed | Request Reworked,Manager Approval
P2P-000704,1.0,0,True,,,
P2P-000705,0.9285714285714286,1,False,,Delivery Delayed,
P2P-000706,0.9230769230769231,1,False,Manager Approval,,
P2P-000707,0.8125,3,False,,Payment Rejected,Invoice Matched | Payment Authorized
P2P-000708,0.7647058823529411,4,False,,Corrected Invoice Received | Duplicate Check Failed | Invoice Rejected,Invoice Duplicate Check
P2P-000709,0.9230769230769231,1,False,Manager Approval,,
P2P-000710,1.0,0,True,,,
P2P-000711,0.9285714285714286,1,False,,Delivery Delayed,
P2P-000712,0.9230769230769231,1,False,Manager Approval,,
P2P-000713,0.9230769230769231,1,False,Manager Approval,,
P2P-000714,1.0,0,True,,,
P2P-000715,0.9230769230769231,1,False,Manager Approval,,
P2P-000716,0.8666666666666667,2,False,,Request Reworked,Manager Approval
P2P-000717,0.8666666666666667,2,False,,Invoice Blocked | Invoice Corrected,
P2P-000718,0.8666666666666667,2,False,,Request Reworked,Manager Approval
P2P-000719,1.0,0,True,,,
P2P-000720,1.0,0,True,,,
P2P-000721,0.8125,3,False,,Payment Rejected,Invoice Matched | Payment Authorized
P2P-000722,0.8666666666666667,2,False,,Invoice Blocked | Invoice Corrected,
P2P-000723,1.0,0,True,,,
P2P-000724,0.7857142857142857,3,False,,Three-Way Match Failed,
P2P-000725,1.0,0,True,,,
P2P-000726,0.8125,3,False,,Payment Rejected,Invoice Matched | Payment Authorized
P2P-000727,0.9230769230769231,1,False,Manager Approval,,
P2P-000728,1.0,0,True,,,
P2P-000729,0.8666666666666667,2,False,,Request Reworked,Manager Approval
P2P-000730,1.0,0,True,,,
P2P-000731,0.9285714285714286,1,False,,Delivery Delayed,
P2P-000732,1.0,0,True,,,
P2P-000733,0.9285714285714286,1,False,,Delivery Delayed,
P2P-000734,1.0,0,True,,,
P2P-000735,1.0,0,True,,,
P2P-000736,0.8666666666666667,2,False,,Invoice Blocked | Invoice Corrected,
P2P-000737,1.0,0,True,,,
P2P-000738,1.0,0,True,,,
P2P-000739,0.8666666666666667,2,False,,Request Reworked,Manager Approval
P2P-000740,0.7647058823529411,4,False,,Corrected Invoice Received | Duplicate Check Failed | Invoice Rejected,Invoice Duplicate Check
P2P-000741,1.0,0,True,,,
P2P-000742,0.7857142857142857,3,False,,Three-Way Match Failed,
P2P-000743,0.9230769230769231,1,False,Manager Approval,,
P2P-000744,0.9230769230769231,1,False,Manager Approval,,
P2P-000745,0.7857142857142857,3,False,,Three-Way Match Failed,
P2P-000746,0.8125,3,False,,Delivery Delayed | Request Reworked,Manager Approval
P2P-000747,1.0,0,True,,,
P2P-000748,1.0,0,True,,,
P2P-000749,0.9230769230769231,1,False,Manager Approval,,
P2P-000750,0.7647058823529411,4,False,,Corrected Invoice Received | Duplicate Check Failed | Invoice Rejected,Invoice Duplicate Check
P2P-000751,0.8666666666666667,2,False,,Request Reworked,Manager Approval
P2P-000752,0.8666666666666667,2,False,,Invoice Blocked | Invoice Corrected,
P2P-000753,0.8666666666666667,2,False,,Request Reworked,Manager Approval
P2P-000754,1.0,0,True,,,
P2P-000755,1.0,0,True,,,
P2P-000756,0.8666666666666667,2,False,,Request Reworked,Manager Approval
P2P-000757,0.9285714285714286,1,False,,Delivery Delayed,
P2P-000758,1.0,0,True,,,
P2P-000759,0.9285714285714286,1,False,,Delivery Delayed,
P2P-000760,0.8666666666666667,2,False,,Invoice Blocked | Invoice Corrected,
P2P-000761,0.7857142857142857,3,False,,Three-Way Match Failed,
P2P-000762,1.0,0,True,,,
P2P-000763,0.8666666666666667,2,False,,Invoice Blocked | Invoice Corrected,
P2P-000764,1.0,0,True,,,
P2P-000765,1.0,0,True,,,
P2P-000766,1.0,0,True,,,
P2P-000767,1.0,0,True,,,
P2P-000768,1.0,0,True,,,
P2P-000769,0.8461538461538461,2,False,Manager Approval,Delivery Delayed,
P2P-000770,0.8666666666666667,2,False,,Invoice Blocked | Invoice Corrected,
P2P-000771,0.8666666666666667,2,False,,Request Reworked,Manager Approval
P2P-000772,1.0,0,True,,,
P2P-000773,0.7647058823529411,4,False,,Corrected Invoice Received | Duplicate Check Failed | Invoice Rejected,Invoice Duplicate Check
P2P-000774,0.7857142857142857,3,False,,Three-Way Match Failed,
P2P-000775,0.8125,3,False,,Payment Rejected,Invoice Matched | Payment Authorized
P2P-000776,1.0,0,True,,,
P2P-000777,0.9230769230769231,1,False,Manager Approval,,
P2P-000778,0.8125,3,False,,Delivery Delayed | Request Reworked,Manager Approval
P2P-000779,0.7857142857142857,3,False,,Three-Way Match Failed,
P2P-000780,0.7647058823529411,4,False,,Corrected Invoice Received | Duplicate Check Failed | Invoice Rejected,Invoice Duplicate Check
P2P-000781,1.0,0,True,,,
P2P-000782,0.7647058823529411,4,False,,Corrected Invoice Received | Duplicate Check Failed | Invoice Rejected,Invoice Duplicate Check
P2P-000783,1.0,0,True,,,
P2P-000784,1.0,0,True,,,
P2P-000785,1.0,0,True,,,
P2P-000786,1.0,0,True,,,
P2P-000787,0.8125,3,False,,Delivery Delayed | Request Reworked,Manager Approval
P2P-000788,0.8666666666666667,2,False,,Invoice Blocked | Invoice Corrected,
P2P-000789,0.8125,3,False,,Payment Rejected,Invoice Matched | Payment Authorized
P2P-000790,0.9230769230769231,1,False,Manager Approval,,
P2P-000791,0.7647058823529411,4,False,,Corrected Invoice Received | Duplicate Check Failed | Invoice Rejected,Invoice Duplicate Check
P2P-000792,0.8125,3,False,,Payment Rejected,Invoice Matched | Payment Authorized
P2P-000793,1.0,0,True,,,
P2P-000794,1.0,0,True,,,
P2P-000795,0.9230769230769231,1,False,Manager Approval,,
P2P-000796,0.9230769230769231,1,False,Manager Approval,,
P2P-000797,0.8666666666666667,2,False,,Request Reworked,Manager Approval
P2P-000798,1.0,0,True,,,
P2P-000799,0.7647058823529411,4,False,,Corrected Invoice Received | Duplicate Check Failed | Invoice Rejected,Invoice Duplicate Check
P2P-000800,0.7647058823529411,4,False,,Corrected Invoice Received | Duplicate Check Failed | Invoice Rejected,Invoice Duplicate Check
P2P-000801,0.9230769230769231,1,False,Manager Approval,,
P2P-000802,1.0,0,True,,,
P2P-000803,0.7857142857142857,3,False,,Three-Way Match Failed,
P2P-000804,1.0,0,True,,,
P2P-000805,1.0,0,True,,,
P2P-000806,1.0,0,True,,,
P2P-000807,0.8666666666666667,2,False,,Request Reworked,Manager Approval
P2P-000808,0.9230769230769231,1,False,Manager Approval,,
P2P-000809,0.9230769230769231,1,False,Manager Approval,,
P2P-000810,0.9285714285714286,1,False,,Delivery Delayed,
P2P-000811,0.8666666666666667,2,False,,Request Reworked,Manager Approval
P2P-000812,1.0,0,True,,,
P2P-000813,0.8666666666666667,2,False,,Request Reworked,Manager Approval
P2P-000814,0.7857142857142857,3,False,,Three-Way Match Failed,
P2P-000815,0.8666666666666667,2,False,,Request Reworked,Manager Approval
P2P-000816,1.0,0,True,,,
P2P-000817,0.8666666666666667,2,False,,Invoice Blocked | Invoice Corrected,
P2P-000818,0.9230769230769231,1,False,Manager Approval,,
P2P-000819,0.7647058823529411,4,False,,Corrected Invoice Received | Duplicate Check Failed | Invoice Rejected,Invoice Duplicate Check
P2P-000820,0.7857142857142857,3,False,,Three-Way Match Failed,
P2P-000821,1.0,0,True,,,
P2P-000822,0.8666666666666667,2,False,,Request Reworked,Manager Approval
P2P-000823,1.0,0,True,,,
P2P-000824,1.0,0,True,,,
P2P-000825,1.0,0,True,,,
P2P-000826,0.9230769230769231,1,False,Manager Approval,,
P2P-000827,1.0,0,True,,,
P2P-000828,1.0,0,True,,,
P2P-000829,0.8666666666666667,2,False,,Invoice Blocked | Invoice Corrected,
P2P-000830,0.9285714285714286,1,False,,Delivery Delayed,
P2P-000831,0.8461538461538461,2,False,Manager Approval,Delivery Delayed,
P2P-000832,0.8461538461538461,2,False,Manager Approval,Delivery Delayed,
P2P-000833,1.0,0,True,,,
P2P-000834,1.0,0,True,,,
P2P-000835,0.8666666666666667,2,False,,Request Reworked,Manager Approval
P2P-000836,0.8666666666666667,2,False,,Invoice Blocked | Invoice Corrected,
P2P-000837,0.9285714285714286,1,False,,Delivery Delayed,
P2P-000838,1.0,0,True,,,
P2P-000839,0.8666666666666667,2,False,,Invoice Blocked | Invoice Corrected,
P2P-000840,0.9285714285714286,1,False,,Delivery Delayed,
P2P-000841,0.9285714285714286,1,False,,Delivery Delayed,
P2P-000842,0.9230769230769231,1,False,Manager Approval,,
P2P-000843,0.9230769230769231,1,False,Manager Approval,,
P2P-000844,1.0,0,True,,,
P2P-000845,0.8125,3,False,,Payment Rejected,Invoice Matched | Payment Authorized
P2P-000846,0.9230769230769231,1,False,Manager Approval,,
P2P-000847,0.7647058823529411,4,False,,Corrected Invoice Received | Duplicate Check Failed | Invoice Rejected,Invoice Duplicate Check
P2P-000848,1.0,0,True,,,
P2P-000849,0.8666666666666667,2,False,,Invoice Blocked | Invoice Corrected,
P2P-000850,1.0,0,True,,,
P2P-000851,1.0,0,True,,,
P2P-000852,1.0,0,True,,,
P2P-000853,1.0,0,True,,,
P2P-000854,0.8125,3,False,,Payment Rejected,Invoice Matched | Payment Authorized
P2P-000855,0.8666666666666667,2,False,,Request Reworked,Manager Approval
P2P-000856,1.0,0,True,,,
P2P-000857,0.9230769230769231,1,False,Manager Approval,,
P2P-000858,0.8125,3,False,,Delivery Delayed | Request Reworked,Manager Approval
P2P-000859,0.7857142857142857,3,False,,Three-Way Match Failed,
P2P-000860,1.0,0,True,,,
P2P-000861,0.8125,3,False,,Payment Rejected,Invoice Matched | Payment Authorized
P2P-000862,1.0,0,True,,,
P2P-000863,0.8461538461538461,2,False,Manager Approval,Delivery Delayed,
P2P-000864,1.0,0,True,,,
P2P-000865,0.9230769230769231,1,False,Manager Approval,,
P2P-000866,0.8461538461538461,2,False,Manager Approval,Delivery Delayed,
P2P-000867,1.0,0,True,,,
P2P-000868,0.8666666666666667,2,False,,Invoice Blocked | Invoice Corrected,
P2P-000869,0.8666666666666667,2,False,,Request Reworked,Manager Approval
P2P-000870,0.9285714285714286,1,False,,Delivery Delayed,
P2P-000871,1.0,0,True,,,
P2P-000872,0.9285714285714286,1,False,,Delivery Delayed,
P2P-000873,0.8666666666666667,2,False,,Request Reworked,Manager Approval
P2P-000874,0.8666666666666667,2,False,,Invoice Blocked | Invoice Corrected,
P2P-000875,1.0,0,True,,,
P2P-000876,0.8125,3,False,,Payment Rejected,Invoice Matched | Payment Authorized
P2P-000877,1.0,0,True,,,
P2P-000878,0.7647058823529411,4,False,,Delivery Delayed | Payment Rejected,Invoice Matched | Payment Authorized
P2P-000879,0.9230769230769231,1,False,Manager Approval,,
P2P-000880,0.7857142857142857,3,False,,Three-Way Match Failed,
P2P-000881,0.8125,3,False,,Delivery Delayed | Request Reworked,Manager Approval
P2P-000882,0.8666666666666667,2,False,,Invoice Blocked | Invoice Corrected,
P2P-000883,0.8666666666666667,2,False,,Request Reworked,Manager Approval
P2P-000884,1.0,0,True,,,
P2P-000885,0.9230769230769231,1,False,Manager Approval,,
P2P-000886,0.8125,3,False,,Payment Rejected,Invoice Matched | Payment Authorized
P2P-000887,1.0,0,True,,,
P2P-000888,1.0,0,True,,,
P2P-000889,0.7857142857142857,3,False,,Three-Way Match Failed,
P2P-000890,0.8666666666666667,2,False,,Invoice Blocked | Invoice Corrected,
P2P-000891,1.0,0,True,,,
P2P-000892,1.0,0,True,,,
P2P-000893,1.0,0,True,,,
P2P-000894,1.0,0,True,,,
P2P-000895,1.0,0,True,,,
P2P-000896,0.9230769230769231,1,False,Manager Approval,,
P2P-000897,0.8666666666666667,2,False,,Invoice Blocked | Invoice Corrected,
P2P-000898,0.8666666666666667,2,False,,Invoice Blocked | Invoice Corrected,
P2P-000899,0.9230769230769231,1,False,Manager Approval,,
P2P-000900,0.9230769230769231,1,False,Manager Approval,,
P2P-000901,0.9230769230769231,1,False,Manager Approval,,
P2P-000902,0.8666666666666667,2,False,,Invoice Blocked | Invoice Corrected,
P2P-000903,1.0,0,True,,,
P2P-000904,0.9285714285714286,1,False,,Delivery Delayed,
P2P-000905,0.8666666666666667,2,False,,Request Reworked,Manager Approval
P2P-000906,1.0,0,True,,,
P2P-000907,1.0,0,True,,,
P2P-000908,1.0,0,True,,,
P2P-000909,0.8666666666666667,2,False,,Invoice Blocked | Invoice Corrected,
P2P-000910,1.0,0,True,,,
P2P-000911,1.0,0,True,,,
P2P-000912,1.0,0,True,,,
P2P-000913,0.8125,3,False,,Payment Rejected,Invoice Matched | Payment Authorized
P2P-000914,0.8125,3,False,,Delivery Delayed | Request Reworked,Manager Approval
P2P-000915,1.0,0,True,,,
P2P-000916,0.9230769230769231,1,False,Manager Approval,,
P2P-000917,1.0,0,True,,,
P2P-000918,0.9230769230769231,1,False,Manager Approval,,
P2P-000919,0.9285714285714286,1,False,,Delivery Delayed,
P2P-000920,0.7857142857142857,3,False,,Three-Way Match Failed,
P2P-000921,1.0,0,True,,,
P2P-000922,0.8666666666666667,2,False,,Invoice Blocked | Invoice Corrected,
P2P-000923,1.0,0,True,,,
P2P-000924,1.0,0,True,,,
P2P-000925,0.9285714285714286,1,False,,Delivery Delayed,
P2P-000926,0.8666666666666667,2,False,,Invoice Blocked | Invoice Corrected,
P2P-000927,0.8125,3,False,,Payment Rejected,Invoice Matched | Payment Authorized
P2P-000928,1.0,0,True,,,
P2P-000929,1.0,0,True,,,
P2P-000930,0.8461538461538461,2,False,Manager Approval,Delivery Delayed,
P2P-000931,0.8666666666666667,2,False,,Request Reworked,Manager Approval
P2P-000932,0.8666666666666667,2,False,,Request Reworked,Manager Approval
P2P-000933,0.9230769230769231,1,False,Manager Approval,,
P2P-000934,0.9230769230769231,1,False,Manager Approval,,
P2P-000935,1.0,0,True,,,
P2P-000936,0.9230769230769231,1,False,Manager Approval,,
P2P-000937,1.0,0,True,,,
P2P-000938,0.9230769230769231,1,False,Manager Approval,,
P2P-000939,1.0,0,True,,,
P2P-000940,1.0,0,True,,,
P2P-000941,1.0,0,True,,,
P2P-000942,1.0,0,True,,,
P2P-000943,1.0,0,True,,,
P2P-000944,0.9230769230769231,1,False,Manager Approval,,
P2P-000945,1.0,0,True,,,
P2P-000946,0.8666666666666667,2,False,,Invoice Blocked | Invoice Corrected,
P2P-000947,0.9230769230769231,1,False,Manager Approval,,
P2P-000948,1.0,0,True,,,
P2P-000949,1.0,0,True,,,
P2P-000950,1.0,0,True,,,
P2P-000951,1.0,0,True,,,
P2P-000952,0.8666666666666667,2,False,,Request Reworked,Manager Approval
P2P-000953,0.8666666666666667,2,False,,Request Reworked,Manager Approval
P2P-000954,1.0,0,True,,,
P2P-000955,0.8666666666666667,2,False,,Request Reworked,Manager Approval
P2P-000956,0.8125,3,False,,Delivery Delayed | Request Reworked,Manager Approval
P2P-000957,0.8125,3,False,,Payment Rejected,Invoice Matched | Payment Authorized
P2P-000958,0.8666666666666667,2,False,,Request Reworked,Manager Approval
P2P-000959,0.7647058823529411,4,False,,Corrected Invoice Received | Duplicate Check Failed | Invoice Rejected,Invoice Duplicate Check
P2P-000960,0.8666666666666667,2,False,,Request Reworked,Manager Approval
P2P-000961,1.0,0,True,,,
P2P-000962,0.9285714285714286,1,False,,Delivery Delayed,
P2P-000963,0.7857142857142857,3,False,,Three-Way Match Failed,
P2P-000964,0.9230769230769231,1,False,Manager Approval,,
P2P-000965,0.7647058823529411,4,False,,Corrected Invoice Received | Duplicate Check Failed | Invoice Rejected,Invoice Duplicate Check
P2P-000966,1.0,0,True,,,
P2P-000967,1.0,0,True,,,
P2P-000968,0.7647058823529411,4,False,,Corrected Invoice Received | Duplicate Check Failed | Invoice Rejected,Invoice Duplicate Check
P2P-000969,0.7647058823529411,4,False,,Delivery Delayed | Payment Rejected,Invoice Matched | Payment Authorized
P2P-000970,0.8666666666666667,2,False,,Request Reworked,Manager Approval
P2P-000971,1.0,0,True,,,
P2P-000972,1.0,0,True,,,
P2P-000973,0.8666666666666667,2,False,,Request Reworked,Manager Approval
P2P-000974,0.9285714285714286,1,False,,Delivery Delayed,
P2P-000975,0.8666666666666667,2,False,,Request Reworked,Manager Approval
P2P-000976,0.8666666666666667,2,False,,Invoice Blocked | Invoice Corrected,
P2P-000977,1.0,0,True,,,
P2P-000978,0.8125,3,False,,Payment Rejected,Invoice Matched | Payment Authorized
P2P-000979,1.0,0,True,,,
P2P-000980,1.0,0,True,,,
P2P-000981,0.9285714285714286,1,False,,Delivery Delayed,
P2P-000982,1.0,0,True,,,
P2P-000983,0.8125,3,False,,Payment Rejected,Invoice Matched | Payment Authorized
P2P-000984,1.0,0,True,,,
P2P-000985,0.9285714285714286,1,False,,Delivery Delayed,
P2P-000986,1.0,0,True,,,
P2P-000987,1.0,0,True,,,
P2P-000988,1.0,0,True,,,
P2P-000989,0.9230769230769231,1,False,Manager Approval,,
P2P-000990,1.0,0,True,,,
P2P-000991,1.0,0,True,,,
P2P-000992,0.9285714285714286,1,False,,Delivery Delayed,
P2P-000993,0.8125,3,False,,Payment Rejected,Invoice Matched | Payment Authorized
P2P-000994,0.9285714285714286,1,False,,Delivery Delayed,
P2P-000995,1.0,0,True,,,
P2P-000996,0.7857142857142857,3,False,,Three-Way Match Failed,
P2P-000997,0.8666666666666667,2,False,,Invoice Blocked | Invoice Corrected,
P2P-000998,1.0,0,True,,,
P2P-000999,1.0,0,True,,,
P2P-001000,0.9285714285714286,1,False,,Delivery Delayed,
P2P-001001,1.0,0,True,,,
P2P-001002,0.8461538461538461,2,False,Manager Approval,Delivery Delayed,
P2P-001003,1.0,0,True,,,
P2P-001004,1.0,0,True,,,
P2P-001005,1.0,0,True,,,
P2P-001006,0.9230769230769231,1,False,Manager Approval,,
P2P-001007,0.8666666666666667,2,False,,Invoice Blocked | Invoice Corrected,
P2P-001008,1.0,0,True,,,
P2P-001009,0.9285714285714286,1,False,,Delivery Delayed,
P2P-001010,0.7222222222222222,5,False,,Corrected Invoice Received | Delivery Delayed | Duplicate Check Failed | Invoice Rejected,Invoice Duplicate Check
P2P-001011,1.0,0,True,,,
P2P-001012,0.7647058823529411,4,False,,Corrected Invoice Received | Duplicate Check Failed | Invoice Rejected,Invoice Duplicate Check
P2P-001013,0.8125,3,False,,Payment Rejected,Invoice Matched | Payment Authorized
P2P-001014,1.0,0,True,,,
P2P-001015,0.8666666666666667,2,False,,Request Reworked,Manager Approval
P2P-001016,1.0,0,True,,,
P2P-001017,1.0,0,True,,,
P2P-001018,0.8666666666666667,2,False,,Request Reworked,Manager Approval
P2P-001019,1.0,0,True,,,
P2P-001020,1.0,0,True,,,
P2P-001021,1.0,0,True,,,
P2P-001022,1.0,0,True,,,
P2P-001023,0.9230769230769231,1,False,Manager Approval,,
P2P-001024,0.8666666666666667,2,False,,Request Reworked,Manager Approval
P2P-001025,1.0,0,True,,,
P2P-001026,1.0,0,True,,,
P2P-001027,1.0,0,True,,,
P2P-001028,1.0,0,True,,,
P2P-001029,1.0,0,True,,,
P2P-001030,1.0,0,True,,,
P2P-001031,0.8125,3,False,,Payment Rejected,Invoice Matched | Payment Authorized
P2P-001032,0.8125,3,False,,Payment Rejected,Invoice Matched | Payment Authorized
P2P-001033,1.0,0,True,,,
P2P-001034,0.8125,3,False,,Payment Rejected,Invoice Matched | Payment Authorized
P2P-001035,0.8125,3,False,,Delivery Delayed | Invoice Blocked | Invoice Corrected,
P2P-001036,0.8125,3,False,,Payment Rejected,Invoice Matched | Payment Authorized
P2P-001037,0.8666666666666667,2,False,,Invoice Blocked | Invoice Corrected,
P2P-001038,0.8666666666666667,2,False,,Request Reworked,Manager Approval
P2P-001039,0.7647058823529411,4,False,,Corrected Invoice Received | Duplicate Check Failed | Invoice Rejected,Invoice Duplicate Check
P2P-001040,1.0,0,True,,,
P2P-001041,0.8666666666666667,2,False,,Invoice Blocked | Invoice Corrected,
P2P-001042,1.0,0,True,,,
P2P-001043,0.9230769230769231,1,False,Manager Approval,,
P2P-001044,1.0,0,True,,,
P2P-001045,0.8125,3,False,,Payment Rejected,Invoice Matched | Payment Authorized
P2P-001046,1.0,0,True,,,
P2P-001047,0.9230769230769231,1,False,Manager Approval,,
P2P-001048,0.9230769230769231,1,False,Manager Approval,,
P2P-001049,0.8666666666666667,2,False,,Invoice Blocked | Invoice Corrected,
P2P-001050,0.8666666666666667,2,False,,Request Reworked,Manager Approval
P2P-001051,0.9285714285714286,1,False,,Delivery Delayed,
P2P-001052,1.0,0,True,,,
P2P-001053,1.0,0,True,,,
P2P-001054,0.8666666666666667,2,False,,Request Reworked,Manager Approval
P2P-001055,0.7647058823529411,4,False,,Corrected Invoice Received | Duplicate Check Failed | Invoice Rejected,Invoice Duplicate Check
P2P-001056,1.0,0,True,,,
P2P-001057,0.7647058823529411,4,False,,Corrected Invoice Received | Duplicate Check Failed | Invoice Rejected,Invoice Duplicate Check
P2P-001058,1.0,0,True,,,
P2P-001059,1.0,0,True,,,
P2P-001060,0.8125,3,False,,Payment Rejected,Invoice Matched | Payment Authorized
P2P-001061,0.7647058823529411,4,False,,Corrected Invoice Received | Duplicate Check Failed | Invoice Rejected,Invoice Duplicate Check
P2P-001062,0.8666666666666667,2,False,,Request Reworked,Manager Approval
P2P-001063,1.0,0,True,,,
P2P-001064,0.7857142857142857,3,False,,Three-Way Match Failed,
P2P-001065,1.0,0,True,,,
P2P-001066,0.9230769230769231,1,False,Manager Approval,,
P2P-001067,0.8125,3,False,,Delivery Delayed | Invoice Blocked | Invoice Corrected,
P2P-001068,0.8666666666666667,2,False,,Invoice Blocked | Invoice Corrected,
P2P-001069,0.8125,3,False,,Payment Rejected,Invoice Matched | Payment Authorized
P2P-001070,1.0,0,True,,,
P2P-001071,1.0,0,True,,,
P2P-001072,0.9230769230769231,1,False,Manager Approval,,
P2P-001073,0.7647058823529411,4,False,,Delivery Delayed | Payment Rejected,Invoice Matched | Payment Authorized
P2P-001074,0.8666666666666667,2,False,,Request Reworked,Manager Approval
P2P-001075,0.8666666666666667,2,False,,Invoice Blocked | Invoice Corrected,
P2P-001076,0.7857142857142857,3,False,,Three-Way Match Failed,
P2P-001077,0.9285714285714286,1,False,,Delivery Delayed,
P2P-001078,1.0,0,True,,,
P2P-001079,0.9230769230769231,1,False,Manager Approval,,
P2P-001080,0.8461538461538461,2,False,Manager Approval,Delivery Delayed,
P2P-001081,1.0,0,True,,,
P2P-001082,0.8666666666666667,2,False,,Invoice Blocked | Invoice Corrected,
P2P-001083,0.9230769230769231,1,False,Manager Approval,,
P2P-001084,1.0,0,True,,,
P2P-001085,1.0,0,True,,,
P2P-001086,1.0,0,True,,,
P2P-001087,0.9230769230769231,1,False,Manager Approval,,
P2P-001088,1.0,0,True,,,
P2P-001089,0.8666666666666667,2,False,,Request Reworked,Manager Approval
P2P-001090,0.9230769230769231,1,False,Manager Approval,,
P2P-001091,0.8666666666666667,2,False,,Request Reworked,Manager Approval
P2P-001092,0.8125,3,False,,Payment Rejected,Invoice Matched | Payment Authorized
P2P-001093,0.8666666666666667,2,False,,Invoice Blocked | Invoice Corrected,
P2P-001094,0.8125,3,False,,Delivery Delayed | Request Reworked,Manager Approval
P2P-001095,1.0,0,True,,,
P2P-001096,0.9230769230769231,1,False,Manager Approval,,
P2P-001097,1.0,0,True,,,
P2P-001098,0.8125,3,False,,Payment Rejected,Invoice Matched | Payment Authorized
P2P-001099,0.8666666666666667,2,False,,Request Reworked,Manager Approval
P2P-001100,0.9230769230769231,1,False,Manager Approval,,
P2P-001101,0.8666666666666667,2,False,,Request Reworked,Manager Approval
P2P-001102,0.9285714285714286,1,False,,Delivery Delayed,
P2P-001103,0.9230769230769231,1,False,Manager Approval,,
P2P-001104,1.0,0,True,,,
P2P-001105,0.7857142857142857,3,False,,Three-Way Match Failed,
P2P-001106,1.0,0,True,,,
P2P-001107,0.9230769230769231,1,False,Manager Approval,,
P2P-001108,0.7647058823529411,4,False,,Corrected Invoice Received | Duplicate Check Failed | Invoice Rejected,Invoice Duplicate Check
P2P-001109,0.7647058823529411,4,False,,Corrected Invoice Received | Duplicate Check Failed | Invoice Rejected,Invoice Duplicate Check
P2P-001110,1.0,0,True,,,
P2P-001111,1.0,0,True,,,
P2P-001112,0.9285714285714286,1,False,,Delivery Delayed,
P2P-001113,1.0,0,True,,,
P2P-001114,0.7857142857142857,3,False,,Three-Way Match Failed,
P2P-001115,1.0,0,True,,,
P2P-001116,0.9285714285714286,1,False,,Delivery Delayed,
P2P-001117,1.0,0,True,,,
P2P-001118,0.7647058823529411,4,False,,Corrected Invoice Received | Duplicate Check Failed | Invoice Rejected,Invoice Duplicate Check
P2P-001119,0.8666666666666667,2,False,,Invoice Blocked | Invoice Corrected,
P2P-001120,1.0,0,True,,,
P2P-001121,1.0,0,True,,,
P2P-001122,0.7647058823529411,4,False,,Corrected Invoice Received | Duplicate Check Failed | Invoice Rejected,Invoice Duplicate Check
P2P-001123,0.9230769230769231,1,False,Manager Approval,,
P2P-001124,1.0,0,True,,,
P2P-001125,1.0,0,True,,,
P2P-001126,0.9230769230769231,1,False,Manager Approval,,
P2P-001127,0.8666666666666667,2,False,,Request Reworked,Manager Approval
P2P-001128,1.0,0,True,,,
P2P-001129,1.0,0,True,,,
P2P-001130,1.0,0,True,,,
P2P-001131,1.0,0,True,,,
P2P-001132,0.9230769230769231,1,False,Manager Approval,,
P2P-001133,0.8125,3,False,,Payment Rejected,Invoice Matched | Payment Authorized
P2P-001134,0.9230769230769231,1,False,Manager Approval,,
P2P-001135,0.8666666666666667,2,False,,Invoice Blocked | Invoice Corrected,
P2P-001136,0.9230769230769231,1,False,Manager Approval,,
P2P-001137,1.0,0,True,,,
P2P-001138,1.0,0,True,,,
P2P-001139,0.7857142857142857,3,False,,Three-Way Match Failed,
P2P-001140,0.7647058823529411,4,False,,Corrected Invoice Received | Duplicate Check Failed | Invoice Rejected,Invoice Duplicate Check
P2P-001141,0.8666666666666667,2,False,,Request Reworked,Manager Approval
P2P-001142,1.0,0,True,,,
P2P-001143,0.9285714285714286,1,False,,Delivery Delayed,
P2P-001144,0.8125,3,False,,Payment Rejected,Invoice Matched | Payment Authorized
P2P-001145,0.8666666666666667,2,False,,Invoice Blocked | Invoice Corrected,
P2P-001146,1.0,0,True,,,
P2P-001147,1.0,0,True,,,
P2P-001148,0.9230769230769231,1,False,Manager Approval,,
P2P-001149,0.8666666666666667,2,False,,Request Reworked,Manager Approval
P2P-001150,1.0,0,True,,,
P2P-001151,0.9230769230769231,1,False,Manager Approval,,
P2P-001152,0.7647058823529411,4,False,,Corrected Invoice Received | Duplicate Check Failed | Invoice Rejected,Invoice Duplicate Check
P2P-001153,1.0,0,True,,,
P2P-001154,0.8125,3,False,,Payment Rejected,Invoice Matched | Payment Authorized
P2P-001155,0.9285714285714286,1,False,,Delivery Delayed,
P2P-001156,0.7647058823529411,4,False,,Corrected Invoice Received | Duplicate Check Failed | Invoice Rejected,Invoice Duplicate Check
P2P-001157,1.0,0,True,,,
P2P-001158,1.0,0,True,,,
P2P-001159,0.8666666666666667,2,False,,Request Reworked,Manager Approval
P2P-001160,1.0,0,True,,,
P2P-001161,0.9230769230769231,1,False,Manager Approval,,
P2P-001162,1.0,0,True,,,
P2P-001163,1.0,0,True,,,
P2P-001164,1.0,0,True,,,
P2P-001165,1.0,0,True,,,
P2P-001166,1.0,0,True,,,
P2P-001167,1.0,0,True,,,
P2P-001168,0.9230769230769231,1,False,Manager Approval,,
P2P-001169,1.0,0,True,,,
P2P-001170,1.0,0,True,,,
P2P-001171,1.0,0,True,,,
P2P-001172,0.8666666666666667,2,False,,Request Reworked,Manager Approval
P2P-001173,0.8461538461538461,2,False,Manager Approval,Delivery Delayed,
P2P-001174,1.0,0,True,,,
P2P-001175,0.8,3,False,,Delivery Delayed | Three-Way Match Failed,
P2P-001176,1.0,0,True,,,
P2P-001177,1.0,0,True,,,
P2P-001178,0.8125,3,False,,Delivery Delayed | Request Reworked,Manager Approval
P2P-001179,0.8666666666666667,2,False,,Invoice Blocked | Invoice Corrected,
P2P-001180,0.9230769230769231,1,False,Manager Approval,,
P2P-001181,0.9230769230769231,1,False,Manager Approval,,
P2P-001182,1.0,0,True,,,
P2P-001183,1.0,0,True,,,
P2P-001184,0.9230769230769231,1,False,Manager Approval,,
P2P-001185,1.0,0,True,,,
P2P-001186,1.0,0,True,,,
P2P-001187,0.8666666666666667,2,False,,Request Reworked,Manager Approval
P2P-001188,1.0,0,True,,,
P2P-001189,0.8666666666666667,2,False,,Invoice Blocked | Invoice Corrected,
P2P-001190,1.0,0,True,,,
P2P-001191,0.8666666666666667,2,False,,Request Reworked,Manager Approval
P2P-001192,0.9230769230769231,1,False,Manager Approval,,
P2P-001193,0.8666666666666667,2,False,,Request Reworked,Manager Approval
P2P-001194,1.0,0,True,,,
P2P-001195,0.8125,3,False,,Payment Rejected,Invoice Matched | Payment Authorized
P2P-001196,1.0,0,True,,,
P2P-001197,0.8125,3,False,,Delivery Delayed | Invoice Blocked | Invoice Corrected,
P2P-001198,0.8666666666666667,2,False,,Invoice Blocked | Invoice Corrected,
P2P-001199,0.8666666666666667,2,False,,Request Reworked,Manager Approval
P2P-001200,1.0,0,True,,,
P2P-001201,1.0,0,True,,,
P2P-001202,0.8,3,False,,Delivery Delayed | Three-Way Match Failed,
P2P-001203,0.9230769230769231,1,False,Manager Approval,,
P2P-001204,1.0,0,True,,,
P2P-001205,0.8666666666666667,2,False,,Invoice Blocked | Invoice Corrected,
P2P-001206,1.0,0,True,,,
P2P-001207,0.8461538461538461,2,False,Manager Approval,Delivery Delayed,
P2P-001208,0.9230769230769231,1,False,Manager Approval,,
P2P-001209,1.0,0,True,,,
P2P-001210,0.9230769230769231,1,False,Manager Approval,,
P2P-001211,0.8666666666666667,2,False,,Request Reworked,Manager Approval
P2P-001212,0.8666666666666667,2,False,,Request Reworked,Manager Approval
P2P-001213,0.9230769230769231,1,False,Manager Approval,,
P2P-001214,1.0,0,True,,,
P2P-001215,1.0,0,True,,,
P2P-001216,1.0,0,True,,,
P2P-001217,1.0,0,True,,,
P2P-001218,1.0,0,True,,,
P2P-001219,0.8125,3,False,,Delivery Delayed | Request Reworked,Manager Approval
P2P-001220,0.8461538461538461,2,False,Manager Approval,Delivery Delayed,
P2P-001221,0.7647058823529411,4,False,,Corrected Invoice Received | Duplicate Check Failed | Invoice Rejected,Invoice Duplicate Check
P2P-001222,0.9285714285714286,1,False,,Delivery Delayed,
P2P-001223,1.0,0,True,,,
P2P-001224,0.8666666666666667,2,False,,Request Reworked,Manager Approval
P2P-001225,0.9230769230769231,1,False,Manager Approval,,
P2P-001226,1.0,0,True,,,
P2P-001227,1.0,0,True,,,
P2P-001228,1.0,0,True,,,
P2P-001229,0.8666666666666667,2,False,,Request Reworked,Manager Approval
P2P-001230,0.8666666666666667,2,False,,Request Reworked,Manager Approval
P2P-001231,0.9285714285714286,1,False,,Delivery Delayed,
P2P-001232,1.0,0,True,,,
P2P-001233,0.9230769230769231,1,False,Manager Approval,,
P2P-001234,0.8125,3,False,,Payment Rejected,Invoice Matched | Payment Authorized
P2P-001235,0.8125,3,False,,Payment Rejected,Invoice Matched | Payment Authorized
P2P-001236,0.9285714285714286,1,False,,Delivery Delayed,
P2P-001237,0.8461538461538461,2,False,Manager Approval,Delivery Delayed,
P2P-001238,0.8666666666666667,2,False,,Request Reworked,Manager Approval
P2P-001239,1.0,0,True,,,
P2P-001240,1.0,0,True,,,
P2P-001241,1.0,0,True,,,
P2P-001242,0.9285714285714286,1,False,,Delivery Delayed,
P2P-001243,0.8666666666666667,2,False,,Invoice Blocked | Invoice Corrected,
P2P-001244,1.0,0,True,,,
P2P-001245,0.7647058823529411,4,False,,Delivery Delayed | Payment Rejected,Invoice Matched | Payment Authorized
P2P-001246,1.0,0,True,,,
P2P-001247,0.8125,3,False,,Payment Rejected,Invoice Matched | Payment Authorized
P2P-001248,0.8666666666666667,2,False,,Invoice Blocked | Invoice Corrected,
P2P-001249,1.0,0,True,,,
P2P-001250,1.0,0,True,,,
P2P-001251,1.0,0,True,,,
P2P-001252,0.8,3,False,,Delivery Delayed | Three-Way Match Failed,
P2P-001253,0.9285714285714286,1,False,,Delivery Delayed,
P2P-001254,0.8666666666666667,2,False,,Invoice Blocked | Invoice Corrected,
P2P-001255,0.8666666666666667,2,False,,Request Reworked,Manager Approval
P2P-001256,1.0,0,True,,,
P2P-001257,1.0,0,True,,,
P2P-001258,0.8125,3,False,,Payment Rejected,Invoice Matched | Payment Authorized
P2P-001259,0.8125,3,False,,Payment Rejected,Invoice Matched | Payment Authorized
P2P-001260,0.8666666666666667,2,False,,Invoice Blocked | Invoice Corrected,
P2P-001261,0.8125,3,False,,Payment Rejected,Invoice Matched | Payment Authorized
P2P-001262,0.8125,3,False,,Payment Rejected,Invoice Matched | Payment Authorized
P2P-001263,0.7647058823529411,4,False,,Corrected Invoice Received | Duplicate Check Failed | Invoice Rejected,Invoice Duplicate Check
P2P-001264,1.0,0,True,,,
P2P-001265,1.0,0,True,,,
P2P-001266,0.8666666666666667,2,False,,Invoice Blocked | Invoice Corrected,
P2P-001267,1.0,0,True,,,
P2P-001268,0.8666666666666667,2,False,,Request Reworked,Manager Approval
P2P-001269,0.8666666666666667,2,False,,Invoice Blocked | Invoice Corrected,
P2P-001270,0.8666666666666667,2,False,,Request Reworked,Manager Approval
P2P-001271,1.0,0,True,,,
P2P-001272,0.9285714285714286,1,False,,Delivery Delayed,
P2P-001273,0.9230769230769231,1,False,Manager Approval,,
P2P-001274,0.8125,3,False,,Delivery Delayed | Request Reworked,Manager Approval
P2P-001275,1.0,0,True,,,
P2P-001276,1.0,0,True,,,
P2P-001277,0.7857142857142857,3,False,,Three-Way Match Failed,
P2P-001278,0.7647058823529411,4,False,,Corrected Invoice Received | Duplicate Check Failed | Invoice Rejected,Invoice Duplicate Check
P2P-001279,1.0,0,True,,,
P2P-001280,0.7647058823529411,4,False,,Corrected Invoice Received | Duplicate Check Failed | Invoice Rejected,Invoice Duplicate Check
P2P-001281,1.0,0,True,,,
P2P-001282,1.0,0,True,,,
P2P-001283,1.0,0,True,,,
P2P-001284,1.0,0,True,,,
P2P-001285,0.8666666666666667,2,False,,Invoice Blocked | Invoice Corrected,
P2P-001286,0.7857142857142857,3,False,,Three-Way Match Failed,
P2P-001287,1.0,0,True,,,
P2P-001288,0.8125,3,False,,Delivery Delayed | Request Reworked,Manager Approval
P2P-001289,1.0,0,True,,,
P2P-001290,0.8666666666666667,2,False,,Request Reworked,Manager Approval
P2P-001291,1.0,0,True,,,
P2P-001292,0.8666666666666667,2,False,,Invoice Blocked | Invoice Corrected,
P2P-001293,0.7647058823529411,4,False,,Corrected Invoice Received | Duplicate Check Failed | Invoice Rejected,Invoice Duplicate Check
P2P-001294,1.0,0,True,,,
P2P-001295,1.0,0,True,,,
P2P-001296,0.7857142857142857,3,False,,Three-Way Match Failed,
P2P-001297,0.8666666666666667,2,False,,Request Reworked,Manager Approval
P2P-001298,0.7647058823529411,4,False,,Corrected Invoice Received | Duplicate Check Failed | Invoice Rejected,Invoice Duplicate Check
P2P-001299,0.8125,3,False,,Payment Rejected,Invoice Matched | Payment Authorized
P2P-001300,1.0,0,True,,,
P2P-001301,0.8666666666666667,2,False,,Request Reworked,Manager Approval
P2P-001302,1.0,0,True,,,
P2P-001303,1.0,0,True,,,
P2P-001304,1.0,0,True,,,
P2P-001305,0.9230769230769231,1,False,Manager Approval,,
P2P-001306,1.0,0,True,,,
P2P-001307,0.7857142857142857,3,False,,Three-Way Match Failed,
P2P-001308,0.9230769230769231,1,False,Manager Approval,,
P2P-001309,0.8461538461538461,2,False,Manager Approval,Delivery Delayed,
P2P-001310,0.7857142857142857,3,False,,Three-Way Match Failed,
P2P-001311,0.7857142857142857,3,False,,Three-Way Match Failed,
P2P-001312,1.0,0,True,,,
P2P-001313,1.0,0,True,,,
P2P-001314,1.0,0,True,,,
P2P-001315,0.9230769230769231,1,False,Manager Approval,,
P2P-001316,1.0,0,True,,,
P2P-001317,0.8666666666666667,2,False,,Request Reworked,Manager Approval
P2P-001318,1.0,0,True,,,
P2P-001319,1.0,0,True,,,
P2P-001320,0.9285714285714286,1,False,,Delivery Delayed,
P2P-001321,0.8666666666666667,2,False,,Request Reworked,Manager Approval
P2P-001322,1.0,0,True,,,
P2P-001323,0.9230769230769231,1,False,Manager Approval,,
P2P-001324,0.7647058823529411,4,False,,Corrected Invoice Received | Duplicate Check Failed | Invoice Rejected,Invoice Duplicate Check
P2P-001325,1.0,0,True,,,
P2P-001326,1.0,0,True,,,
P2P-001327,0.8666666666666667,2,False,,Request Reworked,Manager Approval
P2P-001328,0.9285714285714286,1,False,,Delivery Delayed,
P2P-001329,0.7857142857142857,3,False,,Three-Way Match Failed,
P2P-001330,0.8666666666666667,2,False,,Request Reworked,Manager Approval
P2P-001331,0.7647058823529411,4,False,,Corrected Invoice Received | Duplicate Check Failed | Invoice Rejected,Invoice Duplicate Check
P2P-001332,1.0,0,True,,,
P2P-001333,0.7857142857142857,3,False,,Three-Way Match Failed,
P2P-001334,1.0,0,True,,,
P2P-001335,1.0,0,True,,,
P2P-001336,1.0,0,True,,,
P2P-001337,1.0,0,True,,,
P2P-001338,1.0,0,True,,,
P2P-001339,0.8666666666666667,2,False,,Invoice Blocked | Invoice Corrected,
P2P-001340,1.0,0,True,,,
P2P-001341,1.0,0,True,,,
P2P-001342,1.0,0,True,,,
P2P-001343,1.0,0,True,,,
P2P-001344,1.0,0,True,,,
P2P-001345,1.0,0,True,,,
P2P-001346,1.0,0,True,,,
P2P-001347,0.8666666666666667,2,False,,Request Reworked,Manager Approval
P2P-001348,0.7647058823529411,4,False,,Corrected Invoice Received | Duplicate Check Failed | Invoice Rejected,Invoice Duplicate Check
P2P-001349,0.7647058823529411,4,False,,Corrected Invoice Received | Duplicate Check Failed | Invoice Rejected,Invoice Duplicate Check
P2P-001350,0.9285714285714286,1,False,,Delivery Delayed,
P2P-001351,0.7857142857142857,3,False,,Three-Way Match Failed,
P2P-001352,1.0,0,True,,,
P2P-001353,1.0,0,True,,,
P2P-001354,1.0,0,True,,,
P2P-001355,1.0,0,True,,,
P2P-001356,0.9230769230769231,1,False,Manager Approval,,
P2P-001357,1.0,0,True,,,
P2P-001358,0.8666666666666667,2,False,,Request Reworked,Manager Approval
P2P-001359,0.8125,3,False,,Delivery Delayed | Request Reworked,Manager Approval
P2P-001360,1.0,0,True,,,
P2P-001361,0.9230769230769231,1,False,Manager Approval,,
P2P-001362,0.7857142857142857,3,False,,Three-Way Match Failed,
P2P-001363,0.9230769230769231,1,False,Manager Approval,,
P2P-001364,0.8125,3,False,,Payment Rejected,Invoice Matched | Payment Authorized
P2P-001365,0.7857142857142857,3,False,,Three-Way Match Failed,
P2P-001366,0.7647058823529411,4,False,,Corrected Invoice Received | Duplicate Check Failed | Invoice Rejected,Invoice Duplicate Check
P2P-001367,1.0,0,True,,,
P2P-001368,0.7857142857142857,3,False,,Three-Way Match Failed,
P2P-001369,1.0,0,True,,,
P2P-001370,0.9285714285714286,1,False,,Delivery Delayed,
P2P-001371,0.9230769230769231,1,False,Manager Approval,,
P2P-001372,0.7647058823529411,4,False,,Delivery Delayed | Payment Rejected,Invoice Matched | Payment Authorized
P2P-001373,0.8461538461538461,2,False,Manager Approval,Delivery Delayed,
P2P-001374,1.0,0,True,,,
P2P-001375,0.8125,3,False,,Payment Rejected,Invoice Matched | Payment Authorized
P2P-001376,0.8666666666666667,2,False,,Request Reworked,Manager Approval
P2P-001377,0.7647058823529411,4,False,,Corrected Invoice Received | Duplicate Check Failed | Invoice Rejected,Invoice Duplicate Check
P2P-001378,0.9285714285714286,1,False,,Delivery Delayed,
P2P-001379,0.7857142857142857,3,False,,Three-Way Match Failed,
P2P-001380,1.0,0,True,,,
P2P-001381,0.7647058823529411,4,False,,Corrected Invoice Received | Duplicate Check Failed | Invoice Rejected,Invoice Duplicate Check
P2P-001382,1.0,0,True,,,
P2P-001383,1.0,0,True,,,
P2P-001384,1.0,0,True,,,
P2P-001385,1.0,0,True,,,
P2P-001386,0.7647058823529411,4,False,,Corrected Invoice Received | Duplicate Check Failed | Invoice Rejected,Invoice Duplicate Check
P2P-001387,0.8666666666666667,2,False,,Request Reworked,Manager Approval
P2P-001388,0.8666666666666667,2,False,,Invoice Blocked | Invoice Corrected,
P2P-001389,0.8125,3,False,,Payment Rejected,Invoice Matched | Payment Authorized
P2P-001390,1.0,0,True,,,
P2P-001391,1.0,0,True,,,
P2P-001392,0.8666666666666667,2,False,,Invoice Blocked | Invoice Corrected,
P2P-001393,0.7647058823529411,4,False,,Corrected Invoice Received | Duplicate Check Failed | Invoice Rejected,Invoice Duplicate Check
P2P-001394,0.8666666666666667,2,False,,Invoice Blocked | Invoice Corrected,
P2P-001395,0.8125,3,False,,Payment Rejected,Invoice Matched | Payment Authorized
P2P-001396,0.8125,3,False,,Payment Rejected,Invoice Matched | Payment Authorized
P2P-001397,0.8125,3,False,,Delivery Delayed | Request Reworked,Manager Approval
P2P-001398,0.8666666666666667,2,False,,Request Reworked,Manager Approval
P2P-001399,0.8125,3,False,,Delivery Delayed | Request Reworked,Manager Approval
P2P-001400,0.9230769230769231,1,False,Manager Approval,,
P2P-001401,1.0,0,True,,,
P2P-001402,1.0,0,True,,,
P2P-001403,0.8666666666666667,2,False,,Invoice Blocked | Invoice Corrected,
P2P-001404,1.0,0,True,,,
P2P-001405,1.0,0,True,,,
P2P-001406,1.0,0,True,,,
P2P-001407,0.8666666666666667,2,False,,Request Reworked,Manager Approval
P2P-001408,1.0,0,True,,,
P2P-001409,0.7857142857142857,3,False,,Three-Way Match Failed,
P2P-001410,0.9285714285714286,1,False,,Delivery Delayed,
P2P-001411,1.0,0,True,,,
P2P-001412,0.7857142857142857,3,False,,Three-Way Match Failed,
P2P-001413,1.0,0,True,,,
P2P-001414,0.7647058823529411,4,False,,Corrected Invoice Received | Duplicate Check Failed | Invoice Rejected,Invoice Duplicate Check
P2P-001415,1.0,0,True,,,
P2P-001416,0.8666666666666667,2,False,,Request Reworked,Manager Approval
P2P-001417,1.0,0,True,,,
P2P-001418,0.8125,3,False,,Payment Rejected,Invoice Matched | Payment Authorized
P2P-001419,0.8666666666666667,2,False,,Request Reworked,Manager Approval
P2P-001420,0.7857142857142857,3,False,,Three-Way Match Failed,
P2P-001421,0.8125,3,False,,Delivery Delayed | Invoice Blocked | Invoice Corrected,
P2P-001422,1.0,0,True,,,
P2P-001423,0.9230769230769231,1,False,Manager Approval,,
P2P-001424,1.0,0,True,,,
P2P-001425,0.7647058823529411,4,False,,Corrected Invoice Received | Duplicate Check Failed | Invoice Rejected,Invoice Duplicate Check
P2P-001426,1.0,0,True,,,
P2P-001427,0.7857142857142857,3,False,,Three-Way Match Failed,
P2P-001428,0.9285714285714286,1,False,,Delivery Delayed,
P2P-001429,1.0,0,True,,,
P2P-001430,1.0,0,True,,,
P2P-001431,0.9230769230769231,1,False,Manager Approval,,
P2P-001432,0.8666666666666667,2,False,,Invoice Blocked | Invoice Corrected,
P2P-001433,0.7647058823529411,4,False,,Corrected Invoice Received | Duplicate Check Failed | Invoice Rejected,Invoice Duplicate Check
P2P-001434,0.9285714285714286,1,False,,Delivery Delayed,
P2P-001435,0.7647058823529411,4,False,,Corrected Invoice Received | Duplicate Check Failed | Invoice Rejected,Invoice Duplicate Check
P2P-001436,1.0,0,True,,,
P2P-001437,1.0,0,True,,,
P2P-001438,0.7857142857142857,3,False,,Three-Way Match Failed,
P2P-001439,0.7857142857142857,3,False,,Three-Way Match Failed,
P2P-001440,1.0,0,True,,,
P2P-001441,1.0,0,True,,,
P2P-001442,0.9285714285714286,1,False,,Delivery Delayed,
P2P-001443,1.0,0,True,,,
P2P-001444,0.9230769230769231,1,False,Manager Approval,,
P2P-001445,0.8125,3,False,,Delivery Delayed | Invoice Blocked | Invoice Corrected,
P2P-001446,0.9285714285714286,1,False,,Delivery Delayed,
P2P-001447,0.7647058823529411,4,False,,Corrected Invoice Received | Duplicate Check Failed | Invoice Rejected,Invoice Duplicate Check
P2P-001448,1.0,0,True,,,
P2P-001449,0.8461538461538461,2,False,Manager Approval,Delivery Delayed,
P2P-001450,1.0,0,True,,,
P2P-001451,0.8666666666666667,2,False,,Request Reworked,Manager Approval
P2P-001452,1.0,0,True,,,
P2P-001453,0.9230769230769231,1,False,Manager Approval,,
P2P-001454,0.8666666666666667,2,False,,Invoice Blocked | Invoice Corrected,
P2P-001455,0.8461538461538461,2,False,Manager Approval,Delivery Delayed,
P2P-001456,1.0,0,True,,,
P2P-001457,0.9230769230769231,1,False,Manager Approval,,
P2P-001458,1.0,0,True,,,
P2P-001459,0.7857142857142857,3,False,,Three-Way Match Failed,
P2P-001460,0.9285714285714286,1,False,,Delivery Delayed,
P2P-001461,0.7647058823529411,4,False,,Corrected Invoice Received | Duplicate Check Failed | Invoice Rejected,Invoice Duplicate Check
P2P-001462,0.9285714285714286,1,False,,Delivery Delayed,
P2P-001463,0.8125,3,False,,Payment Rejected,Invoice Matched | Payment Authorized
P2P-001464,1.0,0,True,,,
P2P-001465,1.0,0,True,,,
P2P-001466,0.8666666666666667,2,False,,Invoice Blocked | Invoice Corrected,
P2P-001467,0.8666666666666667,2,False,,Request Reworked,Manager Approval
P2P-001468,0.8666666666666667,2,False,,Invoice Blocked | Invoice Corrected,
P2P-001469,1.0,0,True,,,
P2P-001470,0.8666666666666667,2,False,,Invoice Blocked | Invoice Corrected,
P2P-001471,0.7647058823529411,4,False,,Delivery Delayed | Payment Rejected,Invoice Matched | Payment Authorized
P2P-001472,0.8666666666666667,2,False,,Invoice Blocked | Invoice Corrected,
P2P-001473,0.8666666666666667,2,False,,Request Reworked,Manager Approval
P2P-001474,1.0,0,True,,,
P2P-001475,0.8,3,False,,Delivery Delayed | Three-Way Match Failed,
P2P-001476,1.0,0,True,,,
P2P-001477,0.8666666666666667,2,False,,Request Reworked,Manager Approval
P2P-001478,0.9230769230769231,1,False,Manager Approval,,
P2P-001479,0.9285714285714286,1,False,,Delivery Delayed,
P2P-001480,1.0,0,True,,,
P2P-001481,0.9230769230769231,1,False,Manager Approval,,
P2P-001482,1.0,0,True,,,
P2P-001483,1.0,0,True,,,
P2P-001484,0.8666666666666667,2,False,,Invoice Blocked | Invoice Corrected,
P2P-001485,1.0,0,True,,,
P2P-001486,1.0,0,True,,,
P2P-001487,0.8666666666666667,2,False,,Request Reworked,Manager Approval
P2P-001488,1.0,0,True,,,
P2P-001489,1.0,0,True,,,
P2P-001490,0.8666666666666667,2,False,,Request Reworked,Manager Approval
P2P-001491,1.0,0,True,,,
P2P-001492,0.9285714285714286,1,False,,Delivery Delayed,
P2P-001493,1.0,0,True,,,
P2P-001494,0.7647058823529411,4,False,,Corrected Invoice Received | Duplicate Check Failed | Invoice Rejected,Invoice Duplicate Check
P2P-001495,0.8461538461538461,2,False,Manager Approval,Delivery Delayed,
P2P-001496,0.9285714285714286,1,False,,Delivery Delayed,
P2P-001497,0.8666666666666667,2,False,,Request Reworked,Manager Approval
P2P-001498,0.9230769230769231,1,False,Manager Approval,,
P2P-001499,1.0,0,True,,,
P2P-001500,1.0,0,True,,,
P2P-001501,0.8666666666666667,2,False,,Invoice Blocked | Invoice Corrected,
P2P-001502,0.7857142857142857,3,False,,Three-Way Match Failed,
P2P-001503,1.0,0,True,,,
P2P-001504,1.0,0,True,,,
P2P-001505,0.9285714285714286,1,False,,Delivery Delayed,
P2P-001506,1.0,0,True,,,
P2P-001507,0.8666666666666667,2,False,,Invoice Blocked | Invoice Corrected,
P2P-001508,1.0,0,True,,,
P2P-001509,1.0,0,True,,,
P2P-001510,1.0,0,True,,,
P2P-001511,0.9230769230769231,1,False,Manager Approval,,
P2P-001512,1.0,0,True,,,
P2P-001513,1.0,0,True,,,
P2P-001514,0.9230769230769231,1,False,Manager Approval,,
P2P-001515,1.0,0,True,,,
P2P-001516,1.0,0,True,,,
P2P-001517,1.0,0,True,,,
P2P-001518,0.8666666666666667,2,False,,Request Reworked,Manager Approval
P2P-001519,0.9230769230769231,1,False,Manager Approval,,
P2P-001520,1.0,0,True,,,
P2P-001521,1.0,0,True,,,
P2P-001522,0.7222222222222222,5,False,,Corrected Invoice Received | Delivery Delayed | Duplicate Check Failed | Invoice Rejected,Invoice Duplicate Check
P2P-001523,0.9230769230769231,1,False,Manager Approval,,
P2P-001524,0.8666666666666667,2,False,,Request Reworked,Manager Approval
P2P-001525,1.0,0,True,,,
P2P-001526,1.0,0,True,,,
P2P-001527,0.9230769230769231,1,False,Manager Approval,,
P2P-001528,1.0,0,True,,,
P2P-001529,1.0,0,True,,,
P2P-001530,0.7647058823529411,4,False,,Corrected Invoice Received | Duplicate Check Failed | Invoice Rejected,Invoice Duplicate Check
P2P-001531,0.9230769230769231,1,False,Manager Approval,,
P2P-001532,0.7647058823529411,4,False,,Corrected Invoice Received | Duplicate Check Failed | Invoice Rejected,Invoice Duplicate Check
P2P-001533,1.0,0,True,,,
P2P-001534,0.9285714285714286,1,False,,Delivery Delayed,
P2P-001535,1.0,0,True,,,
P2P-001536,0.7647058823529411,4,False,,Corrected Invoice Received | Duplicate Check Failed | Invoice Rejected,Invoice Duplicate Check
P2P-001537,1.0,0,True,,,
P2P-001538,1.0,0,True,,,
P2P-001539,1.0,0,True,,,
P2P-001540,1.0,0,True,,,
P2P-001541,0.9230769230769231,1,False,Manager Approval,,
P2P-001542,0.9285714285714286,1,False,,Delivery Delayed,
P2P-001543,0.7222222222222222,5,False,,Corrected Invoice Received | Delivery Delayed | Duplicate Check Failed | Invoice Rejected,Invoice Duplicate Check
P2P-001544,0.7857142857142857,3,False,,Three-Way Match Failed,
P2P-001545,1.0,0,True,,,
P2P-001546,0.8125,3,False,,Payment Rejected,Invoice Matched | Payment Authorized
P2P-001547,0.8666666666666667,2,False,,Invoice Blocked | Invoice Corrected,
P2P-001548,1.0,0,True,,,
P2P-001549,1.0,0,True,,,
P2P-001550,1.0,0,True,,,
P2P-001551,0.8125,3,False,,Payment Rejected,Invoice Matched | Payment Authorized
P2P-001552,0.7222222222222222,5,False,,Corrected Invoice Received | Delivery Delayed | Duplicate Check Failed | Invoice Rejected,Invoice Duplicate Check
P2P-001553,0.7647058823529411,4,False,,Corrected Invoice Received | Duplicate Check Failed | Invoice Rejected,Invoice Duplicate Check
P2P-001554,0.8125,3,False,,Payment Rejected,Invoice Matched | Payment Authorized
P2P-001555,1.0,0,True,,,
P2P-001556,1.0,0,True,,,
P2P-001557,1.0,0,True,,,
P2P-001558,0.7857142857142857,3,False,,Three-Way Match Failed,
P2P-001559,1.0,0,True,,,
P2P-001560,0.7857142857142857,3,False,,Three-Way Match Failed,
P2P-001561,0.8125,3,False,,Payment Rejected,Invoice Matched | Payment Authorized
P2P-001562,0.8666666666666667,2,False,,Request Reworked,Manager Approval
P2P-001563,0.7857142857142857,3,False,,Three-Way Match Failed,
P2P-001564,0.8461538461538461,2,False,Manager Approval,Delivery Delayed,
P2P-001565,0.8666666666666667,2,False,,Invoice Blocked | Invoice Corrected,
P2P-001566,0.9230769230769231,1,False,Manager Approval,,
P2P-001567,1.0,0,True,,,
P2P-001568,1.0,0,True,,,
P2P-001569,1.0,0,True,,,
P2P-001570,0.9285714285714286,1,False,,Delivery Delayed,
P2P-001571,0.9230769230769231,1,False,Manager Approval,,
P2P-001572,0.8461538461538461,2,False,Manager Approval,Delivery Delayed,
P2P-001573,0.8666666666666667,2,False,,Request Reworked,Manager Approval
P2P-001574,0.9285714285714286,1,False,,Delivery Delayed,
P2P-001575,0.7647058823529411,4,False,,Corrected Invoice Received | Duplicate Check Failed | Invoice Rejected,Invoice Duplicate Check
P2P-001576,1.0,0,True,,,
P2P-001577,0.9285714285714286,1,False,,Delivery Delayed,
P2P-001578,0.8666666666666667,2,False,,Invoice Blocked | Invoice Corrected,
P2P-001579,0.8666666666666667,2,False,,Invoice Blocked | Invoice Corrected,
P2P-001580,0.9230769230769231,1,False,Manager Approval,,
P2P-001581,0.8666666666666667,2,False,,Request Reworked,Manager Approval
P2P-001582,0.8125,3,False,,Delivery Delayed | Invoice Blocked | Invoice Corrected,
P2P-001583,1.0,0,True,,,
P2P-001584,0.8666666666666667,2,False,,Request Reworked,Manager Approval
P2P-001585,0.9285714285714286,1,False,,Delivery Delayed,
P2P-001586,1.0,0,True,,,
P2P-001587,0.8666666666666667,2,False,,Invoice Blocked | Invoice Corrected,
P2P-001588,1.0,0,True,,,
P2P-001589,0.9230769230769231,1,False,Manager Approval,,
P2P-001590,1.0,0,True,,,
P2P-001591,1.0,0,True,,,
P2P-001592,1.0,0,True,,,
P2P-001593,0.7647058823529411,4,False,,Corrected Invoice Received | Duplicate Check Failed | Invoice Rejected,Invoice Duplicate Check
P2P-001594,0.8666666666666667,2,False,,Invoice Blocked | Invoice Corrected,
P2P-001595,1.0,0,True,,,
P2P-001596,0.7647058823529411,4,False,,Delivery Delayed | Payment Rejected,Invoice Matched | Payment Authorized
P2P-001597,0.8666666666666667,2,False,,Request Reworked,Manager Approval
P2P-001598,0.8666666666666667,2,False,,Invoice Blocked | Invoice Corrected,
P2P-001599,0.8666666666666667,2,False,,Request Reworked,Manager Approval
P2P-001600,0.8666666666666667,2,False,,Request Reworked,Manager Approval
P2P-001601,0.9230769230769231,1,False,Manager Approval,,
P2P-001602,1.0,0,True,,,
P2P-001603,1.0,0,True,,,
P2P-001604,0.8666666666666667,2,False,,Request Reworked,Manager Approval
P2P-001605,1.0,0,True,,,
P2P-001606,0.8666666666666667,2,False,,Request Reworked,Manager Approval
P2P-001607,1.0,0,True,,,
P2P-001608,1.0,0,True,,,
P2P-001609,1.0,0,True,,,
P2P-001610,0.9285714285714286,1,False,,Delivery Delayed,
P2P-001611,1.0,0,True,,,
P2P-001612,0.9230769230769231,1,False,Manager Approval,,
P2P-001613,1.0,0,True,,,
P2P-001614,1.0,0,True,,,
P2P-001615,0.8666666666666667,2,False,,Request Reworked,Manager Approval
P2P-001616,1.0,0,True,,,
P2P-001617,1.0,0,True,,,
P2P-001618,0.8666666666666667,2,False,,Request Reworked,Manager Approval
P2P-001619,0.7647058823529411,4,False,,Corrected Invoice Received | Duplicate Check Failed | Invoice Rejected,Invoice Duplicate Check
P2P-001620,0.7647058823529411,4,False,,Corrected Invoice Received | Duplicate Check Failed | Invoice Rejected,Invoice Duplicate Check
P2P-001621,1.0,0,True,,,
P2P-001622,0.9285714285714286,1,False,,Delivery Delayed,
P2P-001623,0.8666666666666667,2,False,,Invoice Blocked | Invoice Corrected,
P2P-001624,1.0,0,True,,,
P2P-001625,0.7647058823529411,4,False,,Corrected Invoice Received | Duplicate Check Failed | Invoice Rejected,Invoice Duplicate Check
P2P-001626,0.8666666666666667,2,False,,Invoice Blocked | Invoice Corrected,
P2P-001627,1.0,0,True,,,
P2P-001628,0.9285714285714286,1,False,,Delivery Delayed,
P2P-001629,0.8125,3,False,,Payment Rejected,Invoice Matched | Payment Authorized
P2P-001630,1.0,0,True,,,
P2P-001631,0.8125,3,False,,Delivery Delayed | Invoice Blocked | Invoice Corrected,
P2P-001632,0.9230769230769231,1,False,Manager Approval,,
P2P-001633,0.8666666666666667,2,False,,Invoice Blocked | Invoice Corrected,
P2P-001634,0.8666666666666667,2,False,,Request Reworked,Manager Approval
P2P-001635,1.0,0,True,,,
P2P-001636,0.8666666666666667,2,False,,Invoice Blocked | Invoice Corrected,
P2P-001637,1.0,0,True,,,
P2P-001638,0.8666666666666667,2,False,,Invoice Blocked | Invoice Corrected,
P2P-001639,1.0,0,True,,,
P2P-001640,0.8666666666666667,2,False,,Request Reworked,Manager Approval
P2P-001641,0.7647058823529411,4,False,,Corrected Invoice Received | Duplicate Check Failed | Invoice Rejected,Invoice Duplicate Check
P2P-001642,1.0,0,True,,,
P2P-001643,1.0,0,True,,,
P2P-001644,0.9230769230769231,1,False,Manager Approval,,
P2P-001645,0.9230769230769231,1,False,Manager Approval,,
P2P-001646,0.7647058823529411,4,False,,Corrected Invoice Received | Duplicate Check Failed | Invoice Rejected,Invoice Duplicate Check
P2P-001647,0.9230769230769231,1,False,Manager Approval,,
P2P-001648,0.8666666666666667,2,False,,Invoice Blocked | Invoice Corrected,
P2P-001649,0.8666666666666667,2,False,,Request Reworked,Manager Approval
P2P-001650,1.0,0,True,,,
P2P-001651,0.8125,3,False,,Payment Rejected,Invoice Matched | Payment Authorized
P2P-001652,0.8461538461538461,2,False,Manager Approval,Delivery Delayed,
P2P-001653,1.0,0,True,,,
P2P-001654,1.0,0,True,,,
P2P-001655,0.7857142857142857,3,False,,Three-Way Match Failed,
P2P-001656,1.0,0,True,,,
P2P-001657,1.0,0,True,,,
P2P-001658,1.0,0,True,,,
P2P-001659,0.9230769230769231,1,False,Manager Approval,,
P2P-001660,1.0,0,True,,,
P2P-001661,0.9230769230769231,1,False,Manager Approval,,
P2P-001662,1.0,0,True,,,
P2P-001663,1.0,0,True,,,
P2P-001664,0.9230769230769231,1,False,Manager Approval,,
P2P-001665,0.7857142857142857,3,False,,Three-Way Match Failed,
P2P-001666,0.9230769230769231,1,False,Manager Approval,,
P2P-001667,0.9230769230769231,1,False,Manager Approval,,
P2P-001668,0.8666666666666667,2,False,,Invoice Blocked | Invoice Corrected,
P2P-001669,0.8666666666666667,2,False,,Request Reworked,Manager Approval
P2P-001670,0.8666666666666667,2,False,,Request Reworked,Manager Approval
P2P-001671,1.0,0,True,,,
P2P-001672,0.8461538461538461,2,False,Manager Approval,Delivery Delayed,
P2P-001673,1.0,0,True,,,
P2P-001674,1.0,0,True,,,
P2P-001675,0.7857142857142857,3,False,,Three-Way Match Failed,
P2P-001676,1.0,0,True,,,
P2P-001677,1.0,0,True,,,
P2P-001678,0.7647058823529411,4,False,,Corrected Invoice Received | Duplicate Check Failed | Invoice Rejected,Invoice Duplicate Check
P2P-001679,1.0,0,True,,,
P2P-001680,1.0,0,True,,,
P2P-001681,0.7647058823529411,4,False,,Corrected Invoice Received | Duplicate Check Failed | Invoice Rejected,Invoice Duplicate Check
P2P-001682,0.7857142857142857,3,False,,Three-Way Match Failed,
P2P-001683,0.7647058823529411,4,False,,Corrected Invoice Received | Duplicate Check Failed | Invoice Rejected,Invoice Duplicate Check
P2P-001684,1.0,0,True,,,
P2P-001685,0.9230769230769231,1,False,Manager Approval,,
P2P-001686,0.8666666666666667,2,False,,Request Reworked,Manager Approval
P2P-001687,0.9285714285714286,1,False,,Delivery Delayed,
P2P-001688,0.7857142857142857,3,False,,Three-Way Match Failed,
P2P-001689,0.8666666666666667,2,False,,Invoice Blocked | Invoice Corrected,
P2P-001690,1.0,0,True,,,
P2P-001691,0.9285714285714286,1,False,,Delivery Delayed,
P2P-001692,0.7222222222222222,5,False,,Corrected Invoice Received | Delivery Delayed | Duplicate Check Failed | Invoice Rejected,Invoice Duplicate Check
P2P-001693,0.8,3,False,,Delivery Delayed | Three-Way Match Failed,
P2P-001694,0.8666666666666667,2,False,,Request Reworked,Manager Approval
P2P-001695,1.0,0,True,,,
P2P-001696,1.0,0,True,,,
P2P-001697,1.0,0,True,,,
P2P-001698,0.8125,3,False,,Payment Rejected,Invoice Matched | Payment Authorized
P2P-001699,1.0,0,True,,,
P2P-001700,1.0,0,True,,,
P2P-001701,0.9230769230769231,1,False,Manager Approval,,
P2P-001702,0.8666666666666667,2,False,,Request Reworked,Manager Approval
P2P-001703,1.0,0,True,,,
P2P-001704,0.7857142857142857,3,False,,Three-Way Match Failed,
P2P-001705,1.0,0,True,,,
P2P-001706,1.0,0,True,,,
P2P-001707,0.8125,3,False,,Payment Rejected,Invoice Matched | Payment Authorized
P2P-001708,0.8125,3,False,,Delivery Delayed | Request Reworked,Manager Approval
P2P-001709,0.8461538461538461,2,False,Manager Approval,Delivery Delayed,
P2P-001710,1.0,0,True,,,
P2P-001711,0.9230769230769231,1,False,Manager Approval,,
P2P-001712,0.8461538461538461,2,False,Manager Approval,Delivery Delayed,
P2P-001713,0.9230769230769231,1,False,Manager Approval,,
P2P-001714,1.0,0,True,,,
P2P-001715,1.0,0,True,,,
P2P-001716,1.0,0,True,,,
P2P-001717,0.7857142857142857,3,False,,Three-Way Match Failed,
P2P-001718,1.0,0,True,,,
P2P-001719,0.8666666666666667,2,False,,Request Reworked,Manager Approval
P2P-001720,0.8666666666666667,2,False,,Invoice Blocked | Invoice Corrected,
P2P-001721,0.7857142857142857,3,False,,Three-Way Match Failed,
P2P-001722,1.0,0,True,,,
P2P-001723,1.0,0,True,,,
P2P-001724,1.0,0,True,,,
P2P-001725,1.0,0,True,,,
P2P-001726,0.8666666666666667,2,False,,Request Reworked,Manager Approval
P2P-001727,0.8125,3,False,,Payment Rejected,Invoice Matched | Payment Authorized
P2P-001728,1.0,0,True,,,
P2P-001729,0.8125,3,False,,Payment Rejected,Invoice Matched | Payment Authorized
P2P-001730,0.8125,3,False,,Payment Rejected,Invoice Matched | Payment Authorized
P2P-001731,1.0,0,True,,,
P2P-001732,0.9230769230769231,1,False,Manager Approval,,
P2P-001733,1.0,0,True,,,
P2P-001734,0.8125,3,False,,Payment Rejected,Invoice Matched | Payment Authorized
P2P-001735,0.9285714285714286,1,False,,Delivery Delayed,
P2P-001736,0.8666666666666667,2,False,,Invoice Blocked | Invoice Corrected,
P2P-001737,0.7857142857142857,3,False,,Three-Way Match Failed,
P2P-001738,0.8666666666666667,2,False,,Invoice Blocked | Invoice Corrected,
P2P-001739,0.8666666666666667,2,False,,Request Reworked,Manager Approval
P2P-001740,1.0,0,True,,,
P2P-001741,0.9230769230769231,1,False,Manager Approval,,
P2P-001742,0.8666666666666667,2,False,,Invoice Blocked | Invoice Corrected,
P2P-001743,1.0,0,True,,,
P2P-001744,1.0,0,True,,,
P2P-001745,1.0,0,True,,,
P2P-001746,1.0,0,True,,,
P2P-001747,1.0,0,True,,,
P2P-001748,0.7222222222222222,5,False,,Corrected Invoice Received | Delivery Delayed | Duplicate Check Failed | Invoice Rejected,Invoice Duplicate Check
P2P-001749,0.8666666666666667,2,False,,Request Reworked,Manager Approval
P2P-001750,0.7222222222222222,5,False,,Corrected Invoice Received | Delivery Delayed | Duplicate Check Failed | Invoice Rejected,Invoice Duplicate Check
P2P-001751,0.8666666666666667,2,False,,Request Reworked,Manager Approval
P2P-001752,1.0,0,True,,,
P2P-001753,1.0,0,True,,,
P2P-001754,1.0,0,True,,,
P2P-001755,0.7857142857142857,3,False,,Three-Way Match Failed,
P2P-001756,0.8461538461538461,2,False,Manager Approval,Delivery Delayed,
P2P-001757,0.8666666666666667,2,False,,Request Reworked,Manager Approval
P2P-001758,0.7857142857142857,3,False,,Three-Way Match Failed,
P2P-001759,0.7857142857142857,3,False,,Three-Way Match Failed,
P2P-001760,1.0,0,True,,,
P2P-001761,0.8666666666666667,2,False,,Invoice Blocked | Invoice Corrected,
P2P-001762,0.9230769230769231,1,False,Manager Approval,,
P2P-001763,0.8461538461538461,2,False,Manager Approval,Delivery Delayed,
P2P-001764,1.0,0,True,,,
P2P-001765,0.8125,3,False,,Payment Rejected,Invoice Matched | Payment Authorized
P2P-001766,1.0,0,True,,,
P2P-001767,1.0,0,True,,,
P2P-001768,1.0,0,True,,,
P2P-001769,0.7222222222222222,5,False,,Corrected Invoice Received | Delivery Delayed | Duplicate Check Failed | Invoice Rejected,Invoice Duplicate Check
P2P-001770,0.7647058823529411,4,False,,Corrected Invoice Received | Duplicate Check Failed | Invoice Rejected,Invoice Duplicate Check
P2P-001771,0.8666666666666667,2,False,,Invoice Blocked | Invoice Corrected,
P2P-001772,0.7857142857142857,3,False,,Three-Way Match Failed,
P2P-001773,1.0,0,True,,,
P2P-001774,0.9285714285714286,1,False,,Delivery Delayed,
P2P-001775,0.9285714285714286,1,False,,Delivery Delayed,
P2P-001776,1.0,0,True,,,
P2P-001777,0.9230769230769231,1,False,Manager Approval,,
P2P-001778,1.0,0,True,,,
P2P-001779,0.8125,3,False,,Payment Rejected,Invoice Matched | Payment Authorized
P2P-001780,0.8461538461538461,2,False,Manager Approval,Delivery Delayed,
P2P-001781,0.8125,3,False,,Payment Rejected,Invoice Matched | Payment Authorized
P2P-001782,1.0,0,True,,,
P2P-001783,1.0,0,True,,,
P2P-001784,1.0,0,True,,,
P2P-001785,0.9230769230769231,1,False,Manager Approval,,
P2P-001786,1.0,0,True,,,
P2P-001787,0.8125,3,False,,Delivery Delayed | Invoice Blocked | Invoice Corrected,
P2P-001788,0.7647058823529411,4,False,,Corrected Invoice Received | Duplicate Check Failed | Invoice Rejected,Invoice Duplicate Check
P2P-001789,1.0,0,True,,,
P2P-001790,1.0,0,True,,,
P2P-001791,0.8666666666666667,2,False,,Invoice Blocked | Invoice Corrected,
P2P-001792,0.7647058823529411,4,False,,Corrected Invoice Received | Duplicate Check Failed | Invoice Rejected,Invoice Duplicate Check
P2P-001793,0.7857142857142857,3,False,,Three-Way Match Failed,
P2P-001794,1.0,0,True,,,
P2P-001795,0.9230769230769231,1,False,Manager Approval,,
P2P-001796,0.9230769230769231,1,False,Manager Approval,,
P2P-001797,1.0,0,True,,,
P2P-001798,0.9230769230769231,1,False,Manager Approval,,
P2P-001799,0.8125,3,False,,Delivery Delayed | Invoice Blocked | Invoice Corrected,
P2P-001800,0.8666666666666667,2,False,,Request Reworked,Manager Approval
P2P-001801,0.9230769230769231,1,False,Manager Approval,,
P2P-001802,0.7857142857142857,3,False,,Three-Way Match Failed,
P2P-001803,1.0,0,True,,,
P2P-001804,1.0,0,True,,,
P2P-001805,0.8125,3,False,,Payment Rejected,Invoice Matched | Payment Authorized
P2P-001806,0.9285714285714286,1,False,,Delivery Delayed,
P2P-001807,0.7857142857142857,3,False,,Three-Way Match Failed,
P2P-001808,0.9230769230769231,1,False,Manager Approval,,
P2P-001809,1.0,0,True,,,
P2P-001810,0.7647058823529411,4,False,,Delivery Delayed | Payment Rejected,Invoice Matched | Payment Authorized
P2P-001811,1.0,0,True,,,
P2P-001812,0.8666666666666667,2,False,,Request Reworked,Manager Approval
P2P-001813,1.0,0,True,,,
P2P-001814,1.0,0,True,,,
P2P-001815,1.0,0,True,,,
P2P-001816,0.8125,3,False,,Payment Rejected,Invoice Matched | Payment Authorized
P2P-001817,0.7647058823529411,4,False,,Corrected Invoice Received | Duplicate Check Failed | Invoice Rejected,Invoice Duplicate Check
P2P-001818,1.0,0,True,,,
P2P-001819,0.8666666666666667,2,False,,Invoice Blocked | Invoice Corrected,
P2P-001820,0.8,3,False,,Delivery Delayed | Three-Way Match Failed,
P2P-001821,0.8666666666666667,2,False,,Request Reworked,Manager Approval
P2P-001822,1.0,0,True,,,
P2P-001823,0.9230769230769231,1,False,Manager Approval,,
P2P-001824,0.9230769230769231,1,False,Manager Approval,,
P2P-001825,1.0,0,True,,,
P2P-001826,0.9230769230769231,1,False,Manager Approval,,
P2P-001827,1.0,0,True,,,
P2P-001828,1.0,0,True,,,
P2P-001829,1.0,0,True,,,
P2P-001830,1.0,0,True,,,
P2P-001831,1.0,0,True,,,
P2P-001832,0.8666666666666667,2,False,,Request Reworked,Manager Approval
P2P-001833,0.8666666666666667,2,False,,Request Reworked,Manager Approval
P2P-001834,0.7857142857142857,3,False,,Three-Way Match Failed,
P2P-001835,0.9285714285714286,1,False,,Delivery Delayed,
P2P-001836,0.7857142857142857,3,False,,Three-Way Match Failed,
P2P-001837,1.0,0,True,,,
P2P-001838,0.7857142857142857,3,False,,Three-Way Match Failed,
P2P-001839,0.7857142857142857,3,False,,Three-Way Match Failed,
P2P-001840,0.9230769230769231,1,False,Manager Approval,,
P2P-001841,0.8666666666666667,2,False,,Request Reworked,Manager Approval
P2P-001842,0.9230769230769231,1,False,Manager Approval,,
P2P-001843,1.0,0,True,,,
P2P-001844,0.7857142857142857,3,False,,Three-Way Match Failed,
P2P-001845,1.0,0,True,,,
P2P-001846,0.9230769230769231,1,False,Manager Approval,,
P2P-001847,0.7647058823529411,4,False,,Corrected Invoice Received | Duplicate Check Failed | Invoice Rejected,Invoice Duplicate Check
P2P-001848,1.0,0,True,,,
P2P-001849,0.7857142857142857,3,False,,Three-Way Match Failed,
P2P-001850,0.9230769230769231,1,False,Manager Approval,,
P2P-001851,0.7857142857142857,3,False,,Three-Way Match Failed,
P2P-001852,1.0,0,True,,,
P2P-001853,0.7222222222222222,5,False,,Corrected Invoice Received | Delivery Delayed | Duplicate Check Failed | Invoice Rejected,Invoice Duplicate Check
P2P-001854,1.0,0,True,,,
P2P-001855,0.8666666666666667,2,False,,Request Reworked,Manager Approval
P2P-001856,1.0,0,True,,,
P2P-001857,0.8666666666666667,2,False,,Request Reworked,Manager Approval
P2P-001858,0.9285714285714286,1,False,,Delivery Delayed,
P2P-001859,0.8125,3,False,,Delivery Delayed | Invoice Blocked | Invoice Corrected,
P2P-001860,1.0,0,True,,,
P2P-001861,1.0,0,True,,,
P2P-001862,0.8125,3,False,,Delivery Delayed | Invoice Blocked | Invoice Corrected,
P2P-001863,0.7647058823529411,4,False,,Corrected Invoice Received | Duplicate Check Failed | Invoice Rejected,Invoice Duplicate Check
P2P-001864,1.0,0,True,,,
P2P-001865,1.0,0,True,,,
P2P-001866,0.7647058823529411,4,False,,Corrected Invoice Received | Duplicate Check Failed | Invoice Rejected,Invoice Duplicate Check
P2P-001867,1.0,0,True,,,
P2P-001868,1.0,0,True,,,
P2P-001869,0.7857142857142857,3,False,,Three-Way Match Failed,
P2P-001870,0.9285714285714286,1,False,,Delivery Delayed,
P2P-001871,0.7647058823529411,4,False,,Corrected Invoice Received | Duplicate Check Failed | Invoice Rejected,Invoice Duplicate Check
P2P-001872,0.8666666666666667,2,False,,Invoice Blocked | Invoice Corrected,
P2P-001873,1.0,0,True,,,
P2P-001874,0.7857142857142857,3,False,,Three-Way Match Failed,
P2P-001875,0.7222222222222222,5,False,,Corrected Invoice Received | Delivery Delayed | Duplicate Check Failed | Invoice Rejected,Invoice Duplicate Check
P2P-001876,1.0,0,True,,,
P2P-001877,1.0,0,True,,,
P2P-001878,0.9230769230769231,1,False,Manager Approval,,
P2P-001879,0.8666666666666667,2,False,,Invoice Blocked | Invoice Corrected,
P2P-001880,0.7647058823529411,4,False,,Corrected Invoice Received | Duplicate Check Failed | Invoice Rejected,Invoice Duplicate Check
P2P-001881,1.0,0,True,,,
P2P-001882,0.9285714285714286,1,False,,Delivery Delayed,
P2P-001883,1.0,0,True,,,
P2P-001884,0.7857142857142857,3,False,,Three-Way Match Failed,
P2P-001885,1.0,0,True,,,
P2P-001886,0.9285714285714286,1,False,,Delivery Delayed,
P2P-001887,1.0,0,True,,,
P2P-001888,0.8666666666666667,2,False,,Request Reworked,Manager Approval
P2P-001889,0.8,3,False,,Delivery Delayed | Three-Way Match Failed,
P2P-001890,0.9230769230769231,1,False,Manager Approval,,
P2P-001891,0.9230769230769231,1,False,Manager Approval,,
P2P-001892,0.9285714285714286,1,False,,Delivery Delayed,
P2P-001893,1.0,0,True,,,
P2P-001894,0.8666666666666667,2,False,,Request Reworked,Manager Approval
P2P-001895,1.0,0,True,,,
P2P-001896,1.0,0,True,,,
P2P-001897,0.9230769230769231,1,False,Manager Approval,,
P2P-001898,0.7857142857142857,3,False,,Three-Way Match Failed,
P2P-001899,0.9230769230769231,1,False,Manager Approval,,
P2P-001900,0.8125,3,False,,Payment Rejected,Invoice Matched | Payment Authorized
P2P-001901,0.8666666666666667,2,False,,Request Reworked,Manager Approval
P2P-001902,0.9230769230769231,1,False,Manager Approval,,
P2P-001903,1.0,0,True,,,
P2P-001904,1.0,0,True,,,
P2P-001905,0.8666666666666667,2,False,,Invoice Blocked | Invoice Corrected,
P2P-001906,1.0,0,True,,,
P2P-001907,1.0,0,True,,,
P2P-001908,0.7857142857142857,3,False,,Three-Way Match Failed,
P2P-001909,1.0,0,True,,,
P2P-001910,0.8125,3,False,,Payment Rejected,Invoice Matched | Payment Authorized
P2P-001911,1.0,0,True,,,
P2P-001912,1.0,0,True,,,
P2P-001913,0.9230769230769231,1,False,Manager Approval,,
P2P-001914,0.7647058823529411,4,False,,Corrected Invoice Received | Duplicate Check Failed | Invoice Rejected,Invoice Duplicate Check
P2P-001915,1.0,0,True,,,
P2P-001916,0.9230769230769231,1,False,Manager Approval,,
P2P-001917,1.0,0,True,,,
P2P-001918,0.8666666666666667,2,False,,Invoice Blocked | Invoice Corrected,
P2P-001919,1.0,0,True,,,
P2P-001920,0.9230769230769231,1,False,Manager Approval,,
P2P-001921,0.7647058823529411,4,False,,Corrected Invoice Received | Duplicate Check Failed | Invoice Rejected,Invoice Duplicate Check
P2P-001922,1.0,0,True,,,
P2P-001923,1.0,0,True,,,
P2P-001924,0.8125,3,False,,Payment Rejected,Invoice Matched | Payment Authorized
P2P-001925,0.8666666666666667,2,False,,Request Reworked,Manager Approval
P2P-001926,0.9230769230769231,1,False,Manager Approval,,
P2P-001927,1.0,0,True,,,
P2P-001928,0.8666666666666667,2,False,,Invoice Blocked | Invoice Corrected,
P2P-001929,0.8125,3,False,,Payment Rejected,Invoice Matched | Payment Authorized
P2P-001930,0.8666666666666667,2,False,,Request Reworked,Manager Approval
P2P-001931,0.9230769230769231,1,False,Manager Approval,,
P2P-001932,1.0,0,True,,,
P2P-001933,0.8666666666666667,2,False,,Invoice Blocked | Invoice Corrected,
P2P-001934,1.0,0,True,,,
P2P-001935,1.0,0,True,,,
P2P-001936,0.7857142857142857,3,False,,Three-Way Match Failed,
P2P-001937,0.9230769230769231,1,False,Manager Approval,,
P2P-001938,1.0,0,True,,,
P2P-001939,1.0,0,True,,,
P2P-001940,0.9230769230769231,1,False,Manager Approval,,
P2P-001941,1.0,0,True,,,
P2P-001942,1.0,0,True,,,
P2P-001943,0.7647058823529411,4,False,,Corrected Invoice Received | Duplicate Check Failed | Invoice Rejected,Invoice Duplicate Check
P2P-001944,1.0,0,True,,,
P2P-001945,1.0,0,True,,,
P2P-001946,0.8125,3,False,,Payment Rejected,Invoice Matched | Payment Authorized
P2P-001947,0.8666666666666667,2,False,,Request Reworked,Manager Approval
P2P-001948,0.7647058823529411,4,False,,Corrected Invoice Received | Duplicate Check Failed | Invoice Rejected,Invoice Duplicate Check
P2P-001949,0.9230769230769231,1,False,Manager Approval,,
P2P-001950,0.8666666666666667,2,False,,Request Reworked,Manager Approval
P2P-001951,1.0,0,True,,,
P2P-001952,0.8666666666666667,2,False,,Invoice Blocked | Invoice Corrected,
P2P-001953,0.8666666666666667,2,False,,Invoice Blocked | Invoice Corrected,
P2P-001954,1.0,0,True,,,
P2P-001955,0.9230769230769231,1,False,Manager Approval,,
P2P-001956,0.8125,3,False,,Delivery Delayed | Invoice Blocked | Invoice Corrected,
P2P-001957,1.0,0,True,,,
P2P-001958,0.8666666666666667,2,False,,Invoice Blocked | Invoice Corrected,
P2P-001959,0.8666666666666667,2,False,,Invoice Blocked | Invoice Corrected,
P2P-001960,0.9285714285714286,1,False,,Delivery Delayed,
P2P-001961,1.0,0,True,,,
P2P-001962,0.7857142857142857,3,False,,Three-Way Match Failed,
P2P-001963,0.8666666666666667,2,False,,Request Reworked,Manager Approval
P2P-001964,0.9230769230769231,1,False,Manager Approval,,
P2P-001965,0.8666666666666667,2,False,,Request Reworked,Manager Approval
P2P-001966,0.7647058823529411,4,False,,Corrected Invoice Received | Duplicate Check Failed | Invoice Rejected,Invoice Duplicate Check
P2P-001967,1.0,0,True,,,
P2P-001968,1.0,0,True,,,
P2P-001969,1.0,0,True,,,
P2P-001970,0.9285714285714286,1,False,,Delivery Delayed,
P2P-001971,1.0,0,True,,,
P2P-001972,0.9230769230769231,1,False,Manager Approval,,
P2P-001973,0.8125,3,False,,Payment Rejected,Invoice Matched | Payment Authorized
P2P-001974,1.0,0,True,,,
P2P-001975,1.0,0,True,,,
P2P-001976,1.0,0,True,,,
P2P-001977,0.9230769230769231,1,False,Manager Approval,,
P2P-001978,1.0,0,True,,,
P2P-001979,1.0,0,True,,,
P2P-001980,1.0,0,True,,,
P2P-001981,1.0,0,True,,,
P2P-001982,0.8125,3,False,,Delivery Delayed | Invoice Blocked | Invoice Corrected,
P2P-001983,1.0,0,True,,,
P2P-001984,0.9285714285714286,1,False,,Delivery Delayed,
P2P-001985,1.0,0,True,,,
P2P-001986,1.0,0,True,,,
P2P-001987,1.0,0,True,,,
P2P-001988,0.9230769230769231,1,False,Manager Approval,,
P2P-001989,1.0,0,True,,,
P2P-001990,0.8666666666666667,2,False,,Request Reworked,Manager Approval
P2P-001991,1.0,0,True,,,
P2P-001992,0.8666666666666667,2,False,,Invoice Blocked | Invoice Corrected,
P2P-001993,1.0,0,True,,,
P2P-001994,1.0,0,True,,,
P2P-001995,1.0,0,True,,,
P2P-001996,1.0,0,True,,,
P2P-001997,0.8125,3,False,,Payment Rejected,Invoice Matched | Payment Authorized
P2P-001998,0.9285714285714286,1,False,,Delivery Delayed,
P2P-001999,1.0,0,True,,,
P2P-002000,0.8666666666666667,2,False,,Invoice Blocked | Invoice Corrected,
P2P-002001,1.0,0,True,,,
P2P-002002,1.0,0,True,,,
P2P-002003,1.0,0,True,,,
P2P-002004,1.0,0,True,,,
P2P-002005,1.0,0,True,,,
P2P-002006,0.8461538461538461,2,False,Manager Approval,Delivery Delayed,
P2P-002007,1.0,0,True,,,
P2P-002008,0.8,3,False,,Delivery Delayed | Three-Way Match Failed,
P2P-002009,1.0,0,True,,,
P2P-002010,1.0,0,True,,,
P2P-002011,1.0,0,True,,,
P2P-002012,1.0,0,True,,,
P2P-002013,0.8125,3,False,,Delivery Delayed | Invoice Blocked | Invoice Corrected,
P2P-002014,0.9230769230769231,1,False,Manager Approval,,
P2P-002015,0.8666666666666667,2,False,,Request Reworked,Manager Approval
P2P-002016,0.8666666666666667,2,False,,Invoice Blocked | Invoice Corrected,
P2P-002017,1.0,0,True,,,
P2P-002018,0.9285714285714286,1,False,,Delivery Delayed,
P2P-002019,1.0,0,True,,,
P2P-002020,0.9230769230769231,1,False,Manager Approval,,
P2P-002021,1.0,0,True,,,
P2P-002022,0.8666666666666667,2,False,,Invoice Blocked | Invoice Corrected,
P2P-002023,1.0,0,True,,,
P2P-002024,0.8125,3,False,,Payment Rejected,Invoice Matched | Payment Authorized
P2P-002025,1.0,0,True,,,
P2P-002026,0.8125,3,False,,Delivery Delayed | Invoice Blocked | Invoice Corrected,
P2P-002027,1.0,0,True,,,
P2P-002028,0.7857142857142857,3,False,,Three-Way Match Failed,
P2P-002029,1.0,0,True,,,
P2P-002030,0.9230769230769231,1,False,Manager Approval,,
P2P-002031,0.8666666666666667,2,False,,Request Reworked,Manager Approval
P2P-002032,1.0,0,True,,,
P2P-002033,0.8666666666666667,2,False,,Invoice Blocked | Invoice Corrected,
P2P-002034,0.8666666666666667,2,False,,Request Reworked,Manager Approval
P2P-002035,0.7857142857142857,3,False,,Three-Way Match Failed,
P2P-002036,0.8666666666666667,2,False,,Request Reworked,Manager Approval
P2P-002037,1.0,0,True,,,
P2P-002038,1.0,0,True,,,
P2P-002039,0.8666666666666667,2,False,,Request Reworked,Manager Approval
P2P-002040,0.9230769230769231,1,False,Manager Approval,,
P2P-002041,1.0,0,True,,,
P2P-002042,0.8666666666666667,2,False,,Invoice Blocked | Invoice Corrected,
P2P-002043,0.9285714285714286,1,False,,Delivery Delayed,
P2P-002044,0.8666666666666667,2,False,,Request Reworked,Manager Approval
P2P-002045,0.7857142857142857,3,False,,Three-Way Match Failed,
P2P-002046,0.7647058823529411,4,False,,Delivery Delayed | Payment Rejected,Invoice Matched | Payment Authorized
P2P-002047,1.0,0,True,,,
P2P-002048,1.0,0,True,,,
P2P-002049,1.0,0,True,,,
P2P-002050,0.9230769230769231,1,False,Manager Approval,,
P2P-002051,0.8461538461538461,2,False,Manager Approval,Delivery Delayed,
P2P-002052,0.9285714285714286,1,False,,Delivery Delayed,
P2P-002053,0.9285714285714286,1,False,,Delivery Delayed,
P2P-002054,0.8125,3,False,,Payment Rejected,Invoice Matched | Payment Authorized
P2P-002055,1.0,0,True,,,
P2P-002056,1.0,0,True,,,
P2P-002057,0.7857142857142857,3,False,,Three-Way Match Failed,
P2P-002058,1.0,0,True,,,
P2P-002059,1.0,0,True,,,
P2P-002060,0.9230769230769231,1,False,Manager Approval,,
P2P-002061,1.0,0,True,,,
P2P-002062,0.9285714285714286,1,False,,Delivery Delayed,
P2P-002063,1.0,0,True,,,
P2P-002064,0.8666666666666667,2,False,,Request Reworked,Manager Approval
P2P-002065,1.0,0,True,,,
P2P-002066,0.7222222222222222,5,False,,Corrected Invoice Received | Delivery Delayed | Duplicate Check Failed | Invoice Rejected,Invoice Duplicate Check
P2P-002067,1.0,0,True,,,
P2P-002068,0.9230769230769231,1,False,Manager Approval,,
P2P-002069,0.9230769230769231,1,False,Manager Approval,,
P2P-002070,1.0,0,True,,,
P2P-002071,1.0,0,True,,,
P2P-002072,1.0,0,True,,,
P2P-002073,0.8125,3,False,,Delivery Delayed | Invoice Blocked | Invoice Corrected,
P2P-002074,0.9230769230769231,1,False,Manager Approval,,
P2P-002075,1.0,0,True,,,
P2P-002076,1.0,0,True,,,
P2P-002077,0.9230769230769231,1,False,Manager Approval,,
P2P-002078,1.0,0,True,,,
P2P-002079,1.0,0,True,,,
P2P-002080,1.0,0,True,,,
P2P-002081,1.0,0,True,,,
P2P-002082,0.7857142857142857,3,False,,Three-Way Match Failed,
P2P-002083,1.0,0,True,,,
P2P-002084,0.8125,3,False,,Delivery Delayed | Invoice Blocked | Invoice Corrected,
P2P-002085,0.8666666666666667,2,False,,Request Reworked,Manager Approval
P2P-002086,1.0,0,True,,,
P2P-002087,0.9230769230769231,1,False,Manager Approval,,
P2P-002088,1.0,0,True,,,
P2P-002089,0.8666666666666667,2,False,,Request Reworked,Manager Approval
P2P-002090,1.0,0,True,,,
P2P-002091,0.7857142857142857,3,False,,Three-Way Match Failed,
P2P-002092,1.0,0,True,,,
P2P-002093,0.7857142857142857,3,False,,Three-Way Match Failed,
P2P-002094,1.0,0,True,,,
P2P-002095,0.7647058823529411,4,False,,Corrected Invoice Received | Duplicate Check Failed | Invoice Rejected,Invoice Duplicate Check
P2P-002096,0.8666666666666667,2,False,,Request Reworked,Manager Approval
P2P-002097,1.0,0,True,,,
P2P-002098,1.0,0,True,,,
P2P-002099,1.0,0,True,,,
P2P-002100,0.8666666666666667,2,False,,Invoice Blocked | Invoice Corrected,
P2P-002101,1.0,0,True,,,
P2P-002102,1.0,0,True,,,
P2P-002103,0.9285714285714286,1,False,,Delivery Delayed,
P2P-002104,0.8125,3,False,,Payment Rejected,Invoice Matched | Payment Authorized
P2P-002105,0.7647058823529411,4,False,,Delivery Delayed | Payment Rejected,Invoice Matched | Payment Authorized
P2P-002106,1.0,0,True,,,
P2P-002107,0.8666666666666667,2,False,,Invoice Blocked | Invoice Corrected,
P2P-002108,0.8666666666666667,2,False,,Request Reworked,Manager Approval
P2P-002109,0.8125,3,False,,Delivery Delayed | Invoice Blocked | Invoice Corrected,
P2P-002110,0.8666666666666667,2,False,,Request Reworked,Manager Approval
P2P-002111,0.8666666666666667,2,False,,Request Reworked,Manager Approval
P2P-002112,1.0,0,True,,,
P2P-002113,0.8125,3,False,,Payment Rejected,Invoice Matched | Payment Authorized
P2P-002114,1.0,0,True,,,
P2P-002115,0.9285714285714286,1,False,,Delivery Delayed,
P2P-002116,0.7647058823529411,4,False,,Corrected Invoice Received | Duplicate Check Failed | Invoice Rejected,Invoice Duplicate Check
P2P-002117,0.9230769230769231,1,False,Manager Approval,,
P2P-002118,0.8666666666666667,2,False,,Invoice Blocked | Invoice Corrected,
P2P-002119,0.8125,3,False,,Payment Rejected,Invoice Matched | Payment Authorized
P2P-002120,0.9230769230769231,1,False,Manager Approval,,
P2P-002121,1.0,0,True,,,
P2P-002122,1.0,0,True,,,
P2P-002123,1.0,0,True,,,
P2P-002124,1.0,0,True,,,
P2P-002125,1.0,0,True,,,
P2P-002126,1.0,0,True,,,
P2P-002127,0.9230769230769231,1,False,Manager Approval,,
P2P-002128,0.9230769230769231,1,False,Manager Approval,,
P2P-002129,1.0,0,True,,,
P2P-002130,1.0,0,True,,,
P2P-002131,1.0,0,True,,,
P2P-002132,1.0,0,True,,,
P2P-002133,0.9285714285714286,1,False,,Delivery Delayed,
P2P-002134,0.7647058823529411,4,False,,Corrected Invoice Received | Duplicate Check Failed | Invoice Rejected,Invoice Duplicate Check
P2P-002135,0.7647058823529411,4,False,,Corrected Invoice Received | Duplicate Check Failed | Invoice Rejected,Invoice Duplicate Check
P2P-002136,1.0,0,True,,,
P2P-002137,0.8125,3,False,,Payment Rejected,Invoice Matched | Payment Authorized
P2P-002138,1.0,0,True,,,
P2P-002139,1.0,0,True,,,
P2P-002140,0.8666666666666667,2,False,,Invoice Blocked | Invoice Corrected,
P2P-002141,0.7647058823529411,4,False,,Corrected Invoice Received | Duplicate Check Failed | Invoice Rejected,Invoice Duplicate Check
P2P-002142,1.0,0,True,,,
P2P-002143,1.0,0,True,,,
P2P-002144,0.9285714285714286,1,False,,Delivery Delayed,
P2P-002145,1.0,0,True,,,
P2P-002146,0.8666666666666667,2,False,,Request Reworked,Manager Approval
P2P-002147,0.8125,3,False,,Payment Rejected,Invoice Matched | Payment Authorized
P2P-002148,1.0,0,True,,,
P2P-002149,0.9285714285714286,1,False,,Delivery Delayed,
P2P-002150,1.0,0,True,,,
P2P-002151,0.8666666666666667,2,False,,Invoice Blocked | Invoice Corrected,
P2P-002152,1.0,0,True,,,
P2P-002153,1.0,0,True,,,
P2P-002154,0.9285714285714286,1,False,,Delivery Delayed,
P2P-002155,0.8666666666666667,2,False,,Request Reworked,Manager Approval
P2P-002156,1.0,0,True,,,
P2P-002157,0.8666666666666667,2,False,,Invoice Blocked | Invoice Corrected,
P2P-002158,1.0,0,True,,,
P2P-002159,0.9230769230769231,1,False,Manager Approval,,
P2P-002160,0.9285714285714286,1,False,,Delivery Delayed,
P2P-002161,1.0,0,True,,,
P2P-002162,1.0,0,True,,,
P2P-002163,0.8125,3,False,,Payment Rejected,Invoice Matched | Payment Authorized
P2P-002164,0.9230769230769231,1,False,Manager Approval,,
P2P-002165,1.0,0,True,,,
P2P-002166,1.0,0,True,,,
P2P-002167,0.9285714285714286,1,False,,Delivery Delayed,
P2P-002168,0.8666666666666667,2,False,,Invoice Blocked | Invoice Corrected,
P2P-002169,1.0,0,True,,,
P2P-002170,1.0,0,True,,,
P2P-002171,0.9285714285714286,1,False,,Delivery Delayed,
P2P-002172,0.8666666666666667,2,False,,Request Reworked,Manager Approval
P2P-002173,0.7222222222222222,5,False,,Corrected Invoice Received | Delivery Delayed | Duplicate Check Failed | Invoice Rejected,Invoice Duplicate Check
P2P-002174,0.7647058823529411,4,False,,Corrected Invoice Received | Duplicate Check Failed | Invoice Rejected,Invoice Duplicate Check
P2P-002175,1.0,0,True,,,
P2P-002176,0.8666666666666667,2,False,,Request Reworked,Manager Approval
P2P-002177,1.0,0,True,,,
P2P-002178,1.0,0,True,,,
P2P-002179,1.0,0,True,,,
P2P-002180,1.0,0,True,,,
P2P-002181,1.0,0,True,,,
P2P-002182,0.8666666666666667,2,False,,Request Reworked,Manager Approval
P2P-002183,0.8461538461538461,2,False,Manager Approval,Delivery Delayed,
P2P-002184,0.9230769230769231,1,False,Manager Approval,,
P2P-002185,0.8125,3,False,,Delivery Delayed | Invoice Blocked | Invoice Corrected,
P2P-002186,0.9230769230769231,1,False,Manager Approval,,
P2P-002187,1.0,0,True,,,
P2P-002188,0.7647058823529411,4,False,,Corrected Invoice Received | Duplicate Check Failed | Invoice Rejected,Invoice Duplicate Check
P2P-002189,0.7857142857142857,3,False,,Three-Way Match Failed,
P2P-002190,0.9285714285714286,1,False,,Delivery Delayed,
P2P-002191,0.7647058823529411,4,False,,Corrected Invoice Received | Duplicate Check Failed | Invoice Rejected,Invoice Duplicate Check
P2P-002192,0.9230769230769231,1,False,Manager Approval,,
P2P-002193,1.0,0,True,,,
P2P-002194,1.0,0,True,,,
P2P-002195,0.8666666666666667,2,False,,Request Reworked,Manager Approval
P2P-002196,1.0,0,True,,,
P2P-002197,1.0,0,True,,,
P2P-002198,0.8666666666666667,2,False,,Request Reworked,Manager Approval
P2P-002199,0.8666666666666667,2,False,,Invoice Blocked | Invoice Corrected,
P2P-002200,1.0,0,True,,,
P2P-002201,1.0,0,True,,,
P2P-002202,0.9230769230769231,1,False,Manager Approval,,
P2P-002203,1.0,0,True,,,
P2P-002204,1.0,0,True,,,
P2P-002205,0.9230769230769231,1,False,Manager Approval,,
P2P-002206,1.0,0,True,,,
P2P-002207,1.0,0,True,,,
P2P-002208,1.0,0,True,,,
P2P-002209,0.8125,3,False,,Payment Rejected,Invoice Matched | Payment Authorized
P2P-002210,1.0,0,True,,,
P2P-002211,0.9230769230769231,1,False,Manager Approval,,
P2P-002212,0.9230769230769231,1,False,Manager Approval,,
P2P-002213,1.0,0,True,,,
P2P-002214,1.0,0,True,,,
P2P-002215,0.7647058823529411,4,False,,Corrected Invoice Received | Duplicate Check Failed | Invoice Rejected,Invoice Duplicate Check
P2P-002216,1.0,0,True,,,
P2P-002217,1.0,0,True,,,
P2P-002218,0.7647058823529411,4,False,,Corrected Invoice Received | Duplicate Check Failed | Invoice Rejected,Invoice Duplicate Check
P2P-002219,0.9230769230769231,1,False,Manager Approval,,
P2P-002220,0.8666666666666667,2,False,,Invoice Blocked | Invoice Corrected,
P2P-002221,1.0,0,True,,,
P2P-002222,1.0,0,True,,,
P2P-002223,0.9285714285714286,1,False,,Delivery Delayed,
P2P-002224,0.7647058823529411,4,False,,Delivery Delayed | Payment Rejected,Invoice Matched | Payment Authorized
P2P-002225,1.0,0,True,,,
P2P-002226,1.0,0,True,,,
P2P-002227,1.0,0,True,,,
P2P-002228,1.0,0,True,,,
P2P-002229,1.0,0,True,,,
P2P-002230,0.7647058823529411,4,False,,Corrected Invoice Received | Duplicate Check Failed | Invoice Rejected,Invoice Duplicate Check
P2P-002231,1.0,0,True,,,
P2P-002232,0.9230769230769231,1,False,Manager Approval,,
P2P-002233,0.7647058823529411,4,False,,Delivery Delayed | Payment Rejected,Invoice Matched | Payment Authorized
P2P-002234,0.7857142857142857,3,False,,Three-Way Match Failed,
P2P-002235,1.0,0,True,,,
P2P-002236,0.8666666666666667,2,False,,Request Reworked,Manager Approval
P2P-002237,0.8666666666666667,2,False,,Request Reworked,Manager Approval
P2P-002238,1.0,0,True,,,
P2P-002239,0.8125,3,False,,Payment Rejected,Invoice Matched | Payment Authorized
P2P-002240,1.0,0,True,,,
P2P-002241,0.8125,3,False,,Payment Rejected,Invoice Matched | Payment Authorized
P2P-002242,0.7857142857142857,3,False,,Three-Way Match Failed,
P2P-002243,0.8125,3,False,,Payment Rejected,Invoice Matched | Payment Authorized
P2P-002244,0.9230769230769231,1,False,Manager Approval,,
P2P-002245,1.0,0,True,,,
P2P-002246,1.0,0,True,,,
P2P-002247,0.9285714285714286,1,False,,Delivery Delayed,
P2P-002248,0.8125,3,False,,Delivery Delayed | Request Reworked,Manager Approval
P2P-002249,0.9230769230769231,1,False,Manager Approval,,
P2P-002250,0.9230769230769231,1,False,Manager Approval,,
P2P-002251,0.9230769230769231,1,False,Manager Approval,,
P2P-002252,0.7647058823529411,4,False,,Corrected Invoice Received | Duplicate Check Failed | Invoice Rejected,Invoice Duplicate Check
P2P-002253,1.0,0,True,,,
P2P-002254,0.9230769230769231,1,False,Manager Approval,,
P2P-002255,0.7647058823529411,4,False,,Corrected Invoice Received | Duplicate Check Failed | Invoice Rejected,Invoice Duplicate Check
P2P-002256,1.0,0,True,,,
P2P-002257,1.0,0,True,,,
P2P-002258,0.8125,3,False,,Payment Rejected,Invoice Matched | Payment Authorized
P2P-002259,0.8666666666666667,2,False,,Invoice Blocked | Invoice Corrected,
P2P-002260,0.7857142857142857,3,False,,Three-Way Match Failed,
P2P-002261,0.8666666666666667,2,False,,Invoice Blocked | Invoice Corrected,
P2P-002262,1.0,0,True,,,
P2P-002263,0.9285714285714286,1,False,,Delivery Delayed,
P2P-002264,0.8125,3,False,,Payment Rejected,Invoice Matched | Payment Authorized
P2P-002265,0.9230769230769231,1,False,Manager Approval,,
P2P-002266,0.9230769230769231,1,False,Manager Approval,,
P2P-002267,0.9230769230769231,1,False,Manager Approval,,
P2P-002268,0.9230769230769231,1,False,Manager Approval,,
P2P-002269,0.7857142857142857,3,False,,Three-Way Match Failed,
P2P-002270,0.7222222222222222,5,False,,Corrected Invoice Received | Delivery Delayed | Duplicate Check Failed | Invoice Rejected,Invoice Duplicate Check
P2P-002271,1.0,0,True,,,
P2P-002272,0.8666666666666667,2,False,,Invoice Blocked | Invoice Corrected,
P2P-002273,0.8125,3,False,,Delivery Delayed | Invoice Blocked | Invoice Corrected,
P2P-002274,1.0,0,True,,,
P2P-002275,0.7857142857142857,3,False,,Three-Way Match Failed,
P2P-002276,0.9285714285714286,1,False,,Delivery Delayed,
P2P-002277,0.7857142857142857,3,False,,Three-Way Match Failed,
P2P-002278,0.8666666666666667,2,False,,Request Reworked,Manager Approval
P2P-002279,0.8666666666666667,2,False,,Request Reworked,Manager Approval
P2P-002280,1.0,0,True,,,
P2P-002281,0.8666666666666667,2,False,,Invoice Blocked | Invoice Corrected,
P2P-002282,1.0,0,True,,,
P2P-002283,0.8666666666666667,2,False,,Invoice Blocked | Invoice Corrected,
P2P-002284,0.8125,3,False,,Delivery Delayed | Request Reworked,Manager Approval
P2P-002285,0.9285714285714286,1,False,,Delivery Delayed,
P2P-002286,0.8666666666666667,2,False,,Request Reworked,Manager Approval
P2P-002287,1.0,0,True,,,
P2P-002288,0.7647058823529411,4,False,,Corrected Invoice Received | Duplicate Check Failed | Invoice Rejected,Invoice Duplicate Check
P2P-002289,0.9285714285714286,1,False,,Delivery Delayed,
P2P-002290,0.7647058823529411,4,False,,Corrected Invoice Received | Duplicate Check Failed | Invoice Rejected,Invoice Duplicate Check
P2P-002291,0.7857142857142857,3,False,,Three-Way Match Failed,
P2P-002292,0.7647058823529411,4,False,,Corrected Invoice Received | Duplicate Check Failed | Invoice Rejected,Invoice Duplicate Check
P2P-002293,1.0,0,True,,,
P2P-002294,1.0,0,True,,,
P2P-002295,0.8125,3,False,,Payment Rejected,Invoice Matched | Payment Authorized
P2P-002296,0.8666666666666667,2,False,,Invoice Blocked | Invoice Corrected,
P2P-002297,1.0,0,True,,,
P2P-002298,0.8125,3,False,,Payment Rejected,Invoice Matched | Payment Authorized
P2P-002299,1.0,0,True,,,
P2P-002300,0.9230769230769231,1,False,Manager Approval,,
P2P-002301,0.7647058823529411,4,False,,Corrected Invoice Received | Duplicate Check Failed | Invoice Rejected,Invoice Duplicate Check
P2P-002302,1.0,0,True,,,
P2P-002303,1.0,0,True,,,
P2P-002304,1.0,0,True,,,
P2P-002305,1.0,0,True,,,
P2P-002306,0.7857142857142857,3,False,,Three-Way Match Failed,
P2P-002307,0.9230769230769231,1,False,Manager Approval,,
P2P-002308,0.9230769230769231,1,False,Manager Approval,,
P2P-002309,1.0,0,True,,,
P2P-002310,1.0,0,True,,,
P2P-002311,0.7647058823529411,4,False,,Corrected Invoice Received | Duplicate Check Failed | Invoice Rejected,Invoice Duplicate Check
P2P-002312,1.0,0,True,,,
P2P-002313,1.0,0,True,,,
P2P-002314,1.0,0,True,,,
P2P-002315,0.8666666666666667,2,False,,Request Reworked,Manager Approval
P2P-002316,1.0,0,True,,,
P2P-002317,1.0,0,True,,,
P2P-002318,1.0,0,True,,,
P2P-002319,1.0,0,True,,,
P2P-002320,0.7857142857142857,3,False,,Three-Way Match Failed,
P2P-002321,0.9285714285714286,1,False,,Delivery Delayed,
P2P-002322,1.0,0,True,,,
P2P-002323,0.7222222222222222,5,False,,Corrected Invoice Received | Delivery Delayed | Duplicate Check Failed | Invoice Rejected,Invoice Duplicate Check
P2P-002324,0.8666666666666667,2,False,,Invoice Blocked | Invoice Corrected,
P2P-002325,0.8125,3,False,,Payment Rejected,Invoice Matched | Payment Authorized
P2P-002326,1.0,0,True,,,
P2P-002327,0.7647058823529411,4,False,,Corrected Invoice Received | Duplicate Check Failed | Invoice Rejected,Invoice Duplicate Check
P2P-002328,1.0,0,True,,,
P2P-002329,0.8666666666666667,2,False,,Invoice Blocked | Invoice Corrected,
P2P-002330,1.0,0,True,,,
P2P-002331,0.9285714285714286,1,False,,Delivery Delayed,
P2P-002332,0.7857142857142857,3,False,,Three-Way Match Failed,
P2P-002333,1.0,0,True,,,
P2P-002334,1.0,0,True,,,
P2P-002335,0.7647058823529411,4,False,,Corrected Invoice Received | Duplicate Check Failed | Invoice Rejected,Invoice Duplicate Check
P2P-002336,1.0,0,True,,,
P2P-002337,0.8125,3,False,,Payment Rejected,Invoice Matched | Payment Authorized
P2P-002338,0.8125,3,False,,Payment Rejected,Invoice Matched | Payment Authorized
P2P-002339,0.9230769230769231,1,False,Manager Approval,,
P2P-002340,0.9230769230769231,1,False,Manager Approval,,
P2P-002341,1.0,0,True,,,
P2P-002342,0.7647058823529411,4,False,,Corrected Invoice Received | Duplicate Check Failed | Invoice Rejected,Invoice Duplicate Check
P2P-002343,0.8125,3,False,,Payment Rejected,Invoice Matched | Payment Authorized
P2P-002344,0.8666666666666667,2,False,,Invoice Blocked | Invoice Corrected,
P2P-002345,1.0,0,True,,,
P2P-002346,1.0,0,True,,,
P2P-002347,0.9230769230769231,1,False,Manager Approval,,
P2P-002348,0.8666666666666667,2,False,,Request Reworked,Manager Approval
P2P-002349,1.0,0,True,,,
P2P-002350,0.7647058823529411,4,False,,Corrected Invoice Received | Duplicate Check Failed | Invoice Rejected,Invoice Duplicate Check
P2P-002351,0.8125,3,False,,Delivery Delayed | Invoice Blocked | Invoice Corrected,
P2P-002352,0.9230769230769231,1,False,Manager Approval,,
P2P-002353,0.9230769230769231,1,False,Manager Approval,,
P2P-002354,0.8666666666666667,2,False,,Invoice Blocked | Invoice Corrected,
P2P-002355,0.8125,3,False,,Payment Rejected,Invoice Matched | Payment Authorized
P2P-002356,1.0,0,True,,,
P2P-002357,0.9230769230769231,1,False,Manager Approval,,
P2P-002358,0.9230769230769231,1,False,Manager Approval,,
P2P-002359,0.8666666666666667,2,False,,Request Reworked,Manager Approval
P2P-002360,0.7647058823529411,4,False,,Corrected Invoice Received | Duplicate Check Failed | Invoice Rejected,Invoice Duplicate Check
P2P-002361,0.9230769230769231,1,False,Manager Approval,,
P2P-002362,0.8125,3,False,,Payment Rejected,Invoice Matched | Payment Authorized
P2P-002363,0.9230769230769231,1,False,Manager Approval,,
P2P-002364,1.0,0,True,,,
P2P-002365,1.0,0,True,,,
P2P-002366,1.0,0,True,,,
P2P-002367,1.0,0,True,,,
P2P-002368,1.0,0,True,,,
P2P-002369,1.0,0,True,,,
P2P-002370,0.7857142857142857,3,False,,Three-Way Match Failed,
P2P-002371,0.8666666666666667,2,False,,Invoice Blocked | Invoice Corrected,
P2P-002372,0.7857142857142857,3,False,,Three-Way Match Failed,
P2P-002373,1.0,0,True,,,
P2P-002374,0.8666666666666667,2,False,,Invoice Blocked | Invoice Corrected,
P2P-002375,1.0,0,True,,,
P2P-002376,1.0,0,True,,,
P2P-002377,0.8666666666666667,2,False,,Invoice Blocked | Invoice Corrected,
P2P-002378,0.7647058823529411,4,False,,Corrected Invoice Received | Duplicate Check Failed | Invoice Rejected,Invoice Duplicate Check
P2P-002379,0.9230769230769231,1,False,Manager Approval,,
P2P-002380,1.0,0,True,,,
P2P-002381,1.0,0,True,,,
P2P-002382,1.0,0,True,,,
P2P-002383,1.0,0,True,,,
P2P-002384,0.8125,3,False,,Payment Rejected,Invoice Matched | Payment Authorized
P2P-002385,1.0,0,True,,,
P2P-002386,0.8,3,False,,Delivery Delayed | Three-Way Match Failed,
P2P-002387,1.0,0,True,,,
P2P-002388,1.0,0,True,,,
P2P-002389,0.9230769230769231,1,False,Manager Approval,,
P2P-002390,1.0,0,True,,,
P2P-002391,1.0,0,True,,,
P2P-002392,0.8666666666666667,2,False,,Request Reworked,Manager Approval
P2P-002393,1.0,0,True,,,
P2P-002394,1.0,0,True,,,
P2P-002395,0.9285714285714286,1,False,,Delivery Delayed,
P2P-002396,0.7857142857142857,3,False,,Three-Way Match Failed,
P2P-002397,1.0,0,True,,,
P2P-002398,1.0,0,True,,,
P2P-002399,0.7222222222222222,5,False,,Corrected Invoice Received | Delivery Delayed | Duplicate Check Failed | Invoice Rejected,Invoice Duplicate Check
P2P-002400,1.0,0,True,,,
P2P-002401,0.8125,3,False,,Delivery Delayed | Request Reworked,Manager Approval
P2P-002402,1.0,0,True,,,
P2P-002403,1.0,0,True,,,
P2P-002404,1.0,0,True,,,
P2P-002405,1.0,0,True,,,
P2P-002406,0.7857142857142857,3,False,,Three-Way Match Failed,
P2P-002407,0.7647058823529411,4,False,,Corrected Invoice Received | Duplicate Check Failed | Invoice Rejected,Invoice Duplicate Check
P2P-002408,0.7857142857142857,3,False,,Three-Way Match Failed,
P2P-002409,1.0,0,True,,,
P2P-002410,0.9230769230769231,1,False,Manager Approval,,
P2P-002411,0.8666666666666667,2,False,,Invoice Blocked | Invoice Corrected,
P2P-002412,0.8666666666666667,2,False,,Request Reworked,Manager Approval
P2P-002413,1.0,0,True,,,
P2P-002414,0.8666666666666667,2,False,,Request Reworked,Manager Approval
P2P-002415,0.8666666666666667,2,False,,Invoice Blocked | Invoice Corrected,
P2P-002416,0.9285714285714286,1,False,,Delivery Delayed,
P2P-002417,1.0,0,True,,,
P2P-002418,0.7647058823529411,4,False,,Corrected Invoice Received | Duplicate Check Failed | Invoice Rejected,Invoice Duplicate Check
P2P-002419,1.0,0,True,,,
P2P-002420,1.0,0,True,,,
P2P-002421,1.0,0,True,,,
P2P-002422,0.8666666666666667,2,False,,Invoice Blocked | Invoice Corrected,
P2P-002423,0.8666666666666667,2,False,,Request Reworked,Manager Approval
P2P-002424,1.0,0,True,,,
P2P-002425,0.7647058823529411,4,False,,Corrected Invoice Received | Duplicate Check Failed | Invoice Rejected,Invoice Duplicate Check
P2P-002426,0.9230769230769231,1,False,Manager Approval,,
P2P-002427,1.0,0,True,,,
P2P-002428,0.8125,3,False,,Payment Rejected,Invoice Matched | Payment Authorized
P2P-002429,0.8666666666666667,2,False,,Request Reworked,Manager Approval
P2P-002430,0.8666666666666667,2,False,,Invoice Blocked | Invoice Corrected,
P2P-002431,1.0,0,True,,,
P2P-002432,0.9285714285714286,1,False,,Delivery Delayed,
P2P-002433,1.0,0,True,,,
P2P-002434,1.0,0,True,,,
P2P-002435,0.7857142857142857,3,False,,Three-Way Match Failed,
P2P-002436,1.0,0,True,,,
P2P-002437,1.0,0,True,,,
P2P-002438,0.9285714285714286,1,False,,Delivery Delayed,
P2P-002439,0.8666666666666667,2,False,,Invoice Blocked | Invoice Corrected,
P2P-002440,1.0,0,True,,,
P2P-002441,0.9230769230769231,1,False,Manager Approval,,
P2P-002442,0.8666666666666667,2,False,,Invoice Blocked | Invoice Corrected,
P2P-002443,0.9230769230769231,1,False,Manager Approval,,
P2P-002444,1.0,0,True,,,
P2P-002445,1.0,0,True,,,
P2P-002446,1.0,0,True,,,
P2P-002447,1.0,0,True,,,
P2P-002448,0.7647058823529411,4,False,,Corrected Invoice Received | Duplicate Check Failed | Invoice Rejected,Invoice Duplicate Check
P2P-002449,1.0,0,True,,,
P2P-002450,0.7647058823529411,4,False,,Delivery Delayed | Payment Rejected,Invoice Matched | Payment Authorized
P2P-002451,0.8125,3,False,,Payment Rejected,Invoice Matched | Payment Authorized
P2P-002452,1.0,0,True,,,
P2P-002453,1.0,0,True,,,
P2P-002454,1.0,0,True,,,
P2P-002455,1.0,0,True,,,
P2P-002456,0.9230769230769231,1,False,Manager Approval,,
P2P-002457,0.9230769230769231,1,False,Manager Approval,,
P2P-002458,1.0,0,True,,,
P2P-002459,1.0,0,True,,,
P2P-002460,1.0,0,True,,,
P2P-002461,0.9285714285714286,1,False,,Delivery Delayed,
P2P-002462,0.7647058823529411,4,False,,Corrected Invoice Received | Duplicate Check Failed | Invoice Rejected,Invoice Duplicate Check
P2P-002463,0.7857142857142857,3,False,,Three-Way Match Failed,
P2P-002464,0.8666666666666667,2,False,,Invoice Blocked | Invoice Corrected,
P2P-002465,1.0,0,True,,,
P2P-002466,1.0,0,True,,,
P2P-002467,0.9285714285714286,1,False,,Delivery Delayed,
P2P-002468,0.8666666666666667,2,False,,Invoice Blocked | Invoice Corrected,
P2P-002469,1.0,0,True,,,
P2P-002470,0.7857142857142857,3,False,,Three-Way Match Failed,
P2P-002471,1.0,0,True,,,
P2P-002472,0.8666666666666667,2,False,,Invoice Blocked | Invoice Corrected,
P2P-002473,0.8125,3,False,,Payment Rejected,Invoice Matched | Payment Authorized
P2P-002474,0.8,3,False,,Delivery Delayed | Three-Way Match Failed,
P2P-002475,1.0,0,True,,,
P2P-002476,0.8666666666666667,2,False,,Invoice Blocked | Invoice Corrected,
P2P-002477,0.7857142857142857,3,False,,Three-Way Match Failed,
P2P-002478,0.9285714285714286,1,False,,Delivery Delayed,
P2P-002479,1.0,0,True,,,
P2P-002480,0.8666666666666667,2,False,,Request Reworked,Manager Approval
P2P-002481,0.8666666666666667,2,False,,Request Reworked,Manager Approval
P2P-002482,0.8461538461538461,2,False,Manager Approval,Delivery Delayed,
P2P-002483,0.7647058823529411,4,False,,Corrected Invoice Received | Duplicate Check Failed | Invoice Rejected,Invoice Duplicate Check
P2P-002484,0.7857142857142857,3,False,,Three-Way Match Failed,
P2P-002485,1.0,0,True,,,
P2P-002486,0.8666666666666667,2,False,,Request Reworked,Manager Approval
P2P-002487,0.7647058823529411,4,False,,Corrected Invoice Received | Duplicate Check Failed | Invoice Rejected,Invoice Duplicate Check
P2P-002488,0.9230769230769231,1,False,Manager Approval,,
P2P-002489,0.9230769230769231,1,False,Manager Approval,,
P2P-002490,0.8666666666666667,2,False,,Invoice Blocked | Invoice Corrected,
P2P-002491,0.8125,3,False,,Delivery Delayed | Invoice Blocked | Invoice Corrected,
P2P-002492,1.0,0,True,,,
P2P-002493,1.0,0,True,,,
P2P-002494,1.0,0,True,,,
P2P-002495,0.9230769230769231,1,False,Manager Approval,,
P2P-002496,0.8666666666666667,2,False,,Invoice Blocked | Invoice Corrected,
P2P-002497,0.7222222222222222,5,False,,Corrected Invoice Received | Delivery Delayed | Duplicate Check Failed | Invoice Rejected,Invoice Duplicate Check
P2P-002498,1.0,0,True,,,
P2P-002499,0.9230769230769231,1,False,Manager Approval,,
P2P-002500,1.0,0,True,,,
P2P-002501,0.9230769230769231,1,False,Manager Approval,,
P2P-002502,1.0,0,True,,,
P2P-002503,0.7647058823529411,4,False,,Corrected Invoice Received | Duplicate Check Failed | Invoice Rejected,Invoice Duplicate Check
P2P-002504,0.8125,3,False,,Delivery Delayed | Invoice Blocked | Invoice Corrected,
P2P-002505,0.8666666666666667,2,False,,Request Reworked,Manager Approval
P2P-002506,0.9230769230769231,1,False,Manager Approval,,
P2P-002507,1.0,0,True,,,
P2P-002508,1.0,0,True,,,
P2P-002509,1.0,0,True,,,
P2P-002510,1.0,0,True,,,
P2P-002511,1.0,0,True,,,
P2P-002512,1.0,0,True,,,
P2P-002513,1.0,0,True,,,
P2P-002514,1.0,0,True,,,
P2P-002515,1.0,0,True,,,
P2P-002516,1.0,0,True,,,
P2P-002517,0.9230769230769231,1,False,Manager Approval,,
P2P-002518,0.9285714285714286,1,False,,Delivery Delayed,
P2P-002519,0.9230769230769231,1,False,Manager Approval,,
P2P-002520,1.0,0,True,,,
P2P-002521,0.8666666666666667,2,False,,Invoice Blocked | Invoice Corrected,
P2P-002522,1.0,0,True,,,
P2P-002523,0.8,3,False,,Delivery Delayed | Three-Way Match Failed,
P2P-002524,1.0,0,True,,,
P2P-002525,0.9285714285714286,1,False,,Delivery Delayed,
P2P-002526,0.9230769230769231,1,False,Manager Approval,,
P2P-002527,0.8666666666666667,2,False,,Request Reworked,Manager Approval
P2P-002528,0.9230769230769231,1,False,Manager Approval,,
P2P-002529,1.0,0,True,,,
P2P-002530,0.9230769230769231,1,False,Manager Approval,,
P2P-002531,0.8666666666666667,2,False,,Invoice Blocked | Invoice Corrected,
P2P-002532,0.8666666666666667,2,False,,Invoice Blocked | Invoice Corrected,
P2P-002533,1.0,0,True,,,
P2P-002534,0.9285714285714286,1,False,,Delivery Delayed,
P2P-002535,0.9230769230769231,1,False,Manager Approval,,
P2P-002536,1.0,0,True,,,
P2P-002537,1.0,0,True,,,
P2P-002538,1.0,0,True,,,
P2P-002539,0.7647058823529411,4,False,,Corrected Invoice Received | Duplicate Check Failed | Invoice Rejected,Invoice Duplicate Check
P2P-002540,0.7857142857142857,3,False,,Three-Way Match Failed,
P2P-002541,0.7857142857142857,3,False,,Three-Way Match Failed,
P2P-002542,0.7647058823529411,4,False,,Corrected Invoice Received | Duplicate Check Failed | Invoice Rejected,Invoice Duplicate Check
P2P-002543,1.0,0,True,,,
P2P-002544,1.0,0,True,,,
P2P-002545,1.0,0,True,,,
P2P-002546,1.0,0,True,,,
P2P-002547,1.0,0,True,,,
P2P-002548,1.0,0,True,,,
P2P-002549,0.8666666666666667,2,False,,Request Reworked,Manager Approval
P2P-002550,0.7857142857142857,3,False,,Three-Way Match Failed,
P2P-002551,0.9230769230769231,1,False,Manager Approval,,
P2P-002552,0.8666666666666667,2,False,,Request Reworked,Manager Approval
P2P-002553,0.7857142857142857,3,False,,Three-Way Match Failed,
P2P-002554,1.0,0,True,,,
P2P-002555,1.0,0,True,,,
P2P-002556,0.8666666666666667,2,False,,Request Reworked,Manager Approval
P2P-002557,0.8666666666666667,2,False,,Invoice Blocked | Invoice Corrected,
P2P-002558,1.0,0,True,,,
P2P-002559,0.9230769230769231,1,False,Manager Approval,,
P2P-002560,0.8125,3,False,,Payment Rejected,Invoice Matched | Payment Authorized
P2P-002561,1.0,0,True,,,
P2P-002562,0.8666666666666667,2,False,,Invoice Blocked | Invoice Corrected,
P2P-002563,0.8666666666666667,2,False,,Invoice Blocked | Invoice Corrected,
P2P-002564,0.9285714285714286,1,False,,Delivery Delayed,
P2P-002565,1.0,0,True,,,
P2P-002566,0.8666666666666667,2,False,,Request Reworked,Manager Approval
P2P-002567,1.0,0,True,,,
P2P-002568,1.0,0,True,,,
P2P-002569,0.9285714285714286,1,False,,Delivery Delayed,
P2P-002570,1.0,0,True,,,
P2P-002571,0.9285714285714286,1,False,,Delivery Delayed,
P2P-002572,0.8125,3,False,,Payment Rejected,Invoice Matched | Payment Authorized
P2P-002573,0.8125,3,False,,Payment Rejected,Invoice Matched | Payment Authorized
P2P-002574,1.0,0,True,,,
P2P-002575,0.9285714285714286,1,False,,Delivery Delayed,
P2P-002576,0.8666666666666667,2,False,,Invoice Blocked | Invoice Corrected,
P2P-002577,1.0,0,True,,,
P2P-002578,0.9230769230769231,1,False,Manager Approval,,
P2P-002579,1.0,0,True,,,
P2P-002580,0.8125,3,False,,Delivery Delayed | Invoice Blocked | Invoice Corrected,
P2P-002581,1.0,0,True,,,
P2P-002582,0.8666666666666667,2,False,,Request Reworked,Manager Approval
P2P-002583,0.8125,3,False,,Payment Rejected,Invoice Matched | Payment Authorized
P2P-002584,1.0,0,True,,,
P2P-002585,1.0,0,True,,,
P2P-002586,0.9230769230769231,1,False,Manager Approval,,
P2P-002587,1.0,0,True,,,
P2P-002588,0.8666666666666667,2,False,,Invoice Blocked | Invoice Corrected,
P2P-002589,0.8666666666666667,2,False,,Request Reworked,Manager Approval
P2P-002590,0.9285714285714286,1,False,,Delivery Delayed,
P2P-002591,0.9230769230769231,1,False,Manager Approval,,
P2P-002592,0.7857142857142857,3,False,,Three-Way Match Failed,
P2P-002593,0.9230769230769231,1,False,Manager Approval,,
P2P-002594,1.0,0,True,,,
P2P-002595,1.0,0,True,,,
P2P-002596,0.8666666666666667,2,False,,Request Reworked,Manager Approval
P2P-002597,1.0,0,True,,,
P2P-002598,1.0,0,True,,,
P2P-002599,1.0,0,True,,,
P2P-002600,0.7222222222222222,5,False,,Corrected Invoice Received | Delivery Delayed | Duplicate Check Failed | Invoice Rejected,Invoice Duplicate Check
P2P-002601,0.8666666666666667,2,False,,Invoice Blocked | Invoice Corrected,
P2P-002602,0.9285714285714286,1,False,,Delivery Delayed,
P2P-002603,0.9230769230769231,1,False,Manager Approval,,
P2P-002604,1.0,0,True,,,
P2P-002605,1.0,0,True,,,
P2P-002606,0.9230769230769231,1,False,Manager Approval,,
P2P-002607,0.8666666666666667,2,False,,Request Reworked,Manager Approval
P2P-002608,1.0,0,True,,,
P2P-002609,0.8666666666666667,2,False,,Invoice Blocked | Invoice Corrected,
P2P-002610,0.8,3,False,,Delivery Delayed | Three-Way Match Failed,
P2P-002611,0.9230769230769231,1,False,Manager Approval,,
P2P-002612,0.9230769230769231,1,False,Manager Approval,,
P2P-002613,0.9230769230769231,1,False,Manager Approval,,
P2P-002614,0.7647058823529411,4,False,,Corrected Invoice Received | Duplicate Check Failed | Invoice Rejected,Invoice Duplicate Check
P2P-002615,0.8125,3,False,,Delivery Delayed | Invoice Blocked | Invoice Corrected,
P2P-002616,0.7647058823529411,4,False,,Corrected Invoice Received | Duplicate Check Failed | Invoice Rejected,Invoice Duplicate Check
P2P-002617,0.9230769230769231,1,False,Manager Approval,,
P2P-002618,1.0,0,True,,,
P2P-002619,0.8125,3,False,,Delivery Delayed | Request Reworked,Manager Approval
P2P-002620,0.8666666666666667,2,False,,Request Reworked,Manager Approval
P2P-002621,1.0,0,True,,,
P2P-002622,1.0,0,True,,,
P2P-002623,1.0,0,True,,,
P2P-002624,0.8666666666666667,2,False,,Invoice Blocked | Invoice Corrected,
P2P-002625,0.8666666666666667,2,False,,Request Reworked,Manager Approval
P2P-002626,0.8125,3,False,,Payment Rejected,Invoice Matched | Payment Authorized
P2P-002627,0.7647058823529411,4,False,,Corrected Invoice Received | Duplicate Check Failed | Invoice Rejected,Invoice Duplicate Check
P2P-002628,1.0,0,True,,,
P2P-002629,1.0,0,True,,,
P2P-002630,1.0,0,True,,,
P2P-002631,0.9230769230769231,1,False,Manager Approval,,
P2P-002632,1.0,0,True,,,
P2P-002633,0.8125,3,False,,Payment Rejected,Invoice Matched | Payment Authorized
P2P-002634,1.0,0,True,,,
P2P-002635,0.8666666666666667,2,False,,Request Reworked,Manager Approval
P2P-002636,0.9230769230769231,1,False,Manager Approval,,
P2P-002637,0.8666666666666667,2,False,,Invoice Blocked | Invoice Corrected,
P2P-002638,1.0,0,True,,,
P2P-002639,0.7647058823529411,4,False,,Corrected Invoice Received | Duplicate Check Failed | Invoice Rejected,Invoice Duplicate Check
P2P-002640,1.0,0,True,,,
P2P-002641,0.9285714285714286,1,False,,Delivery Delayed,
P2P-002642,1.0,0,True,,,
P2P-002643,1.0,0,True,,,
P2P-002644,0.7857142857142857,3,False,,Three-Way Match Failed,
P2P-002645,0.9285714285714286,1,False,,Delivery Delayed,
P2P-002646,1.0,0,True,,,
P2P-002647,1.0,0,True,,,
P2P-002648,0.7222222222222222,5,False,,Corrected Invoice Received | Delivery Delayed | Duplicate Check Failed | Invoice Rejected,Invoice Duplicate Check
P2P-002649,1.0,0,True,,,
P2P-002650,1.0,0,True,,,
P2P-002651,0.9230769230769231,1,False,Manager Approval,,
P2P-002652,0.9230769230769231,1,False,Manager Approval,,
P2P-002653,1.0,0,True,,,
P2P-002654,0.9230769230769231,1,False,Manager Approval,,
P2P-002655,1.0,0,True,,,
P2P-002656,0.8666666666666667,2,False,,Request Reworked,Manager Approval
P2P-002657,0.8666666666666667,2,False,,Request Reworked,Manager Approval
P2P-002658,0.7647058823529411,4,False,,Corrected Invoice Received | Duplicate Check Failed | Invoice Rejected,Invoice Duplicate Check
P2P-002659,0.7222222222222222,5,False,,Corrected Invoice Received | Delivery Delayed | Duplicate Check Failed | Invoice Rejected,Invoice Duplicate Check
P2P-002660,0.8666666666666667,2,False,,Invoice Blocked | Invoice Corrected,
P2P-002661,0.9230769230769231,1,False,Manager Approval,,
P2P-002662,0.7647058823529411,4,False,,Delivery Delayed | Payment Rejected,Invoice Matched | Payment Authorized
P2P-002663,1.0,0,True,,,
P2P-002664,0.7647058823529411,4,False,,Corrected Invoice Received | Duplicate Check Failed | Invoice Rejected,Invoice Duplicate Check
P2P-002665,1.0,0,True,,,
P2P-002666,1.0,0,True,,,
P2P-002667,1.0,0,True,,,
P2P-002668,1.0,0,True,,,
P2P-002669,0.8666666666666667,2,False,,Request Reworked,Manager Approval
P2P-002670,0.8666666666666667,2,False,,Invoice Blocked | Invoice Corrected,
P2P-002671,1.0,0,True,,,
P2P-002672,0.8666666666666667,2,False,,Request Reworked,Manager Approval
P2P-002673,0.7857142857142857,3,False,,Three-Way Match Failed,
P2P-002674,0.9230769230769231,1,False,Manager Approval,,
P2P-002675,1.0,0,True,,,
P2P-002676,0.8666666666666667,2,False,,Invoice Blocked | Invoice Corrected,
P2P-002677,0.8666666666666667,2,False,,Invoice Blocked | Invoice Corrected,
P2P-002678,0.7857142857142857,3,False,,Three-Way Match Failed,
P2P-002679,1.0,0,True,,,
P2P-002680,1.0,0,True,,,
P2P-002681,0.9230769230769231,1,False,Manager Approval,,
P2P-002682,0.7647058823529411,4,False,,Corrected Invoice Received | Duplicate Check Failed | Invoice Rejected,Invoice Duplicate Check
P2P-002683,0.8125,3,False,,Delivery Delayed | Request Reworked,Manager Approval
P2P-002684,0.9230769230769231,1,False,Manager Approval,,
P2P-002685,0.7857142857142857,3,False,,Three-Way Match Failed,
P2P-002686,0.8125,3,False,,Delivery Delayed | Request Reworked,Manager Approval
P2P-002687,0.9285714285714286,1,False,,Delivery Delayed,
P2P-002688,0.8125,3,False,,Delivery Delayed | Request Reworked,Manager Approval
P2P-002689,1.0,0,True,,,
P2P-002690,0.9230769230769231,1,False,Manager Approval,,
P2P-002691,0.7647058823529411,4,False,,Corrected Invoice Received | Duplicate Check Failed | Invoice Rejected,Invoice Duplicate Check
P2P-002692,1.0,0,True,,,
P2P-002693,0.7857142857142857,3,False,,Three-Way Match Failed,
P2P-002694,1.0,0,True,,,
P2P-002695,0.8666666666666667,2,False,,Invoice Blocked | Invoice Corrected,
P2P-002696,1.0,0,True,,,
P2P-002697,0.8666666666666667,2,False,,Invoice Blocked | Invoice Corrected,
P2P-002698,1.0,0,True,,,
P2P-002699,0.9230769230769231,1,False,Manager Approval,,
P2P-002700,0.8125,3,False,,Delivery Delayed | Request Reworked,Manager Approval
P2P-002701,1.0,0,True,,,
P2P-002702,1.0,0,True,,,
P2P-002703,0.8666666666666667,2,False,,Request Reworked,Manager Approval
P2P-002704,0.9285714285714286,1,False,,Delivery Delayed,
P2P-002705,0.7222222222222222,5,False,,Corrected Invoice Received | Delivery Delayed | Duplicate Check Failed | Invoice Rejected,Invoice Duplicate Check
P2P-002706,0.7857142857142857,3,False,,Three-Way Match Failed,
P2P-002707,1.0,0,True,,,
P2P-002708,0.8666666666666667,2,False,,Request Reworked,Manager Approval
P2P-002709,0.8666666666666667,2,False,,Invoice Blocked | Invoice Corrected,
P2P-002710,1.0,0,True,,,
P2P-002711,1.0,0,True,,,
P2P-002712,0.9230769230769231,1,False,Manager Approval,,
P2P-002713,0.7647058823529411,4,False,,Corrected Invoice Received | Duplicate Check Failed | Invoice Rejected,Invoice Duplicate Check
P2P-002714,0.7857142857142857,3,False,,Three-Way Match Failed,
P2P-002715,0.7647058823529411,4,False,,Corrected Invoice Received | Duplicate Check Failed | Invoice Rejected,Invoice Duplicate Check
P2P-002716,0.9285714285714286,1,False,,Delivery Delayed,
P2P-002717,0.8666666666666667,2,False,,Invoice Blocked | Invoice Corrected,
P2P-002718,0.7857142857142857,3,False,,Three-Way Match Failed,
P2P-002719,1.0,0,True,,,
P2P-002720,0.8125,3,False,,Payment Rejected,Invoice Matched | Payment Authorized
P2P-002721,1.0,0,True,,,
P2P-002722,0.8,3,False,,Delivery Delayed | Three-Way Match Failed,
P2P-002723,1.0,0,True,,,
P2P-002724,1.0,0,True,,,
P2P-002725,0.7647058823529411,4,False,,Corrected Invoice Received | Duplicate Check Failed | Invoice Rejected,Invoice Duplicate Check
P2P-002726,0.8125,3,False,,Delivery Delayed | Invoice Blocked | Invoice Corrected,
P2P-002727,0.8666666666666667,2,False,,Request Reworked,Manager Approval
P2P-002728,1.0,0,True,,,
P2P-002729,1.0,0,True,,,
P2P-002730,1.0,0,True,,,
P2P-002731,1.0,0,True,,,
P2P-002732,0.8666666666666667,2,False,,Request Reworked,Manager Approval
P2P-002733,0.9230769230769231,1,False,Manager Approval,,
P2P-002734,0.8,3,False,,Delivery Delayed | Three-Way Match Failed,
P2P-002735,1.0,0,True,,,
P2P-002736,0.9285714285714286,1,False,,Delivery Delayed,
P2P-002737,0.8666666666666667,2,False,,Invoice Blocked | Invoice Corrected,
P2P-002738,0.8666666666666667,2,False,,Invoice Blocked | Invoice Corrected,
P2P-002739,1.0,0,True,,,
P2P-002740,0.8125,3,False,,Payment Rejected,Invoice Matched | Payment Authorized
P2P-002741,0.9230769230769231,1,False,Manager Approval,,
P2P-002742,1.0,0,True,,,
P2P-002743,0.9285714285714286,1,False,,Delivery Delayed,
P2P-002744,1.0,0,True,,,
P2P-002745,1.0,0,True,,,
P2P-002746,0.7647058823529411,4,False,,Corrected Invoice Received | Duplicate Check Failed | Invoice Rejected,Invoice Duplicate Check
P2P-002747,0.7647058823529411,4,False,,Corrected Invoice Received | Duplicate Check Failed | Invoice Rejected,Invoice Duplicate Check
P2P-002748,0.9285714285714286,1,False,,Delivery Delayed,
P2P-002749,1.0,0,True,,,
P2P-002750,0.7857142857142857,3,False,,Three-Way Match Failed,
P2P-002751,0.8666666666666667,2,False,,Request Reworked,Manager Approval
P2P-002752,0.7857142857142857,3,False,,Three-Way Match Failed,
P2P-002753,0.9230769230769231,1,False,Manager Approval,,
P2P-002754,0.7647058823529411,4,False,,Corrected Invoice Received | Duplicate Check Failed | Invoice Rejected,Invoice Duplicate Check
P2P-002755,0.8666666666666667,2,False,,Invoice Blocked | Invoice Corrected,
P2P-002756,0.7857142857142857,3,False,,Three-Way Match Failed,
P2P-002757,0.8666666666666667,2,False,,Request Reworked,Manager Approval
P2P-002758,0.7647058823529411,4,False,,Corrected Invoice Received | Duplicate Check Failed | Invoice Rejected,Invoice Duplicate Check
P2P-002759,1.0,0,True,,,
P2P-002760,1.0,0,True,,,
P2P-002761,0.9230769230769231,1,False,Manager Approval,,
P2P-002762,1.0,0,True,,,
P2P-002763,0.8666666666666667,2,False,,Request Reworked,Manager Approval
P2P-002764,1.0,0,True,,,
P2P-002765,1.0,0,True,,,
P2P-002766,0.8125,3,False,,Delivery Delayed | Invoice Blocked | Invoice Corrected,
P2P-002767,0.9230769230769231,1,False,Manager Approval,,
P2P-002768,0.7647058823529411,4,False,,Corrected Invoice Received | Duplicate Check Failed | Invoice Rejected,Invoice Duplicate Check
P2P-002769,0.7857142857142857,3,False,,Three-Way Match Failed,
P2P-002770,0.9230769230769231,1,False,Manager Approval,,
P2P-002771,0.8666666666666667,2,False,,Request Reworked,Manager Approval
P2P-002772,1.0,0,True,,,
P2P-002773,1.0,0,True,,,
P2P-002774,0.8666666666666667,2,False,,Invoice Blocked | Invoice Corrected,
P2P-002775,0.9230769230769231,1,False,Manager Approval,,
P2P-002776,0.8666666666666667,2,False,,Invoice Blocked | Invoice Corrected,
P2P-002777,0.8666666666666667,2,False,,Invoice Blocked | Invoice Corrected,
P2P-002778,0.9230769230769231,1,False,Manager Approval,,
P2P-002779,0.8125,3,False,,Delivery Delayed | Invoice Blocked | Invoice Corrected,
P2P-002780,1.0,0,True,,,
P2P-002781,1.0,0,True,,,
P2P-002782,1.0,0,True,,,
P2P-002783,1.0,0,True,,,
P2P-002784,0.7857142857142857,3,False,,Three-Way Match Failed,
P2P-002785,0.8666666666666667,2,False,,Invoice Blocked | Invoice Corrected,
P2P-002786,0.9230769230769231,1,False,Manager Approval,,
P2P-002787,0.7647058823529411,4,False,,Corrected Invoice Received | Duplicate Check Failed | Invoice Rejected,Invoice Duplicate Check
P2P-002788,1.0,0,True,,,
P2P-002789,0.9230769230769231,1,False,Manager Approval,,
P2P-002790,0.9285714285714286,1,False,,Delivery Delayed,
P2P-002791,1.0,0,True,,,
P2P-002792,1.0,0,True,,,
P2P-002793,0.7647058823529411,4,False,,Corrected Invoice Received | Duplicate Check Failed | Invoice Rejected,Invoice Duplicate Check
P2P-002794,0.7647058823529411,4,False,,Corrected Invoice Received | Duplicate Check Failed | Invoice Rejected,Invoice Duplicate Check
P2P-002795,1.0,0,True,,,
P2P-002796,0.7857142857142857,3,False,,Three-Way Match Failed,
P2P-002797,0.8461538461538461,2,False,Manager Approval,Delivery Delayed,
P2P-002798,1.0,0,True,,,
P2P-002799,0.9285714285714286,1,False,,Delivery Delayed,
P2P-002800,0.7857142857142857,3,False,,Three-Way Match Failed,
P2P-002801,0.9285714285714286,1,False,,Delivery Delayed,
P2P-002802,0.8125,3,False,,Payment Rejected,Invoice Matched | Payment Authorized
P2P-002803,0.8666666666666667,2,False,,Request Reworked,Manager Approval
P2P-002804,0.8666666666666667,2,False,,Request Reworked,Manager Approval
P2P-002805,1.0,0,True,,,
P2P-002806,1.0,0,True,,,
P2P-002807,0.8125,3,False,,Payment Rejected,Invoice Matched | Payment Authorized
P2P-002808,1.0,0,True,,,
P2P-002809,1.0,0,True,,,
P2P-002810,0.7857142857142857,3,False,,Three-Way Match Failed,
P2P-002811,0.9285714285714286,1,False,,Delivery Delayed,
P2P-002812,1.0,0,True,,,
P2P-002813,1.0,0,True,,,
P2P-002814,1.0,0,True,,,
P2P-002815,1.0,0,True,,,
P2P-002816,0.8666666666666667,2,False,,Request Reworked,Manager Approval
P2P-002817,0.8666666666666667,2,False,,Invoice Blocked | Invoice Corrected,
P2P-002818,0.8666666666666667,2,False,,Request Reworked,Manager Approval
P2P-002819,0.7647058823529411,4,False,,Delivery Delayed | Payment Rejected,Invoice Matched | Payment Authorized
P2P-002820,1.0,0,True,,,
P2P-002821,0.8666666666666667,2,False,,Request Reworked,Manager Approval
P2P-002822,0.7647058823529411,4,False,,Corrected Invoice Received | Duplicate Check Failed | Invoice Rejected,Invoice Duplicate Check
P2P-002823,0.7647058823529411,4,False,,Corrected Invoice Received | Duplicate Check Failed | Invoice Rejected,Invoice Duplicate Check
P2P-002824,1.0,0,True,,,
P2P-002825,0.8125,3,False,,Delivery Delayed | Request Reworked,Manager Approval
P2P-002826,1.0,0,True,,,
P2P-002827,1.0,0,True,,,
P2P-002828,0.8666666666666667,2,False,,Invoice Blocked | Invoice Corrected,
P2P-002829,0.7857142857142857,3,False,,Three-Way Match Failed,
P2P-002830,0.8666666666666667,2,False,,Request Reworked,Manager Approval
P2P-002831,1.0,0,True,,,
P2P-002832,0.9230769230769231,1,False,Manager Approval,,
P2P-002833,1.0,0,True,,,
P2P-002834,0.8666666666666667,2,False,,Request Reworked,Manager Approval
P2P-002835,1.0,0,True,,,
P2P-002836,1.0,0,True,,,
P2P-002837,0.7857142857142857,3,False,,Three-Way Match Failed,
P2P-002838,0.9285714285714286,1,False,,Delivery Delayed,
P2P-002839,1.0,0,True,,,
P2P-002840,1.0,0,True,,,
P2P-002841,1.0,0,True,,,
P2P-002842,1.0,0,True,,,
P2P-002843,1.0,0,True,,,
P2P-002844,0.9285714285714286,1,False,,Delivery Delayed,
P2P-002845,1.0,0,True,,,
P2P-002846,1.0,0,True,,,
P2P-002847,0.9285714285714286,1,False,,Delivery Delayed,
P2P-002848,0.8125,3,False,,Payment Rejected,Invoice Matched | Payment Authorized
P2P-002849,1.0,0,True,,,
P2P-002850,1.0,0,True,,,
P2P-002851,0.8666666666666667,2,False,,Invoice Blocked | Invoice Corrected,
P2P-002852,0.9230769230769231,1,False,Manager Approval,,
P2P-002853,0.8666666666666667,2,False,,Request Reworked,Manager Approval
P2P-002854,1.0,0,True,,,
P2P-002855,0.7222222222222222,5,False,,Corrected Invoice Received | Delivery Delayed | Duplicate Check Failed | Invoice Rejected,Invoice Duplicate Check
P2P-002856,0.9230769230769231,1,False,Manager Approval,,
P2P-002857,1.0,0,True,,,
P2P-002858,1.0,0,True,,,
P2P-002859,0.8666666666666667,2,False,,Invoice Blocked | Invoice Corrected,
P2P-002860,0.8666666666666667,2,False,,Request Reworked,Manager Approval
P2P-002861,0.7857142857142857,3,False,,Three-Way Match Failed,
P2P-002862,1.0,0,True,,,
P2P-002863,0.7647058823529411,4,False,,Corrected Invoice Received | Duplicate Check Failed | Invoice Rejected,Invoice Duplicate Check
P2P-002864,1.0,0,True,,,
P2P-002865,1.0,0,True,,,
P2P-002866,1.0,0,True,,,
P2P-002867,0.8125,3,False,,Payment Rejected,Invoice Matched | Payment Authorized
P2P-002868,0.8125,3,False,,Payment Rejected,Invoice Matched | Payment Authorized
P2P-002869,1.0,0,True,,,
P2P-002870,1.0,0,True,,,
P2P-002871,0.8666666666666667,2,False,,Invoice Blocked | Invoice Corrected,
P2P-002872,0.9285714285714286,1,False,,Delivery Delayed,
P2P-002873,0.8461538461538461,2,False,Manager Approval,Delivery Delayed,
P2P-002874,1.0,0,True,,,
P2P-002875,1.0,0,True,,,
P2P-002876,1.0,0,True,,,
P2P-002877,0.8125,3,False,,Payment Rejected,Invoice Matched | Payment Authorized
P2P-002878,0.8,3,False,,Delivery Delayed | Three-Way Match Failed,
P2P-002879,1.0,0,True,,,
P2P-002880,1.0,0,True,,,
P2P-002881,0.8125,3,False,,Delivery Delayed | Invoice Blocked | Invoice Corrected,
P2P-002882,0.9230769230769231,1,False,Manager Approval,,
P2P-002883,0.7647058823529411,4,False,,Corrected Invoice Received | Duplicate Check Failed | Invoice Rejected,Invoice Duplicate Check
P2P-002884,0.7647058823529411,4,False,,Corrected Invoice Received | Duplicate Check Failed | Invoice Rejected,Invoice Duplicate Check
P2P-002885,0.9285714285714286,1,False,,Delivery Delayed,
P2P-002886,0.8666666666666667,2,False,,Request Reworked,Manager Approval
P2P-002887,0.8461538461538461,2,False,Manager Approval,Delivery Delayed,
P2P-002888,0.8666666666666667,2,False,,Invoice Blocked | Invoice Corrected,
P2P-002889,0.8666666666666667,2,False,,Invoice Blocked | Invoice Corrected,
P2P-002890,0.9285714285714286,1,False,,Delivery Delayed,
P2P-002891,1.0,0,True,,,
P2P-002892,0.8125,3,False,,Payment Rejected,Invoice Matched | Payment Authorized
P2P-002893,0.9230769230769231,1,False,Manager Approval,,
P2P-002894,0.8666666666666667,2,False,,Request Reworked,Manager Approval
P2P-002895,0.7857142857142857,3,False,,Three-Way Match Failed,
P2P-002896,1.0,0,True,,,
P2P-002897,1.0,0,True,,,
P2P-002898,0.8666666666666667,2,False,,Request Reworked,Manager Approval
P2P-002899,0.8666666666666667,2,False,,Request Reworked,Manager Approval
P2P-002900,0.8666666666666667,2,False,,Invoice Blocked | Invoice Corrected,
P2P-002901,1.0,0,True,,,
P2P-002902,1.0,0,True,,,
P2P-002903,0.9230769230769231,1,False,Manager Approval,,
P2P-002904,1.0,0,True,,,
P2P-002905,0.8125,3,False,,Delivery Delayed | Invoice Blocked | Invoice Corrected,
P2P-002906,0.8666666666666667,2,False,,Request Reworked,Manager Approval
P2P-002907,0.7857142857142857,3,False,,Three-Way Match Failed,
P2P-002908,0.8666666666666667,2,False,,Request Reworked,Manager Approval
P2P-002909,1.0,0,True,,,
P2P-002910,0.9230769230769231,1,False,Manager Approval,,
P2P-002911,1.0,0,True,,,
P2P-002912,1.0,0,True,,,
P2P-002913,1.0,0,True,,,
P2P-002914,1.0,0,True,,,
P2P-002915,1.0,0,True,,,
P2P-002916,1.0,0,True,,,
P2P-002917,1.0,0,True,,,
P2P-002918,0.7647058823529411,4,False,,Corrected Invoice Received | Duplicate Check Failed | Invoice Rejected,Invoice Duplicate Check
P2P-002919,0.9230769230769231,1,False,Manager Approval,,
P2P-002920,1.0,0,True,,,
P2P-002921,0.9230769230769231,1,False,Manager Approval,,
P2P-002922,0.9230769230769231,1,False,Manager Approval,,
P2P-002923,0.9230769230769231,1,False,Manager Approval,,
P2P-002924,1.0,0,True,,,
P2P-002925,0.7857142857142857,3,False,,Three-Way Match Failed,
P2P-002926,0.9285714285714286,1,False,,Delivery Delayed,
P2P-002927,1.0,0,True,,,
P2P-002928,1.0,0,True,,,
P2P-002929,1.0,0,True,,,
P2P-002930,0.8666666666666667,2,False,,Request Reworked,Manager Approval
P2P-002931,0.8666666666666667,2,False,,Invoice Blocked | Invoice Corrected,
P2P-002932,0.8461538461538461,2,False,Manager Approval,Delivery Delayed,
P2P-002933,0.8666666666666667,2,False,,Invoice Blocked | Invoice Corrected,
P2P-002934,1.0,0,True,,,
P2P-002935,0.8666666666666667,2,False,,Request Reworked,Manager Approval
P2P-002936,0.8666666666666667,2,False,,Request Reworked,Manager Approval
P2P-002937,0.8666666666666667,2,False,,Invoice Blocked | Invoice Corrected,
P2P-002938,0.7857142857142857,3,False,,Three-Way Match Failed,
P2P-002939,0.9285714285714286,1,False,,Delivery Delayed,
P2P-002940,1.0,0,True,,,
P2P-002941,0.9230769230769231,1,False,Manager Approval,,
P2P-002942,1.0,0,True,,,
P2P-002943,0.8666666666666667,2,False,,Invoice Blocked | Invoice Corrected,
P2P-002944,1.0,0,True,,,
P2P-002945,1.0,0,True,,,
P2P-002946,0.9230769230769231,1,False,Manager Approval,,
P2P-002947,0.8666666666666667,2,False,,Invoice Blocked | Invoice Corrected,
P2P-002948,0.9285714285714286,1,False,,Delivery Delayed,
P2P-002949,1.0,0,True,,,
P2P-002950,1.0,0,True,,,
P2P-002951,1.0,0,True,,,
P2P-002952,1.0,0,True,,,
P2P-002953,0.8125,3,False,,Delivery Delayed | Request Reworked,Manager Approval
P2P-002954,1.0,0,True,,,
P2P-002955,0.7857142857142857,3,False,,Three-Way Match Failed,
P2P-002956,0.9230769230769231,1,False,Manager Approval,,
P2P-002957,0.7647058823529411,4,False,,Corrected Invoice Received | Duplicate Check Failed | Invoice Rejected,Invoice Duplicate Check
P2P-002958,0.8125,3,False,,Payment Rejected,Invoice Matched | Payment Authorized
P2P-002959,0.9230769230769231,1,False,Manager Approval,,
P2P-002960,0.8666666666666667,2,False,,Request Reworked,Manager Approval
P2P-002961,0.8666666666666667,2,False,,Invoice Blocked | Invoice Corrected,
P2P-002962,1.0,0,True,,,
P2P-002963,1.0,0,True,,,
P2P-002964,0.8666666666666667,2,False,,Invoice Blocked | Invoice Corrected,
P2P-002965,0.8125,3,False,,Payment Rejected,Invoice Matched | Payment Authorized
P2P-002966,0.7222222222222222,5,False,,Corrected Invoice Received | Delivery Delayed | Duplicate Check Failed | Invoice Rejected,Invoice Duplicate Check
P2P-002967,0.8666666666666667,2,False,,Request Reworked,Manager Approval
P2P-002968,1.0,0,True,,,
P2P-002969,0.8125,3,False,,Payment Rejected,Invoice Matched | Payment Authorized
P2P-002970,0.8125,3,False,,Delivery Delayed | Invoice Blocked | Invoice Corrected,
P2P-002971,0.9285714285714286,1,False,,Delivery Delayed,
P2P-002972,1.0,0,True,,,
P2P-002973,0.8666666666666667,2,False,,Request Reworked,Manager Approval
P2P-002974,0.7857142857142857,3,False,,Three-Way Match Failed,
P2P-002975,1.0,0,True,,,
P2P-002976,1.0,0,True,,,
P2P-002977,0.9230769230769231,1,False,Manager Approval,,
P2P-002978,1.0,0,True,,,
P2P-002979,1.0,0,True,,,
P2P-002980,0.7647058823529411,4,False,,Corrected Invoice Received | Duplicate Check Failed | Invoice Rejected,Invoice Duplicate Check
P2P-002981,0.8461538461538461,2,False,Manager Approval,Delivery Delayed,
P2P-002982,0.8125,3,False,,Payment Rejected,Invoice Matched | Payment Authorized
P2P-002983,0.9230769230769231,1,False,Manager Approval,,
P2P-002984,0.8666666666666667,2,False,,Request Reworked,Manager Approval
P2P-002985,0.8461538461538461,2,False,Manager Approval,Delivery Delayed,
P2P-002986,0.7857142857142857,3,False,,Three-Way Match Failed,
P2P-002987,1.0,0,True,,,
P2P-002988,1.0,0,True,,,
P2P-002989,0.8125,3,False,,Delivery Delayed | Request Reworked,Manager Approval
P2P-002990,0.9230769230769231,1,False,Manager Approval,,
P2P-002991,0.8666666666666667,2,False,,Request Reworked,Manager Approval
P2P-002992,0.9285714285714286,1,False,,Delivery Delayed,
P2P-002993,1.0,0,True,,,
P2P-002994,1.0,0,True,,,
P2P-002995,0.8125,3,False,,Delivery Delayed | Invoice Blocked | Invoice Corrected,
P2P-002996,1.0,0,True,,,
P2P-002997,0.8666666666666667,2,False,,Invoice Blocked | Invoice Corrected,
P2P-002998,0.9230769230769231,1,False,Manager Approval,,
P2P-002999,1.0,0,True,,,
P2P-003000,0.9230769230769231,1,False,Manager Approval,,
P2P-003001,0.8125,3,False,,Delivery Delayed | Request Reworked,Manager Approval
P2P-003002,0.7857142857142857,3,False,,Three-Way Match Failed,
P2P-003003,0.8125,3,False,,Payment Rejected,Invoice Matched | Payment Authorized
P2P-003004,0.7857142857142857,3,False,,Three-Way Match Failed,
P2P-003005,1.0,0,True,,,
P2P-003006,0.7857142857142857,3,False,,Three-Way Match Failed,
P2P-003007,1.0,0,True,,,
P2P-003008,0.8125,3,False,,Payment Rejected,Invoice Matched | Payment Authorized
P2P-003009,0.7647058823529411,4,False,,Corrected Invoice Received | Duplicate Check Failed | Invoice Rejected,Invoice Duplicate Check
P2P-003010,0.8125,3,False,,Payment Rejected,Invoice Matched | Payment Authorized
P2P-003011,1.0,0,True,,,
P2P-003012,0.8125,3,False,,Payment Rejected,Invoice Matched | Payment Authorized
P2P-003013,0.9285714285714286,1,False,,Delivery Delayed,
P2P-003014,1.0,0,True,,,
P2P-003015,1.0,0,True,,,
P2P-003016,1.0,0,True,,,
P2P-003017,0.9230769230769231,1,False,Manager Approval,,
P2P-003018,1.0,0,True,,,
P2P-003019,1.0,0,True,,,
P2P-003020,1.0,0,True,,,
P2P-003021,1.0,0,True,,,
P2P-003022,0.8666666666666667,2,False,,Request Reworked,Manager Approval
P2P-003023,1.0,0,True,,,
P2P-003024,1.0,0,True,,,
P2P-003025,1.0,0,True,,,
P2P-003026,1.0,0,True,,,
P2P-003027,0.7647058823529411,4,False,,Corrected Invoice Received | Duplicate Check Failed | Invoice Rejected,Invoice Duplicate Check
P2P-003028,0.8125,3,False,,Delivery Delayed | Invoice Blocked | Invoice Corrected,
P2P-003029,0.9230769230769231,1,False,Manager Approval,,
P2P-003030,0.8666666666666667,2,False,,Invoice Blocked | Invoice Corrected,
P2P-003031,0.8666666666666667,2,False,,Invoice Blocked | Invoice Corrected,
P2P-003032,0.8666666666666667,2,False,,Invoice Blocked | Invoice Corrected,
P2P-003033,1.0,0,True,,,
P2P-003034,1.0,0,True,,,
P2P-003035,1.0,0,True,,,
P2P-003036,0.9285714285714286,1,False,,Delivery Delayed,
P2P-003037,0.7222222222222222,5,False,,Corrected Invoice Received | Delivery Delayed | Duplicate Check Failed | Invoice Rejected,Invoice Duplicate Check
P2P-003038,1.0,0,True,,,
P2P-003039,1.0,0,True,,,
P2P-003040,0.8666666666666667,2,False,,Request Reworked,Manager Approval
P2P-003041,0.7647058823529411,4,False,,Corrected Invoice Received | Duplicate Check Failed | Invoice Rejected,Invoice Duplicate Check
P2P-003042,1.0,0,True,,,
P2P-003043,1.0,0,True,,,
P2P-003044,0.8,3,False,,Delivery Delayed | Three-Way Match Failed,
P2P-003045,0.9285714285714286,1,False,,Delivery Delayed,
P2P-003046,0.9230769230769231,1,False,Manager Approval,,
P2P-003047,0.9230769230769231,1,False,Manager Approval,,
P2P-003048,0.8125,3,False,,Payment Rejected,Invoice Matched | Payment Authorized
P2P-003049,0.7857142857142857,3,False,,Three-Way Match Failed,
P2P-003050,0.9230769230769231,1,False,Manager Approval,,
P2P-003051,0.8666666666666667,2,False,,Request Reworked,Manager Approval
P2P-003052,1.0,0,True,,,
P2P-003053,0.9285714285714286,1,False,,Delivery Delayed,
P2P-003054,0.9285714285714286,1,False,,Delivery Delayed,
P2P-003055,0.8666666666666667,2,False,,Invoice Blocked | Invoice Corrected,
P2P-003056,1.0,0,True,,,
P2P-003057,0.7647058823529411,4,False,,Corrected Invoice Received | Duplicate Check Failed | Invoice Rejected,Invoice Duplicate Check
P2P-003058,1.0,0,True,,,
P2P-003059,0.8666666666666667,2,False,,Request Reworked,Manager Approval
P2P-003060,1.0,0,True,,,
P2P-003061,0.7647058823529411,4,False,,Corrected Invoice Received | Duplicate Check Failed | Invoice Rejected,Invoice Duplicate Check
P2P-003062,1.0,0,True,,,
P2P-003063,0.8461538461538461,2,False,Manager Approval,Delivery Delayed,
P2P-003064,0.9230769230769231,1,False,Manager Approval,,
P2P-003065,0.7857142857142857,3,False,,Three-Way Match Failed,
P2P-003066,1.0,0,True,,,
P2P-003067,1.0,0,True,,,
P2P-003068,0.8666666666666667,2,False,,Request Reworked,Manager Approval
P2P-003069,0.8666666666666667,2,False,,Request Reworked,Manager Approval
P2P-003070,1.0,0,True,,,
P2P-003071,0.9230769230769231,1,False,Manager Approval,,
P2P-003072,0.7647058823529411,4,False,,Corrected Invoice Received | Duplicate Check Failed | Invoice Rejected,Invoice Duplicate Check
P2P-003073,0.9230769230769231,1,False,Manager Approval,,
P2P-003074,1.0,0,True,,,
P2P-003075,0.7647058823529411,4,False,,Corrected Invoice Received | Duplicate Check Failed | Invoice Rejected,Invoice Duplicate Check
P2P-003076,0.8666666666666667,2,False,,Invoice Blocked | Invoice Corrected,
P2P-003077,1.0,0,True,,,
P2P-003078,0.7857142857142857,3,False,,Three-Way Match Failed,
P2P-003079,1.0,0,True,,,
P2P-003080,0.9285714285714286,1,False,,Delivery Delayed,
P2P-003081,0.8666666666666667,2,False,,Request Reworked,Manager Approval
P2P-003082,0.7857142857142857,3,False,,Three-Way Match Failed,
P2P-003083,0.7647058823529411,4,False,,Corrected Invoice Received | Duplicate Check Failed | Invoice Rejected,Invoice Duplicate Check
P2P-003084,1.0,0,True,,,
P2P-003085,1.0,0,True,,,
P2P-003086,0.8125,3,False,,Delivery Delayed | Invoice Blocked | Invoice Corrected,
P2P-003087,0.9230769230769231,1,False,Manager Approval,,
P2P-003088,0.8666666666666667,2,False,,Request Reworked,Manager Approval
P2P-003089,0.7857142857142857,3,False,,Three-Way Match Failed,
P2P-003090,1.0,0,True,,,
P2P-003091,1.0,0,True,,,
P2P-003092,0.9230769230769231,1,False,Manager Approval,,
P2P-003093,0.8666666666666667,2,False,,Invoice Blocked | Invoice Corrected,
P2P-003094,0.7647058823529411,4,False,,Corrected Invoice Received | Duplicate Check Failed | Invoice Rejected,Invoice Duplicate Check
P2P-003095,0.8125,3,False,,Payment Rejected,Invoice Matched | Payment Authorized
P2P-003096,0.8666666666666667,2,False,,Request Reworked,Manager Approval
P2P-003097,1.0,0,True,,,
P2P-003098,1.0,0,True,,,
P2P-003099,0.9230769230769231,1,False,Manager Approval,,
P2P-003100,1.0,0,True,,,
P2P-003101,0.9285714285714286,1,False,,Delivery Delayed,
P2P-003102,1.0,0,True,,,
P2P-003103,0.8125,3,False,,Payment Rejected,Invoice Matched | Payment Authorized
P2P-003104,1.0,0,True,,,
P2P-003105,0.8461538461538461,2,False,Manager Approval,Delivery Delayed,
P2P-003106,1.0,0,True,,,
P2P-003107,1.0,0,True,,,
P2P-003108,1.0,0,True,,,
P2P-003109,0.7857142857142857,3,False,,Three-Way Match Failed,
P2P-003110,1.0,0,True,,,
P2P-003111,1.0,0,True,,,
P2P-003112,1.0,0,True,,,
P2P-003113,0.9230769230769231,1,False,Manager Approval,,
P2P-003114,0.9230769230769231,1,False,Manager Approval,,
P2P-003115,0.9230769230769231,1,False,Manager Approval,,
P2P-003116,1.0,0,True,,,
P2P-003117,0.8666666666666667,2,False,,Request Reworked,Manager Approval
P2P-003118,1.0,0,True,,,
P2P-003119,0.8666666666666667,2,False,,Request Reworked,Manager Approval
P2P-003120,0.8666666666666667,2,False,,Invoice Blocked | Invoice Corrected,
P2P-003121,0.8666666666666667,2,False,,Request Reworked,Manager Approval
P2P-003122,1.0,0,True,,,
P2P-003123,1.0,0,True,,,
P2P-003124,0.7647058823529411,4,False,,Delivery Delayed | Payment Rejected,Invoice Matched | Payment Authorized
P2P-003125,0.8666666666666667,2,False,,Invoice Blocked | Invoice Corrected,
P2P-003126,0.8666666666666667,2,False,,Request Reworked,Manager Approval
P2P-003127,1.0,0,True,,,
P2P-003128,0.7857142857142857,3,False,,Three-Way Match Failed,
P2P-003129,0.7857142857142857,3,False,,Three-Way Match Failed,
P2P-003130,1.0,0,True,,,
P2P-003131,0.9230769230769231,1,False,Manager Approval,,
P2P-003132,0.9230769230769231,1,False,Manager Approval,,
P2P-003133,0.7647058823529411,4,False,,Corrected Invoice Received | Duplicate Check Failed | Invoice Rejected,Invoice Duplicate Check
P2P-003134,1.0,0,True,,,
P2P-003135,1.0,0,True,,,
P2P-003136,0.7647058823529411,4,False,,Corrected Invoice Received | Duplicate Check Failed | Invoice Rejected,Invoice Duplicate Check
P2P-003137,1.0,0,True,,,
P2P-003138,0.8461538461538461,2,False,Manager Approval,Delivery Delayed,
P2P-003139,0.9230769230769231,1,False,Manager Approval,,
P2P-003140,0.8666666666666667,2,False,,Request Reworked,Manager Approval
P2P-003141,1.0,0,True,,,
P2P-003142,0.8461538461538461,2,False,Manager Approval,Delivery Delayed,
P2P-003143,0.9230769230769231,1,False,Manager Approval,,
P2P-003144,0.8666666666666667,2,False,,Request Reworked,Manager Approval
P2P-003145,0.8666666666666667,2,False,,Invoice Blocked | Invoice Corrected,
P2P-003146,0.7857142857142857,3,False,,Three-Way Match Failed,
P2P-003147,1.0,0,True,,,
P2P-003148,1.0,0,True,,,
P2P-003149,1.0,0,True,,,
P2P-003150,0.9230769230769231,1,False,Manager Approval,,
P2P-003151,0.7647058823529411,4,False,,Corrected Invoice Received | Duplicate Check Failed | Invoice Rejected,Invoice Duplicate Check
P2P-003152,0.9230769230769231,1,False,Manager Approval,,
P2P-003153,0.9230769230769231,1,False,Manager Approval,,
P2P-003154,1.0,0,True,,,
P2P-003155,0.9230769230769231,1,False,Manager Approval,,
P2P-003156,1.0,0,True,,,
P2P-003157,1.0,0,True,,,
P2P-003158,0.8125,3,False,,Delivery Delayed | Request Reworked,Manager Approval
P2P-003159,0.8666666666666667,2,False,,Invoice Blocked | Invoice Corrected,
P2P-003160,0.9285714285714286,1,False,,Delivery Delayed,
P2P-003161,1.0,0,True,,,
P2P-003162,0.8666666666666667,2,False,,Request Reworked,Manager Approval
P2P-003163,0.8125,3,False,,Payment Rejected,Invoice Matched | Payment Authorized
P2P-003164,0.8666666666666667,2,False,,Invoice Blocked | Invoice Corrected,
P2P-003165,1.0,0,True,,,
P2P-003166,0.7857142857142857,3,False,,Three-Way Match Failed,
P2P-003167,1.0,0,True,,,
P2P-003168,0.8125,3,False,,Delivery Delayed | Request Reworked,Manager Approval
P2P-003169,0.9285714285714286,1,False,,Delivery Delayed,
P2P-003170,1.0,0,True,,,
P2P-003171,1.0,0,True,,,
P2P-003172,1.0,0,True,,,
P2P-003173,0.8666666666666667,2,False,,Invoice Blocked | Invoice Corrected,
P2P-003174,0.7857142857142857,3,False,,Three-Way Match Failed,
P2P-003175,0.8125,3,False,,Payment Rejected,Invoice Matched | Payment Authorized
P2P-003176,0.9230769230769231,1,False,Manager Approval,,
P2P-003177,0.9230769230769231,1,False,Manager Approval,,
P2P-003178,0.7857142857142857,3,False,,Three-Way Match Failed,
P2P-003179,1.0,0,True,,,
P2P-003180,1.0,0,True,,,
P2P-003181,0.8666666666666667,2,False,,Request Reworked,Manager Approval
P2P-003182,1.0,0,True,,,
P2P-003183,1.0,0,True,,,
P2P-003184,1.0,0,True,,,
P2P-003185,1.0,0,True,,,
P2P-003186,0.8461538461538461,2,False,Manager Approval,Delivery Delayed,
P2P-003187,1.0,0,True,,,
P2P-003188,0.8666666666666667,2,False,,Invoice Blocked | Invoice Corrected,
P2P-003189,0.8666666666666667,2,False,,Request Reworked,Manager Approval
P2P-003190,1.0,0,True,,,
P2P-003191,0.7857142857142857,3,False,,Three-Way Match Failed,
P2P-003192,1.0,0,True,,,
P2P-003193,0.8125,3,False,,Delivery Delayed | Invoice Blocked | Invoice Corrected,
P2P-003194,0.8125,3,False,,Delivery Delayed | Invoice Blocked | Invoice Corrected,
P2P-003195,1.0,0,True,,,
P2P-003196,0.7857142857142857,3,False,,Three-Way Match Failed,
P2P-003197,1.0,0,True,,,
P2P-003198,0.8666666666666667,2,False,,Request Reworked,Manager Approval
P2P-003199,0.8666666666666667,2,False,,Invoice Blocked | Invoice Corrected,
P2P-003200,0.8125,3,False,,Delivery Delayed | Invoice Blocked | Invoice Corrected,
P2P-003201,0.8666666666666667,2,False,,Invoice Blocked | Invoice Corrected,
P2P-003202,0.7857142857142857,3,False,,Three-Way Match Failed,
P2P-003203,0.8125,3,False,,Payment Rejected,Invoice Matched | Payment Authorized
P2P-003204,0.7857142857142857,3,False,,Three-Way Match Failed,
P2P-003205,0.8666666666666667,2,False,,Request Reworked,Manager Approval
P2P-003206,0.8666666666666667,2,False,,Request Reworked,Manager Approval
P2P-003207,1.0,0,True,,,
P2P-003208,1.0,0,True,,,
P2P-003209,0.8125,3,False,,Payment Rejected,Invoice Matched | Payment Authorized
P2P-003210,0.8125,3,False,,Payment Rejected,Invoice Matched | Payment Authorized
P2P-003211,0.9230769230769231,1,False,Manager Approval,,
P2P-003212,0.8666666666666667,2,False,,Request Reworked,Manager Approval
P2P-003213,1.0,0,True,,,
P2P-003214,1.0,0,True,,,
P2P-003215,0.7647058823529411,4,False,,Corrected Invoice Received | Duplicate Check Failed | Invoice Rejected,Invoice Duplicate Check
P2P-003216,1.0,0,True,,,
P2P-003217,0.8666666666666667,2,False,,Invoice Blocked | Invoice Corrected,
P2P-003218,0.8125,3,False,,Payment Rejected,Invoice Matched | Payment Authorized
P2P-003219,0.8461538461538461,2,False,Manager Approval,Delivery Delayed,
P2P-003220,0.9285714285714286,1,False,,Delivery Delayed,
P2P-003221,1.0,0,True,,,
P2P-003222,1.0,0,True,,,
P2P-003223,1.0,0,True,,,
P2P-003224,0.8461538461538461,2,False,Manager Approval,Delivery Delayed,
P2P-003225,1.0,0,True,,,
P2P-003226,1.0,0,True,,,
P2P-003227,0.8666666666666667,2,False,,Invoice Blocked | Invoice Corrected,
P2P-003228,1.0,0,True,,,
P2P-003229,0.9230769230769231,1,False,Manager Approval,,
P2P-003230,0.7647058823529411,4,False,,Corrected Invoice Received | Duplicate Check Failed | Invoice Rejected,Invoice Duplicate Check
P2P-003231,1.0,0,True,,,
P2P-003232,0.9230769230769231,1,False,Manager Approval,,
P2P-003233,1.0,0,True,,,
P2P-003234,0.7857142857142857,3,False,,Three-Way Match Failed,
P2P-003235,0.9230769230769231,1,False,Manager Approval,,
P2P-003236,0.8666666666666667,2,False,,Request Reworked,Manager Approval
P2P-003237,1.0,0,True,,,
P2P-003238,0.7222222222222222,5,False,,Corrected Invoice Received | Delivery Delayed | Duplicate Check Failed | Invoice Rejected,Invoice Duplicate Check
P2P-003239,1.0,0,True,,,
P2P-003240,1.0,0,True,,,
P2P-003241,1.0,0,True,,,
P2P-003242,1.0,0,True,,,
P2P-003243,1.0,0,True,,,
P2P-003244,0.7857142857142857,3,False,,Three-Way Match Failed,
P2P-003245,1.0,0,True,,,
P2P-003246,0.7857142857142857,3,False,,Three-Way Match Failed,
P2P-003247,0.7857142857142857,3,False,,Three-Way Match Failed,
P2P-003248,0.8666666666666667,2,False,,Request Reworked,Manager Approval
P2P-003249,1.0,0,True,,,
P2P-003250,1.0,0,True,,,
P2P-003251,1.0,0,True,,,
P2P-003252,0.8666666666666667,2,False,,Request Reworked,Manager Approval
P2P-003253,0.8125,3,False,,Payment Rejected,Invoice Matched | Payment Authorized
P2P-003254,1.0,0,True,,,
P2P-003255,1.0,0,True,,,
P2P-003256,1.0,0,True,,,
P2P-003257,1.0,0,True,,,
P2P-003258,1.0,0,True,,,
P2P-003259,0.9285714285714286,1,False,,Delivery Delayed,
P2P-003260,1.0,0,True,,,
P2P-003261,1.0,0,True,,,
P2P-003262,0.9285714285714286,1,False,,Delivery Delayed,
P2P-003263,0.7857142857142857,3,False,,Three-Way Match Failed,
P2P-003264,0.9230769230769231,1,False,Manager Approval,,
P2P-003265,1.0,0,True,,,
P2P-003266,1.0,0,True,,,
P2P-003267,0.9285714285714286,1,False,,Delivery Delayed,
P2P-003268,1.0,0,True,,,
P2P-003269,0.9230769230769231,1,False,Manager Approval,,
P2P-003270,0.8666666666666667,2,False,,Invoice Blocked | Invoice Corrected,
P2P-003271,0.9230769230769231,1,False,Manager Approval,,
P2P-003272,0.8666666666666667,2,False,,Invoice Blocked | Invoice Corrected,
P2P-003273,0.8125,3,False,,Delivery Delayed | Invoice Blocked | Invoice Corrected,
P2P-003274,0.7857142857142857,3,False,,Three-Way Match Failed,
P2P-003275,0.9230769230769231,1,False,Manager Approval,,
P2P-003276,1.0,0,True,,,
P2P-003277,0.7857142857142857,3,False,,Three-Way Match Failed,
P2P-003278,0.8666666666666667,2,False,,Invoice Blocked | Invoice Corrected,
P2P-003279,0.7647058823529411,4,False,,Corrected Invoice Received | Duplicate Check Failed | Invoice Rejected,Invoice Duplicate Check
P2P-003280,1.0,0,True,,,
P2P-003281,0.7222222222222222,5,False,,Corrected Invoice Received | Delivery Delayed | Duplicate Check Failed | Invoice Rejected,Invoice Duplicate Check
P2P-003282,1.0,0,True,,,
P2P-003283,0.8666666666666667,2,False,,Request Reworked,Manager Approval
P2P-003284,1.0,0,True,,,
P2P-003285,1.0,0,True,,,
P2P-003286,1.0,0,True,,,
P2P-003287,0.7647058823529411,4,False,,Corrected Invoice Received | Duplicate Check Failed | Invoice Rejected,Invoice Duplicate Check
P2P-003288,0.8461538461538461,2,False,Manager Approval,Delivery Delayed,
P2P-003289,0.9285714285714286,1,False,,Delivery Delayed,
P2P-003290,1.0,0,True,,,
P2P-003291,0.8666666666666667,2,False,,Invoice Blocked | Invoice Corrected,
P2P-003292,0.8461538461538461,2,False,Manager Approval,Delivery Delayed,
P2P-003293,1.0,0,True,,,
P2P-003294,1.0,0,True,,,
P2P-003295,1.0,0,True,,,
P2P-003296,1.0,0,True,,,
P2P-003297,1.0,0,True,,,
P2P-003298,1.0,0,True,,,
P2P-003299,1.0,0,True,,,
P2P-003300,1.0,0,True,,,
P2P-003301,1.0,0,True,,,
P2P-003302,0.7222222222222222,5,False,,Corrected Invoice Received | Delivery Delayed | Duplicate Check Failed | Invoice Rejected,Invoice Duplicate Check
P2P-003303,0.7647058823529411,4,False,,Delivery Delayed | Payment Rejected,Invoice Matched | Payment Authorized
P2P-003304,1.0,0,True,,,
P2P-003305,1.0,0,True,,,
P2P-003306,0.8,3,False,,Delivery Delayed | Three-Way Match Failed,
P2P-003307,0.7647058823529411,4,False,,Corrected Invoice Received | Duplicate Check Failed | Invoice Rejected,Invoice Duplicate Check
P2P-003308,0.8666666666666667,2,False,,Request Reworked,Manager Approval
P2P-003309,1.0,0,True,,,
P2P-003310,1.0,0,True,,,
P2P-003311,0.8125,3,False,,Delivery Delayed | Request Reworked,Manager Approval
P2P-003312,1.0,0,True,,,
P2P-003313,0.7647058823529411,4,False,,Corrected Invoice Received | Duplicate Check Failed | Invoice Rejected,Invoice Duplicate Check
P2P-003314,0.7647058823529411,4,False,,Corrected Invoice Received | Duplicate Check Failed | Invoice Rejected,Invoice Duplicate Check
P2P-003315,0.9285714285714286,1,False,,Delivery Delayed,
P2P-003316,1.0,0,True,,,
P2P-003317,1.0,0,True,,,
P2P-003318,1.0,0,True,,,
P2P-003319,0.8666666666666667,2,False,,Request Reworked,Manager Approval
P2P-003320,1.0,0,True,,,
P2P-003321,1.0,0,True,,,
P2P-003322,1.0,0,True,,,
P2P-003323,1.0,0,True,,,
P2P-003324,1.0,0,True,,,
P2P-003325,0.8125,3,False,,Delivery Delayed | Invoice Blocked | Invoice Corrected,
P2P-003326,0.8666666666666667,2,False,,Invoice Blocked | Invoice Corrected,
P2P-003327,0.7857142857142857,3,False,,Three-Way Match Failed,
P2P-003328,0.8125,3,False,,Payment Rejected,Invoice Matched | Payment Authorized
P2P-003329,1.0,0,True,,,
P2P-003330,0.7857142857142857,3,False,,Three-Way Match Failed,
P2P-003331,1.0,0,True,,,
P2P-003332,0.7647058823529411,4,False,,Corrected Invoice Received | Duplicate Check Failed | Invoice Rejected,Invoice Duplicate Check
P2P-003333,0.8666666666666667,2,False,,Invoice Blocked | Invoice Corrected,
P2P-003334,0.8666666666666667,2,False,,Request Reworked,Manager Approval
P2P-003335,0.9285714285714286,1,False,,Delivery Delayed,
P2P-003336,0.8666666666666667,2,False,,Request Reworked,Manager Approval
P2P-003337,1.0,0,True,,,
P2P-003338,0.7647058823529411,4,False,,Delivery Delayed | Payment Rejected,Invoice Matched | Payment Authorized
P2P-003339,0.9230769230769231,1,False,Manager Approval,,
P2P-003340,0.8666666666666667,2,False,,Invoice Blocked | Invoice Corrected,
P2P-003341,1.0,0,True,,,
P2P-003342,0.8125,3,False,,Payment Rejected,Invoice Matched | Payment Authorized
P2P-003343,1.0,0,True,,,
P2P-003344,0.8125,3,False,,Payment Rejected,Invoice Matched | Payment Authorized
P2P-003345,0.9285714285714286,1,False,,Delivery Delayed,
P2P-003346,1.0,0,True,,,
P2P-003347,0.8666666666666667,2,False,,Request Reworked,Manager Approval
P2P-003348,1.0,0,True,,,
P2P-003349,0.8461538461538461,2,False,Manager Approval,Delivery Delayed,
P2P-003350,1.0,0,True,,,
P2P-003351,1.0,0,True,,,
P2P-003352,1.0,0,True,,,
P2P-003353,0.8125,3,False,,Payment Rejected,Invoice Matched | Payment Authorized
P2P-003354,0.9230769230769231,1,False,Manager Approval,,
P2P-003355,1.0,0,True,,,
P2P-003356,0.9230769230769231,1,False,Manager Approval,,
P2P-003357,0.9230769230769231,1,False,Manager Approval,,
P2P-003358,1.0,0,True,,,
P2P-003359,0.7857142857142857,3,False,,Three-Way Match Failed,
P2P-003360,0.8666666666666667,2,False,,Request Reworked,Manager Approval
P2P-003361,0.9230769230769231,1,False,Manager Approval,,
P2P-003362,0.8666666666666667,2,False,,Request Reworked,Manager Approval
P2P-003363,1.0,0,True,,,
P2P-003364,0.9285714285714286,1,False,,Delivery Delayed,
P2P-003365,0.7647058823529411,4,False,,Delivery Delayed | Payment Rejected,Invoice Matched | Payment Authorized
P2P-003366,1.0,0,True,,,
P2P-003367,1.0,0,True,,,
P2P-003368,1.0,0,True,,,
P2P-003369,1.0,0,True,,,
P2P-003370,1.0,0,True,,,
P2P-003371,0.8666666666666667,2,False,,Invoice Blocked | Invoice Corrected,
P2P-003372,1.0,0,True,,,
P2P-003373,0.8125,3,False,,Payment Rejected,Invoice Matched | Payment Authorized
P2P-003374,0.9230769230769231,1,False,Manager Approval,,
P2P-003375,0.8666666666666667,2,False,,Invoice Blocked | Invoice Corrected,
P2P-003376,0.8666666666666667,2,False,,Invoice Blocked | Invoice Corrected,
P2P-003377,1.0,0,True,,,
P2P-003378,0.8666666666666667,2,False,,Invoice Blocked | Invoice Corrected,
P2P-003379,1.0,0,True,,,
P2P-003380,1.0,0,True,,,
P2P-003381,0.8125,3,False,,Payment Rejected,Invoice Matched | Payment Authorized
P2P-003382,1.0,0,True,,,
P2P-003383,1.0,0,True,,,
P2P-003384,0.8125,3,False,,Delivery Delayed | Request Reworked,Manager Approval
P2P-003385,1.0,0,True,,,
P2P-003386,0.8666666666666667,2,False,,Invoice Blocked | Invoice Corrected,
P2P-003387,0.9230769230769231,1,False,Manager Approval,,
P2P-003388,1.0,0,True,,,
P2P-003389,1.0,0,True,,,
P2P-003390,1.0,0,True,,,
P2P-003391,0.8,3,False,,Delivery Delayed | Three-Way Match Failed,
P2P-003392,0.8666666666666667,2,False,,Request Reworked,Manager Approval
P2P-003393,1.0,0,True,,,
P2P-003394,0.8666666666666667,2,False,,Request Reworked,Manager Approval
P2P-003395,0.9285714285714286,1,False,,Delivery Delayed,
P2P-003396,0.8666666666666667,2,False,,Invoice Blocked | Invoice Corrected,
P2P-003397,0.9230769230769231,1,False,Manager Approval,,
P2P-003398,1.0,0,True,,,
P2P-003399,1.0,0,True,,,
P2P-003400,0.8666666666666667,2,False,,Request Reworked,Manager Approval
P2P-003401,0.8666666666666667,2,False,,Request Reworked,Manager Approval
P2P-003402,1.0,0,True,,,
P2P-003403,0.9285714285714286,1,False,,Delivery Delayed,
P2P-003404,0.7647058823529411,4,False,,Delivery Delayed | Payment Rejected,Invoice Matched | Payment Authorized
P2P-003405,0.8461538461538461,2,False,Manager Approval,Delivery Delayed,
P2P-003406,0.7857142857142857,3,False,,Three-Way Match Failed,
P2P-003407,1.0,0,True,,,
P2P-003408,1.0,0,True,,,
P2P-003409,1.0,0,True,,,
P2P-003410,1.0,0,True,,,
P2P-003411,0.7647058823529411,4,False,,Corrected Invoice Received | Duplicate Check Failed | Invoice Rejected,Invoice Duplicate Check
P2P-003412,0.8666666666666667,2,False,,Request Reworked,Manager Approval
P2P-003413,0.7857142857142857,3,False,,Three-Way Match Failed,
P2P-003414,1.0,0,True,,,
P2P-003415,1.0,0,True,,,
P2P-003416,0.8125,3,False,,Delivery Delayed | Invoice Blocked | Invoice Corrected,
P2P-003417,1.0,0,True,,,
P2P-003418,0.7857142857142857,3,False,,Three-Way Match Failed,
P2P-003419,1.0,0,True,,,
P2P-003420,1.0,0,True,,,
P2P-003421,0.9230769230769231,1,False,Manager Approval,,
P2P-003422,0.9230769230769231,1,False,Manager Approval,,
P2P-003423,0.9230769230769231,1,False,Manager Approval,,
P2P-003424,1.0,0,True,,,
P2P-003425,1.0,0,True,,,
P2P-003426,1.0,0,True,,,
P2P-003427,1.0,0,True,,,
P2P-003428,1.0,0,True,,,
P2P-003429,1.0,0,True,,,
P2P-003430,0.8125,3,False,,Delivery Delayed | Invoice Blocked | Invoice Corrected,
P2P-003431,0.8125,3,False,,Payment Rejected,Invoice Matched | Payment Authorized
P2P-003432,1.0,0,True,,,
P2P-003433,1.0,0,True,,,
P2P-003434,0.8666666666666667,2,False,,Invoice Blocked | Invoice Corrected,
P2P-003435,0.8666666666666667,2,False,,Invoice Blocked | Invoice Corrected,
P2P-003436,0.9285714285714286,1,False,,Delivery Delayed,
P2P-003437,0.8666666666666667,2,False,,Invoice Blocked | Invoice Corrected,
P2P-003438,1.0,0,True,,,
P2P-003439,0.8666666666666667,2,False,,Request Reworked,Manager Approval
P2P-003440,0.7857142857142857,3,False,,Three-Way Match Failed,
P2P-003441,1.0,0,True,,,
P2P-003442,0.7857142857142857,3,False,,Three-Way Match Failed,
P2P-003443,1.0,0,True,,,
P2P-003444,0.8666666666666667,2,False,,Request Reworked,Manager Approval
P2P-003445,1.0,0,True,,,
P2P-003446,0.9285714285714286,1,False,,Delivery Delayed,
P2P-003447,0.8666666666666667,2,False,,Invoice Blocked | Invoice Corrected,
P2P-003448,0.7647058823529411,4,False,,Delivery Delayed | Payment Rejected,Invoice Matched | Payment Authorized
P2P-003449,1.0,0,True,,,
P2P-003450,0.9230769230769231,1,False,Manager Approval,,
P2P-003451,0.9230769230769231,1,False,Manager Approval,,
P2P-003452,1.0,0,True,,,
P2P-003453,0.7222222222222222,5,False,,Corrected Invoice Received | Delivery Delayed | Duplicate Check Failed | Invoice Rejected,Invoice Duplicate Check
P2P-003454,0.8666666666666667,2,False,,Request Reworked,Manager Approval
P2P-003455,0.8666666666666667,2,False,,Invoice Blocked | Invoice Corrected,
P2P-003456,0.7857142857142857,3,False,,Three-Way Match Failed,
P2P-003457,1.0,0,True,,,
P2P-003458,1.0,0,True,,,
P2P-003459,0.8666666666666667,2,False,,Invoice Blocked | Invoice Corrected,
P2P-003460,0.7647058823529411,4,False,,Corrected Invoice Received | Duplicate Check Failed | Invoice Rejected,Invoice Duplicate Check
P2P-003461,1.0,0,True,,,
P2P-003462,1.0,0,True,,,
P2P-003463,0.9230769230769231,1,False,Manager Approval,,
P2P-003464,0.8666666666666667,2,False,,Invoice Blocked | Invoice Corrected,
P2P-003465,1.0,0,True,,,
P2P-003466,0.8666666666666667,2,False,,Invoice Blocked | Invoice Corrected,
P2P-003467,0.7857142857142857,3,False,,Three-Way Match Failed,
P2P-003468,1.0,0,True,,,
P2P-003469,1.0,0,True,,,
P2P-003470,1.0,0,True,,,
P2P-003471,0.8125,3,False,,Payment Rejected,Invoice Matched | Payment Authorized
P2P-003472,1.0,0,True,,,
P2P-003473,1.0,0,True,,,
P2P-003474,0.9230769230769231,1,False,Manager Approval,,
P2P-003475,1.0,0,True,,,
P2P-003476,0.8,3,False,,Delivery Delayed | Three-Way Match Failed,
P2P-003477,1.0,0,True,,,
P2P-003478,0.7857142857142857,3,False,,Three-Way Match Failed,
P2P-003479,1.0,0,True,,,
P2P-003480,1.0,0,True,,,
P2P-003481,0.8666666666666667,2,False,,Request Reworked,Manager Approval
P2P-003482,0.8125,3,False,,Payment Rejected,Invoice Matched | Payment Authorized
P2P-003483,1.0,0,True,,,
P2P-003484,0.7857142857142857,3,False,,Three-Way Match Failed,
P2P-003485,1.0,0,True,,,
P2P-003486,1.0,0,True,,,
P2P-003487,0.7857142857142857,3,False,,Three-Way Match Failed,
P2P-003488,1.0,0,True,,,
P2P-003489,1.0,0,True,,,
P2P-003490,1.0,0,True,,,
P2P-003491,1.0,0,True,,,
P2P-003492,0.7857142857142857,3,False,,Three-Way Match Failed,
P2P-003493,0.8125,3,False,,Delivery Delayed | Request Reworked,Manager Approval
P2P-003494,0.8666666666666667,2,False,,Invoice Blocked | Invoice Corrected,
P2P-003495,0.8666666666666667,2,False,,Request Reworked,Manager Approval
P2P-003496,1.0,0,True,,,
P2P-003497,0.9230769230769231,1,False,Manager Approval,,
P2P-003498,1.0,0,True,,,
P2P-003499,1.0,0,True,,,
P2P-003500,0.8125,3,False,,Payment Rejected,Invoice Matched | Payment Authorized
P2P-003501,1.0,0,True,,,
P2P-003502,0.8125,3,False,,Payment Rejected,Invoice Matched | Payment Authorized
P2P-003503,0.8666666666666667,2,False,,Invoice Blocked | Invoice Corrected,
P2P-003504,0.9230769230769231,1,False,Manager Approval,,
P2P-003505,0.9230769230769231,1,False,Manager Approval,,
P2P-003506,0.9230769230769231,1,False,Manager Approval,,
P2P-003507,0.9285714285714286,1,False,,Delivery Delayed,
P2P-003508,0.8666666666666667,2,False,,Request Reworked,Manager Approval
P2P-003509,0.9285714285714286,1,False,,Delivery Delayed,
P2P-003510,0.8666666666666667,2,False,,Invoice Blocked | Invoice Corrected,
P2P-003511,1.0,0,True,,,
P2P-003512,1.0,0,True,,,
P2P-003513,1.0,0,True,,,
P2P-003514,1.0,0,True,,,
P2P-003515,1.0,0,True,,,
P2P-003516,1.0,0,True,,,
P2P-003517,0.7647058823529411,4,False,,Corrected Invoice Received | Duplicate Check Failed | Invoice Rejected,Invoice Duplicate Check
P2P-003518,0.7857142857142857,3,False,,Three-Way Match Failed,
P2P-003519,0.8666666666666667,2,False,,Invoice Blocked | Invoice Corrected,
P2P-003520,0.8666666666666667,2,False,,Invoice Blocked | Invoice Corrected,
P2P-003521,1.0,0,True,,,
P2P-003522,1.0,0,True,,,
P2P-003523,0.9285714285714286,1,False,,Delivery Delayed,
P2P-003524,1.0,0,True,,,
P2P-003525,1.0,0,True,,,
P2P-003526,0.8125,3,False,,Payment Rejected,Invoice Matched | Payment Authorized
P2P-003527,1.0,0,True,,,
P2P-003528,0.8666666666666667,2,False,,Invoice Blocked | Invoice Corrected,
P2P-003529,0.8461538461538461,2,False,Manager Approval,Delivery Delayed,
P2P-003530,1.0,0,True,,,
P2P-003531,0.8461538461538461,2,False,Manager Approval,Delivery Delayed,
P2P-003532,0.8,3,False,,Delivery Delayed | Three-Way Match Failed,
P2P-003533,1.0,0,True,,,
P2P-003534,0.9285714285714286,1,False,,Delivery Delayed,
P2P-003535,0.8666666666666667,2,False,,Invoice Blocked | Invoice Corrected,
P2P-003536,0.7857142857142857,3,False,,Three-Way Match Failed,
P2P-003537,0.9230769230769231,1,False,Manager Approval,,
P2P-003538,0.8125,3,False,,Payment Rejected,Invoice Matched | Payment Authorized
P2P-003539,0.7647058823529411,4,False,,Corrected Invoice Received | Duplicate Check Failed | Invoice Rejected,Invoice Duplicate Check
P2P-003540,0.9230769230769231,1,False,Manager Approval,,
P2P-003541,1.0,0,True,,,
P2P-003542,0.8125,3,False,,Payment Rejected,Invoice Matched | Payment Authorized
P2P-003543,1.0,0,True,,,
P2P-003544,0.8666666666666667,2,False,,Invoice Blocked | Invoice Corrected,
P2P-003545,1.0,0,True,,,
P2P-003546,1.0,0,True,,,
P2P-003547,0.7647058823529411,4,False,,Corrected Invoice Received | Duplicate Check Failed | Invoice Rejected,Invoice Duplicate Check
P2P-003548,1.0,0,True,,,
P2P-003549,1.0,0,True,,,
P2P-003550,0.9230769230769231,1,False,Manager Approval,,
P2P-003551,1.0,0,True,,,
P2P-003552,0.8461538461538461,2,False,Manager Approval,Delivery Delayed,
P2P-003553,1.0,0,True,,,
P2P-003554,0.9230769230769231,1,False,Manager Approval,,
P2P-003555,0.7647058823529411,4,False,,Corrected Invoice Received | Duplicate Check Failed | Invoice Rejected,Invoice Duplicate Check
P2P-003556,0.8666666666666667,2,False,,Request Reworked,Manager Approval
P2P-003557,0.8666666666666667,2,False,,Invoice Blocked | Invoice Corrected,
P2P-003558,0.8666666666666667,2,False,,Request Reworked,Manager Approval
P2P-003559,0.7647058823529411,4,False,,Corrected Invoice Received | Duplicate Check Failed | Invoice Rejected,Invoice Duplicate Check
P2P-003560,0.9285714285714286,1,False,,Delivery Delayed,
P2P-003561,1.0,0,True,,,
P2P-003562,0.7857142857142857,3,False,,Three-Way Match Failed,
P2P-003563,1.0,0,True,,,
P2P-003564,0.9230769230769231,1,False,Manager Approval,,
P2P-003565,1.0,0,True,,,
P2P-003566,1.0,0,True,,,
P2P-003567,1.0,0,True,,,
P2P-003568,0.8125,3,False,,Delivery Delayed | Invoice Blocked | Invoice Corrected,
P2P-003569,1.0,0,True,,,
P2P-003570,1.0,0,True,,,
P2P-003571,0.7857142857142857,3,False,,Three-Way Match Failed,
P2P-003572,1.0,0,True,,,
P2P-003573,1.0,0,True,,,
P2P-003574,0.9230769230769231,1,False,Manager Approval,,
P2P-003575,0.7647058823529411,4,False,,Corrected Invoice Received | Duplicate Check Failed | Invoice Rejected,Invoice Duplicate Check
P2P-003576,0.8666666666666667,2,False,,Invoice Blocked | Invoice Corrected,
P2P-003577,0.8125,3,False,,Delivery Delayed | Invoice Blocked | Invoice Corrected,
P2P-003578,0.8125,3,False,,Delivery Delayed | Request Reworked,Manager Approval
P2P-003579,0.9230769230769231,1,False,Manager Approval,,
P2P-003580,1.0,0,True,,,
P2P-003581,1.0,0,True,,,
P2P-003582,0.7647058823529411,4,False,,Corrected Invoice Received | Duplicate Check Failed | Invoice Rejected,Invoice Duplicate Check
P2P-003583,1.0,0,True,,,
P2P-003584,0.9285714285714286,1,False,,Delivery Delayed,
P2P-003585,1.0,0,True,,,
P2P-003586,0.7857142857142857,3,False,,Three-Way Match Failed,
P2P-003587,0.8125,3,False,,Delivery Delayed | Invoice Blocked | Invoice Corrected,
P2P-003588,1.0,0,True,,,
P2P-003589,1.0,0,True,,,
P2P-003590,0.9230769230769231,1,False,Manager Approval,,
P2P-003591,0.7857142857142857,3,False,,Three-Way Match Failed,
P2P-003592,1.0,0,True,,,
P2P-003593,0.9285714285714286,1,False,,Delivery Delayed,
P2P-003594,0.8125,3,False,,Payment Rejected,Invoice Matched | Payment Authorized
P2P-003595,0.8,3,False,,Delivery Delayed | Three-Way Match Failed,
P2P-003596,1.0,0,True,,,
P2P-003597,0.9230769230769231,1,False,Manager Approval,,
P2P-003598,1.0,0,True,,,
P2P-003599,0.8461538461538461,2,False,Manager Approval,Delivery Delayed,
P2P-003600,0.8666666666666667,2,False,,Request Reworked,Manager Approval
P2P-003601,0.7857142857142857,3,False,,Three-Way Match Failed,
P2P-003602,0.8125,3,False,,Payment Rejected,Invoice Matched | Payment Authorized
P2P-003603,0.9285714285714286,1,False,,Delivery Delayed,
P2P-003604,0.8125,3,False,,Payment Rejected,Invoice Matched | Payment Authorized
P2P-003605,0.8461538461538461,2,False,Manager Approval,Delivery Delayed,
P2P-003606,0.8666666666666667,2,False,,Request Reworked,Manager Approval
P2P-003607,1.0,0,True,,,
P2P-003608,1.0,0,True,,,
P2P-003609,1.0,0,True,,,
P2P-003610,0.8125,3,False,,Payment Rejected,Invoice Matched | Payment Authorized
P2P-003611,1.0,0,True,,,
P2P-003612,1.0,0,True,,,
P2P-003613,1.0,0,True,,,
P2P-003614,0.7647058823529411,4,False,,Corrected Invoice Received | Duplicate Check Failed | Invoice Rejected,Invoice Duplicate Check
P2P-003615,1.0,0,True,,,
P2P-003616,1.0,0,True,,,
P2P-003617,0.7857142857142857,3,False,,Three-Way Match Failed,
P2P-003618,1.0,0,True,,,
P2P-003619,0.8666666666666667,2,False,,Request Reworked,Manager Approval
P2P-003620,0.8125,3,False,,Delivery Delayed | Request Reworked,Manager Approval
P2P-003621,1.0,0,True,,,
P2P-003622,0.9285714285714286,1,False,,Delivery Delayed,
P2P-003623,0.8666666666666667,2,False,,Invoice Blocked | Invoice Corrected,
P2P-003624,1.0,0,True,,,
P2P-003625,1.0,0,True,,,
P2P-003626,1.0,0,True,,,
P2P-003627,1.0,0,True,,,
P2P-003628,1.0,0,True,,,
P2P-003629,1.0,0,True,,,
P2P-003630,1.0,0,True,,,
P2P-003631,0.8125,3,False,,Payment Rejected,Invoice Matched | Payment Authorized
P2P-003632,1.0,0,True,,,
P2P-003633,0.7647058823529411,4,False,,Corrected Invoice Received | Duplicate Check Failed | Invoice Rejected,Invoice Duplicate Check
P2P-003634,1.0,0,True,,,
P2P-003635,1.0,0,True,,,
P2P-003636,1.0,0,True,,,
P2P-003637,0.9230769230769231,1,False,Manager Approval,,
P2P-003638,0.9285714285714286,1,False,,Delivery Delayed,
P2P-003639,1.0,0,True,,,
P2P-003640,0.8461538461538461,2,False,Manager Approval,Delivery Delayed,
P2P-003641,0.8666666666666667,2,False,,Invoice Blocked | Invoice Corrected,
P2P-003642,0.8125,3,False,,Delivery Delayed | Request Reworked,Manager Approval
P2P-003643,0.8666666666666667,2,False,,Invoice Blocked | Invoice Corrected,
P2P-003644,0.8666666666666667,2,False,,Invoice Blocked | Invoice Corrected,
P2P-003645,0.8461538461538461,2,False,Manager Approval,Delivery Delayed,
P2P-003646,0.9230769230769231,1,False,Manager Approval,,
P2P-003647,1.0,0,True,,,
P2P-003648,0.8666666666666667,2,False,,Invoice Blocked | Invoice Corrected,
P2P-003649,0.9285714285714286,1,False,,Delivery Delayed,
P2P-003650,0.8125,3,False,,Payment Rejected,Invoice Matched | Payment Authorized
P2P-003651,1.0,0,True,,,
P2P-003652,0.8125,3,False,,Payment Rejected,Invoice Matched | Payment Authorized
P2P-003653,0.9285714285714286,1,False,,Delivery Delayed,
P2P-003654,0.7222222222222222,5,False,,Corrected Invoice Received | Delivery Delayed | Duplicate Check Failed | Invoice Rejected,Invoice Duplicate Check
P2P-003655,0.7647058823529411,4,False,,Corrected Invoice Received | Duplicate Check Failed | Invoice Rejected,Invoice Duplicate Check
P2P-003656,0.9285714285714286,1,False,,Delivery Delayed,
P2P-003657,1.0,0,True,,,
P2P-003658,0.8666666666666667,2,False,,Request Reworked,Manager Approval
P2P-003659,1.0,0,True,,,
P2P-003660,0.9230769230769231,1,False,Manager Approval,,
P2P-003661,0.9285714285714286,1,False,,Delivery Delayed,
P2P-003662,0.9285714285714286,1,False,,Delivery Delayed,
P2P-003663,1.0,0,True,,,
P2P-003664,0.8125,3,False,,Payment Rejected,Invoice Matched | Payment Authorized
P2P-003665,0.7647058823529411,4,False,,Corrected Invoice Received | Duplicate Check Failed | Invoice Rejected,Invoice Duplicate Check
P2P-003666,0.9230769230769231,1,False,Manager Approval,,
P2P-003667,0.7647058823529411,4,False,,Corrected Invoice Received | Duplicate Check Failed | Invoice Rejected,Invoice Duplicate Check
P2P-003668,0.8666666666666667,2,False,,Invoice Blocked | Invoice Corrected,
P2P-003669,1.0,0,True,,,
P2P-003670,1.0,0,True,,,
P2P-003671,0.7647058823529411,4,False,,Delivery Delayed | Payment Rejected,Invoice Matched | Payment Authorized
P2P-003672,0.8666666666666667,2,False,,Invoice Blocked | Invoice Corrected,
P2P-003673,1.0,0,True,,,
P2P-003674,0.9285714285714286,1,False,,Delivery Delayed,
P2P-003675,1.0,0,True,,,
P2P-003676,1.0,0,True,,,
P2P-003677,0.7857142857142857,3,False,,Three-Way Match Failed,
P2P-003678,1.0,0,True,,,
P2P-003679,1.0,0,True,,,
P2P-003680,0.8666666666666667,2,False,,Invoice Blocked | Invoice Corrected,
P2P-003681,1.0,0,True,,,
P2P-003682,1.0,0,True,,,
P2P-003683,0.7647058823529411,4,False,,Corrected Invoice Received | Duplicate Check Failed | Invoice Rejected,Invoice Duplicate Check
P2P-003684,1.0,0,True,,,
P2P-003685,1.0,0,True,,,
P2P-003686,0.8666666666666667,2,False,,Request Reworked,Manager Approval
P2P-003687,1.0,0,True,,,
P2P-003688,1.0,0,True,,,
P2P-003689,1.0,0,True,,,
P2P-003690,1.0,0,True,,,
P2P-003691,1.0,0,True,,,
P2P-003692,1.0,0,True,,,
P2P-003693,1.0,0,True,,,
P2P-003694,1.0,0,True,,,
P2P-003695,0.9230769230769231,1,False,Manager Approval,,
P2P-003696,0.8125,3,False,,Payment Rejected,Invoice Matched | Payment Authorized
P2P-003697,1.0,0,True,,,
P2P-003698,1.0,0,True,,,
P2P-003699,0.7647058823529411,4,False,,Corrected Invoice Received | Duplicate Check Failed | Invoice Rejected,Invoice Duplicate Check
P2P-003700,0.8666666666666667,2,False,,Request Reworked,Manager Approval
P2P-003701,1.0,0,True,,,
P2P-003702,0.7647058823529411,4,False,,Delivery Delayed | Payment Rejected,Invoice Matched | Payment Authorized
P2P-003703,1.0,0,True,,,
P2P-003704,0.9285714285714286,1,False,,Delivery Delayed,
P2P-003705,0.7857142857142857,3,False,,Three-Way Match Failed,
P2P-003706,0.9285714285714286,1,False,,Delivery Delayed,
P2P-003707,0.8666666666666667,2,False,,Request Reworked,Manager Approval
P2P-003708,0.9285714285714286,1,False,,Delivery Delayed,
P2P-003709,1.0,0,True,,,
P2P-003710,0.8666666666666667,2,False,,Request Reworked,Manager Approval
P2P-003711,0.9230769230769231,1,False,Manager Approval,,
P2P-003712,0.8125,3,False,,Payment Rejected,Invoice Matched | Payment Authorized
P2P-003713,1.0,0,True,,,
P2P-003714,1.0,0,True,,,
P2P-003715,0.7647058823529411,4,False,,Corrected Invoice Received | Duplicate Check Failed | Invoice Rejected,Invoice Duplicate Check
P2P-003716,1.0,0,True,,,
P2P-003717,0.9230769230769231,1,False,Manager Approval,,
P2P-003718,1.0,0,True,,,
P2P-003719,0.7857142857142857,3,False,,Three-Way Match Failed,
P2P-003720,1.0,0,True,,,
P2P-003721,1.0,0,True,,,
P2P-003722,1.0,0,True,,,
P2P-003723,1.0,0,True,,,
P2P-003724,1.0,0,True,,,
P2P-003725,0.7647058823529411,4,False,,Corrected Invoice Received | Duplicate Check Failed | Invoice Rejected,Invoice Duplicate Check
P2P-003726,0.9285714285714286,1,False,,Delivery Delayed,
P2P-003727,1.0,0,True,,,
P2P-003728,1.0,0,True,,,
P2P-003729,0.8666666666666667,2,False,,Request Reworked,Manager Approval
P2P-003730,0.8,3,False,,Delivery Delayed | Three-Way Match Failed,
P2P-003731,1.0,0,True,,,
P2P-003732,1.0,0,True,,,
P2P-003733,1.0,0,True,,,
P2P-003734,0.8666666666666667,2,False,,Request Reworked,Manager Approval
P2P-003735,0.8666666666666667,2,False,,Request Reworked,Manager Approval
P2P-003736,0.7647058823529411,4,False,,Corrected Invoice Received | Duplicate Check Failed | Invoice Rejected,Invoice Duplicate Check
P2P-003737,1.0,0,True,,,
P2P-003738,0.8666666666666667,2,False,,Invoice Blocked | Invoice Corrected,
P2P-003739,1.0,0,True,,,
P2P-003740,1.0,0,True,,,
P2P-003741,1.0,0,True,,,
P2P-003742,1.0,0,True,,,
P2P-003743,1.0,0,True,,,
P2P-003744,0.8666666666666667,2,False,,Request Reworked,Manager Approval
P2P-003745,0.8125,3,False,,Payment Rejected,Invoice Matched | Payment Authorized
P2P-003746,0.8666666666666667,2,False,,Request Reworked,Manager Approval
P2P-003747,0.8666666666666667,2,False,,Request Reworked,Manager Approval
P2P-003748,1.0,0,True,,,
P2P-003749,0.8666666666666667,2,False,,Request Reworked,Manager Approval
P2P-003750,1.0,0,True,,,
P2P-003751,1.0,0,True,,,
P2P-003752,0.9285714285714286,1,False,,Delivery Delayed,
P2P-003753,1.0,0,True,,,
P2P-003754,0.9230769230769231,1,False,Manager Approval,,
P2P-003755,1.0,0,True,,,
P2P-003756,0.8666666666666667,2,False,,Invoice Blocked | Invoice Corrected,
P2P-003757,0.7647058823529411,4,False,,Corrected Invoice Received | Duplicate Check Failed | Invoice Rejected,Invoice Duplicate Check
P2P-003758,1.0,0,True,,,
P2P-003759,0.8666666666666667,2,False,,Request Reworked,Manager Approval
P2P-003760,0.7857142857142857,3,False,,Three-Way Match Failed,
P2P-003761,0.9230769230769231,1,False,Manager Approval,,
P2P-003762,0.8125,3,False,,Delivery Delayed | Invoice Blocked | Invoice Corrected,
P2P-003763,0.9230769230769231,1,False,Manager Approval,,
P2P-003764,1.0,0,True,,,
P2P-003765,0.9285714285714286,1,False,,Delivery Delayed,
P2P-003766,0.7857142857142857,3,False,,Three-Way Match Failed,
P2P-003767,0.7647058823529411,4,False,,Corrected Invoice Received | Duplicate Check Failed | Invoice Rejected,Invoice Duplicate Check
P2P-003768,1.0,0,True,,,
P2P-003769,1.0,0,True,,,
P2P-003770,1.0,0,True,,,
P2P-003771,1.0,0,True,,,
P2P-003772,1.0,0,True,,,
P2P-003773,1.0,0,True,,,
P2P-003774,0.9285714285714286,1,False,,Delivery Delayed,
P2P-003775,0.7647058823529411,4,False,,Corrected Invoice Received | Duplicate Check Failed | Invoice Rejected,Invoice Duplicate Check
P2P-003776,0.7857142857142857,3,False,,Three-Way Match Failed,
P2P-003777,0.8666666666666667,2,False,,Request Reworked,Manager Approval
P2P-003778,0.8666666666666667,2,False,,Invoice Blocked | Invoice Corrected,
P2P-003779,1.0,0,True,,,
P2P-003780,1.0,0,True,,,
P2P-003781,0.8666666666666667,2,False,,Request Reworked,Manager Approval
P2P-003782,0.9285714285714286,1,False,,Delivery Delayed,
P2P-003783,0.8666666666666667,2,False,,Request Reworked,Manager Approval
P2P-003784,0.7857142857142857,3,False,,Three-Way Match Failed,
P2P-003785,1.0,0,True,,,
P2P-003786,1.0,0,True,,,
P2P-003787,0.9230769230769231,1,False,Manager Approval,,
P2P-003788,0.8666666666666667,2,False,,Invoice Blocked | Invoice Corrected,
P2P-003789,1.0,0,True,,,
P2P-003790,0.7647058823529411,4,False,,Corrected Invoice Received | Duplicate Check Failed | Invoice Rejected,Invoice Duplicate Check
P2P-003791,0.8,3,False,,Delivery Delayed | Three-Way Match Failed,
P2P-003792,0.8125,3,False,,Payment Rejected,Invoice Matched | Payment Authorized
P2P-003793,0.7647058823529411,4,False,,Corrected Invoice Received | Duplicate Check Failed | Invoice Rejected,Invoice Duplicate Check
P2P-003794,1.0,0,True,,,
P2P-003795,1.0,0,True,,,
P2P-003796,0.8666666666666667,2,False,,Invoice Blocked | Invoice Corrected,
P2P-003797,1.0,0,True,,,
P2P-003798,1.0,0,True,,,
P2P-003799,1.0,0,True,,,
P2P-003800,1.0,0,True,,,
P2P-003801,1.0,0,True,,,
P2P-003802,0.9230769230769231,1,False,Manager Approval,,
P2P-003803,0.9230769230769231,1,False,Manager Approval,,
P2P-003804,0.7857142857142857,3,False,,Three-Way Match Failed,
P2P-003805,1.0,0,True,,,
P2P-003806,0.9285714285714286,1,False,,Delivery Delayed,
P2P-003807,0.8666666666666667,2,False,,Invoice Blocked | Invoice Corrected,
P2P-003808,0.8666666666666667,2,False,,Request Reworked,Manager Approval
P2P-003809,0.7857142857142857,3,False,,Three-Way Match Failed,
P2P-003810,0.9285714285714286,1,False,,Delivery Delayed,
P2P-003811,0.9230769230769231,1,False,Manager Approval,,
P2P-003812,0.8666666666666667,2,False,,Invoice Blocked | Invoice Corrected,
P2P-003813,0.9230769230769231,1,False,Manager Approval,,
P2P-003814,1.0,0,True,,,
P2P-003815,0.8666666666666667,2,False,,Invoice Blocked | Invoice Corrected,
P2P-003816,0.7647058823529411,4,False,,Corrected Invoice Received | Duplicate Check Failed | Invoice Rejected,Invoice Duplicate Check
P2P-003817,0.8461538461538461,2,False,Manager Approval,Delivery Delayed,
P2P-003818,0.7857142857142857,3,False,,Three-Way Match Failed,
P2P-003819,0.9230769230769231,1,False,Manager Approval,,
P2P-003820,0.8125,3,False,,Delivery Delayed | Invoice Blocked | Invoice Corrected,
P2P-003821,0.8666666666666667,2,False,,Request Reworked,Manager Approval
P2P-003822,0.7222222222222222,5,False,,Corrected Invoice Received | Delivery Delayed | Duplicate Check Failed | Invoice Rejected,Invoice Duplicate Check
P2P-003823,0.8666666666666667,2,False,,Request Reworked,Manager Approval
P2P-003824,1.0,0,True,,,
P2P-003825,0.7647058823529411,4,False,,Corrected Invoice Received | Duplicate Check Failed | Invoice Rejected,Invoice Duplicate Check
P2P-003826,0.9230769230769231,1,False,Manager Approval,,
P2P-003827,1.0,0,True,,,
P2P-003828,0.8666666666666667,2,False,,Invoice Blocked | Invoice Corrected,
P2P-003829,1.0,0,True,,,
P2P-003830,0.8666666666666667,2,False,,Request Reworked,Manager Approval
P2P-003831,0.8666666666666667,2,False,,Request Reworked,Manager Approval
P2P-003832,0.8666666666666667,2,False,,Invoice Blocked | Invoice Corrected,
P2P-003833,0.8666666666666667,2,False,,Invoice Blocked | Invoice Corrected,
P2P-003834,0.9230769230769231,1,False,Manager Approval,,
P2P-003835,0.9285714285714286,1,False,,Delivery Delayed,
P2P-003836,1.0,0,True,,,
P2P-003837,0.7857142857142857,3,False,,Three-Way Match Failed,
P2P-003838,0.8666666666666667,2,False,,Request Reworked,Manager Approval
P2P-003839,1.0,0,True,,,
P2P-003840,1.0,0,True,,,
P2P-003841,0.7222222222222222,5,False,,Corrected Invoice Received | Delivery Delayed | Duplicate Check Failed | Invoice Rejected,Invoice Duplicate Check
P2P-003842,0.8666666666666667,2,False,,Invoice Blocked | Invoice Corrected,
P2P-003843,0.8666666666666667,2,False,,Invoice Blocked | Invoice Corrected,
P2P-003844,0.8125,3,False,,Payment Rejected,Invoice Matched | Payment Authorized
P2P-003845,1.0,0,True,,,
P2P-003846,0.8666666666666667,2,False,,Invoice Blocked | Invoice Corrected,
P2P-003847,0.7857142857142857,3,False,,Three-Way Match Failed,
P2P-003848,0.7647058823529411,4,False,,Corrected Invoice Received | Duplicate Check Failed | Invoice Rejected,Invoice Duplicate Check
P2P-003849,0.8461538461538461,2,False,Manager Approval,Delivery Delayed,
P2P-003850,0.7857142857142857,3,False,,Three-Way Match Failed,
P2P-003851,0.7647058823529411,4,False,,Corrected Invoice Received | Duplicate Check Failed | Invoice Rejected,Invoice Duplicate Check
P2P-003852,0.8125,3,False,,Delivery Delayed | Invoice Blocked | Invoice Corrected,
P2P-003853,1.0,0,True,,,
P2P-003854,0.8666666666666667,2,False,,Request Reworked,Manager Approval
P2P-003855,1.0,0,True,,,
P2P-003856,0.9230769230769231,1,False,Manager Approval,,
P2P-003857,0.9285714285714286,1,False,,Delivery Delayed,
P2P-003858,0.7857142857142857,3,False,,Three-Way Match Failed,
P2P-003859,0.9230769230769231,1,False,Manager Approval,,
P2P-003860,0.8461538461538461,2,False,Manager Approval,Delivery Delayed,
P2P-003861,0.9285714285714286,1,False,,Delivery Delayed,
P2P-003862,0.9285714285714286,1,False,,Delivery Delayed,
P2P-003863,1.0,0,True,,,
P2P-003864,1.0,0,True,,,
P2P-003865,1.0,0,True,,,
P2P-003866,1.0,0,True,,,
P2P-003867,0.8666666666666667,2,False,,Invoice Blocked | Invoice Corrected,
P2P-003868,0.9230769230769231,1,False,Manager Approval,,
P2P-003869,1.0,0,True,,,
P2P-003870,1.0,0,True,,,
P2P-003871,0.8125,3,False,,Delivery Delayed | Request Reworked,Manager Approval
P2P-003872,1.0,0,True,,,
P2P-003873,1.0,0,True,,,
P2P-003874,1.0,0,True,,,
P2P-003875,0.8125,3,False,,Payment Rejected,Invoice Matched | Payment Authorized
P2P-003876,1.0,0,True,,,
P2P-003877,1.0,0,True,,,
P2P-003878,1.0,0,True,,,
P2P-003879,1.0,0,True,,,
P2P-003880,1.0,0,True,,,
P2P-003881,1.0,0,True,,,
P2P-003882,0.8666666666666667,2,False,,Invoice Blocked | Invoice Corrected,
P2P-003883,1.0,0,True,,,
P2P-003884,0.8125,3,False,,Delivery Delayed | Request Reworked,Manager Approval
P2P-003885,0.9285714285714286,1,False,,Delivery Delayed,
P2P-003886,0.9285714285714286,1,False,,Delivery Delayed,
P2P-003887,0.7857142857142857,3,False,,Three-Way Match Failed,
P2P-003888,1.0,0,True,,,
P2P-003889,0.8125,3,False,,Payment Rejected,Invoice Matched | Payment Authorized
P2P-003890,1.0,0,True,,,
P2P-003891,0.8125,3,False,,Payment Rejected,Invoice Matched | Payment Authorized
P2P-003892,0.9285714285714286,1,False,,Delivery Delayed,
P2P-003893,1.0,0,True,,,
P2P-003894,0.8125,3,False,,Payment Rejected,Invoice Matched | Payment Authorized
P2P-003895,0.8125,3,False,,Payment Rejected,Invoice Matched | Payment Authorized
P2P-003896,0.7647058823529411,4,False,,Corrected Invoice Received | Duplicate Check Failed | Invoice Rejected,Invoice Duplicate Check
P2P-003897,0.8666666666666667,2,False,,Invoice Blocked | Invoice Corrected,
P2P-003898,0.7857142857142857,3,False,,Three-Way Match Failed,
P2P-003899,1.0,0,True,,,
P2P-003900,0.9285714285714286,1,False,,Delivery Delayed,
P2P-003901,1.0,0,True,,,
P2P-003902,1.0,0,True,,,
P2P-003903,1.0,0,True,,,
P2P-003904,0.8125,3,False,,Payment Rejected,Invoice Matched | Payment Authorized
P2P-003905,0.8666666666666667,2,False,,Invoice Blocked | Invoice Corrected,
P2P-003906,1.0,0,True,,,
P2P-003907,0.8125,3,False,,Payment Rejected,Invoice Matched | Payment Authorized
P2P-003908,0.8666666666666667,2,False,,Request Reworked,Manager Approval
P2P-003909,1.0,0,True,,,
P2P-003910,0.8666666666666667,2,False,,Request Reworked,Manager Approval
P2P-003911,0.8666666666666667,2,False,,Request Reworked,Manager Approval
P2P-003912,0.7857142857142857,3,False,,Three-Way Match Failed,
P2P-003913,0.8125,3,False,,Delivery Delayed | Request Reworked,Manager Approval
P2P-003914,0.7857142857142857,3,False,,Three-Way Match Failed,
P2P-003915,1.0,0,True,,,
P2P-003916,1.0,0,True,,,
P2P-003917,0.7857142857142857,3,False,,Three-Way Match Failed,
P2P-003918,0.9285714285714286,1,False,,Delivery Delayed,
P2P-003919,0.8666666666666667,2,False,,Invoice Blocked | Invoice Corrected,
P2P-003920,0.8125,3,False,,Delivery Delayed | Invoice Blocked | Invoice Corrected,
P2P-003921,0.9230769230769231,1,False,Manager Approval,,
P2P-003922,0.8461538461538461,2,False,Manager Approval,Delivery Delayed,
P2P-003923,0.8666666666666667,2,False,,Request Reworked,Manager Approval
P2P-003924,1.0,0,True,,,
P2P-003925,1.0,0,True,,,
P2P-003926,0.9285714285714286,1,False,,Delivery Delayed,
P2P-003927,0.8666666666666667,2,False,,Request Reworked,Manager Approval
P2P-003928,0.7647058823529411,4,False,,Corrected Invoice Received | Duplicate Check Failed | Invoice Rejected,Invoice Duplicate Check
P2P-003929,0.7857142857142857,3,False,,Three-Way Match Failed,
P2P-003930,0.9230769230769231,1,False,Manager Approval,,
P2P-003931,1.0,0,True,,,
P2P-003932,1.0,0,True,,,
P2P-003933,1.0,0,True,,,
P2P-003934,0.8666666666666667,2,False,,Request Reworked,Manager Approval
P2P-003935,0.8666666666666667,2,False,,Invoice Blocked | Invoice Corrected,
P2P-003936,0.9285714285714286,1,False,,Delivery Delayed,
P2P-003937,0.9285714285714286,1,False,,Delivery Delayed,
P2P-003938,0.9230769230769231,1,False,Manager Approval,,
P2P-003939,1.0,0,True,,,
P2P-003940,0.9230769230769231,1,False,Manager Approval,,
P2P-003941,0.9230769230769231,1,False,Manager Approval,,
P2P-003942,0.7222222222222222,5,False,,Corrected Invoice Received | Delivery Delayed | Duplicate Check Failed | Invoice Rejected,Invoice Duplicate Check
P2P-003943,1.0,0,True,,,
P2P-003944,0.8666666666666667,2,False,,Invoice Blocked | Invoice Corrected,
P2P-003945,0.8666666666666667,2,False,,Invoice Blocked | Invoice Corrected,
P2P-003946,0.8666666666666667,2,False,,Request Reworked,Manager Approval
P2P-003947,1.0,0,True,,,
P2P-003948,0.7222222222222222,5,False,,Corrected Invoice Received | Delivery Delayed | Duplicate Check Failed | Invoice Rejected,Invoice Duplicate Check
P2P-003949,0.8666666666666667,2,False,,Request Reworked,Manager Approval
P2P-003950,1.0,0,True,,,
P2P-003951,1.0,0,True,,,
P2P-003952,1.0,0,True,,,
P2P-003953,0.8666666666666667,2,False,,Invoice Blocked | Invoice Corrected,
P2P-003954,1.0,0,True,,,
P2P-003955,0.7857142857142857,3,False,,Three-Way Match Failed,
P2P-003956,0.8666666666666667,2,False,,Invoice Blocked | Invoice Corrected,
P2P-003957,0.8666666666666667,2,False,,Invoice Blocked | Invoice Corrected,
P2P-003958,0.9230769230769231,1,False,Manager Approval,,
P2P-003959,1.0,0,True,,,
P2P-003960,1.0,0,True,,,
P2P-003961,0.8125,3,False,,Payment Rejected,Invoice Matched | Payment Authorized
P2P-003962,1.0,0,True,,,
P2P-003963,1.0,0,True,,,
P2P-003964,1.0,0,True,,,
P2P-003965,1.0,0,True,,,
P2P-003966,0.7857142857142857,3,False,,Three-Way Match Failed,
P2P-003967,1.0,0,True,,,
P2P-003968,1.0,0,True,,,
P2P-003969,1.0,0,True,,,
P2P-003970,0.7857142857142857,3,False,,Three-Way Match Failed,
P2P-003971,1.0,0,True,,,
P2P-003972,0.8125,3,False,,Payment Rejected,Invoice Matched | Payment Authorized
P2P-003973,0.8666666666666667,2,False,,Request Reworked,Manager Approval
P2P-003974,1.0,0,True,,,
P2P-003975,0.8666666666666667,2,False,,Request Reworked,Manager Approval
P2P-003976,0.8666666666666667,2,False,,Request Reworked,Manager Approval
P2P-003977,0.8666666666666667,2,False,,Invoice Blocked | Invoice Corrected,
P2P-003978,1.0,0,True,,,
P2P-003979,0.8125,3,False,,Delivery Delayed | Invoice Blocked | Invoice Corrected,
P2P-003980,1.0,0,True,,,
P2P-003981,0.8666666666666667,2,False,,Request Reworked,Manager Approval
P2P-003982,1.0,0,True,,,
P2P-003983,1.0,0,True,,,
P2P-003984,0.8125,3,False,,Payment Rejected,Invoice Matched | Payment Authorized
P2P-003985,0.9230769230769231,1,False,Manager Approval,,
P2P-003986,0.7647058823529411,4,False,,Corrected Invoice Received | Duplicate Check Failed | Invoice Rejected,Invoice Duplicate Check
P2P-003987,0.7647058823529411,4,False,,Corrected Invoice Received | Duplicate Check Failed | Invoice Rejected,Invoice Duplicate Check
P2P-003988,1.0,0,True,,,
P2P-003989,1.0,0,True,,,
P2P-003990,0.9285714285714286,1,False,,Delivery Delayed,
P2P-003991,0.9285714285714286,1,False,,Delivery Delayed,
P2P-003992,1.0,0,True,,,
P2P-003993,0.7857142857142857,3,False,,Three-Way Match Failed,
P2P-003994,0.8666666666666667,2,False,,Request Reworked,Manager Approval
P2P-003995,0.9230769230769231,1,False,Manager Approval,,
P2P-003996,0.8666666666666667,2,False,,Invoice Blocked | Invoice Corrected,
P2P-003997,0.8666666666666667,2,False,,Invoice Blocked | Invoice Corrected,
P2P-003998,0.8666666666666667,2,False,,Invoice Blocked | Invoice Corrected,
P2P-003999,0.8125,3,False,,Payment Rejected,Invoice Matched | Payment Authorized
P2P-004000,1.0,0,True,,,
P2P-004001,1.0,0,True,,,
P2P-004002,0.7857142857142857,3,False,,Three-Way Match Failed,
P2P-004003,0.8125,3,False,,Payment Rejected,Invoice Matched | Payment Authorized
P2P-004004,1.0,0,True,,,
P2P-004005,0.7857142857142857,3,False,,Three-Way Match Failed,
P2P-004006,1.0,0,True,,,
P2P-004007,0.8666666666666667,2,False,,Invoice Blocked | Invoice Corrected,
P2P-004008,1.0,0,True,,,
P2P-004009,1.0,0,True,,,
P2P-004010,0.8125,3,False,,Delivery Delayed | Request Reworked,Manager Approval
P2P-004011,0.9230769230769231,1,False,Manager Approval,,
P2P-004012,0.8666666666666667,2,False,,Invoice Blocked | Invoice Corrected,
P2P-004013,1.0,0,True,,,
P2P-004014,1.0,0,True,,,
P2P-004015,0.9230769230769231,1,False,Manager Approval,,
P2P-004016,0.9230769230769231,1,False,Manager Approval,,
P2P-004017,1.0,0,True,,,
P2P-004018,1.0,0,True,,,
P2P-004019,0.9285714285714286,1,False,,Delivery Delayed,
P2P-004020,1.0,0,True,,,
P2P-004021,1.0,0,True,,,
P2P-004022,0.8125,3,False,,Delivery Delayed | Request Reworked,Manager Approval
P2P-004023,1.0,0,True,,,
P2P-004024,0.7857142857142857,3,False,,Three-Way Match Failed,
P2P-004025,0.8461538461538461,2,False,Manager Approval,Delivery Delayed,
P2P-004026,0.8125,3,False,,Delivery Delayed | Invoice Blocked | Invoice Corrected,
P2P-004027,0.7647058823529411,4,False,,Delivery Delayed | Payment Rejected,Invoice Matched | Payment Authorized
P2P-004028,1.0,0,True,,,
P2P-004029,0.8666666666666667,2,False,,Request Reworked,Manager Approval
P2P-004030,1.0,0,True,,,
P2P-004031,0.9230769230769231,1,False,Manager Approval,,
P2P-004032,1.0,0,True,,,
P2P-004033,1.0,0,True,,,
P2P-004034,0.9230769230769231,1,False,Manager Approval,,
P2P-004035,0.9230769230769231,1,False,Manager Approval,,
P2P-004036,0.7647058823529411,4,False,,Corrected Invoice Received | Duplicate Check Failed | Invoice Rejected,Invoice Duplicate Check
P2P-004037,0.8666666666666667,2,False,,Request Reworked,Manager Approval
P2P-004038,0.7857142857142857,3,False,,Three-Way Match Failed,
P2P-004039,0.9230769230769231,1,False,Manager Approval,,
P2P-004040,1.0,0,True,,,
P2P-004041,0.7857142857142857,3,False,,Three-Way Match Failed,
P2P-004042,0.9230769230769231,1,False,Manager Approval,,
P2P-004043,0.9230769230769231,1,False,Manager Approval,,
P2P-004044,1.0,0,True,,,
P2P-004045,0.8666666666666667,2,False,,Invoice Blocked | Invoice Corrected,
P2P-004046,1.0,0,True,,,
P2P-004047,1.0,0,True,,,
P2P-004048,1.0,0,True,,,
P2P-004049,1.0,0,True,,,
P2P-004050,0.9285714285714286,1,False,,Delivery Delayed,
P2P-004051,0.7647058823529411,4,False,,Corrected Invoice Received | Duplicate Check Failed | Invoice Rejected,Invoice Duplicate Check
P2P-004052,1.0,0,True,,,
P2P-004053,0.7647058823529411,4,False,,Corrected Invoice Received | Duplicate Check Failed | Invoice Rejected,Invoice Duplicate Check
P2P-004054,0.7857142857142857,3,False,,Three-Way Match Failed,
P2P-004055,0.8125,3,False,,Delivery Delayed | Invoice Blocked | Invoice Corrected,
P2P-004056,0.8125,3,False,,Payment Rejected,Invoice Matched | Payment Authorized
P2P-004057,0.8666666666666667,2,False,,Request Reworked,Manager Approval
P2P-004058,1.0,0,True,,,
P2P-004059,0.8666666666666667,2,False,,Request Reworked,Manager Approval
P2P-004060,1.0,0,True,,,
P2P-004061,1.0,0,True,,,
P2P-004062,0.8125,3,False,,Payment Rejected,Invoice Matched | Payment Authorized
P2P-004063,1.0,0,True,,,
P2P-004064,0.8666666666666667,2,False,,Invoice Blocked | Invoice Corrected,
P2P-004065,0.8666666666666667,2,False,,Request Reworked,Manager Approval
P2P-004066,1.0,0,True,,,
P2P-004067,0.8461538461538461,2,False,Manager Approval,Delivery Delayed,
P2P-004068,1.0,0,True,,,
P2P-004069,0.9230769230769231,1,False,Manager Approval,,
P2P-004070,0.7647058823529411,4,False,,Corrected Invoice Received | Duplicate Check Failed | Invoice Rejected,Invoice Duplicate Check
P2P-004071,0.9230769230769231,1,False,Manager Approval,,
P2P-004072,1.0,0,True,,,
P2P-004073,0.7647058823529411,4,False,,Corrected Invoice Received | Duplicate Check Failed | Invoice Rejected,Invoice Duplicate Check
P2P-004074,0.9230769230769231,1,False,Manager Approval,,
P2P-004075,0.8666666666666667,2,False,,Request Reworked,Manager Approval
P2P-004076,0.9230769230769231,1,False,Manager Approval,,
P2P-004077,0.9230769230769231,1,False,Manager Approval,,
P2P-004078,1.0,0,True,,,
P2P-004079,0.9285714285714286,1,False,,Delivery Delayed,
P2P-004080,0.8666666666666667,2,False,,Request Reworked,Manager Approval
P2P-004081,0.8461538461538461,2,False,Manager Approval,Delivery Delayed,
P2P-004082,1.0,0,True,,,
P2P-004083,1.0,0,True,,,
P2P-004084,0.9230769230769231,1,False,Manager Approval,,
P2P-004085,0.9285714285714286,1,False,,Delivery Delayed,
P2P-004086,1.0,0,True,,,
P2P-004087,0.7647058823529411,4,False,,Corrected Invoice Received | Duplicate Check Failed | Invoice Rejected,Invoice Duplicate Check
P2P-004088,0.9285714285714286,1,False,,Delivery Delayed,
P2P-004089,0.9285714285714286,1,False,,Delivery Delayed,
P2P-004090,0.7857142857142857,3,False,,Three-Way Match Failed,
P2P-004091,1.0,0,True,,,
P2P-004092,0.9285714285714286,1,False,,Delivery Delayed,
P2P-004093,0.8125,3,False,,Delivery Delayed | Invoice Blocked | Invoice Corrected,
P2P-004094,1.0,0,True,,,
P2P-004095,1.0,0,True,,,
P2P-004096,0.9230769230769231,1,False,Manager Approval,,
P2P-004097,1.0,0,True,,,
P2P-004098,0.9230769230769231,1,False,Manager Approval,,
P2P-004099,0.8125,3,False,,Delivery Delayed | Request Reworked,Manager Approval
P2P-004100,1.0,0,True,,,
P2P-004101,0.7857142857142857,3,False,,Three-Way Match Failed,
P2P-004102,0.9230769230769231,1,False,Manager Approval,,
P2P-004103,1.0,0,True,,,
P2P-004104,1.0,0,True,,,
P2P-004105,0.8666666666666667,2,False,,Invoice Blocked | Invoice Corrected,
P2P-004106,0.8,3,False,,Delivery Delayed | Three-Way Match Failed,
P2P-004107,1.0,0,True,,,
P2P-004108,0.9230769230769231,1,False,Manager Approval,,
P2P-004109,1.0,0,True,,,
P2P-004110,0.9230769230769231,1,False,Manager Approval,,
P2P-004111,0.9285714285714286,1,False,,Delivery Delayed,
P2P-004112,0.8666666666666667,2,False,,Invoice Blocked | Invoice Corrected,
P2P-004113,0.9230769230769231,1,False,Manager Approval,,
P2P-004114,0.8461538461538461,2,False,Manager Approval,Delivery Delayed,
P2P-004115,0.9285714285714286,1,False,,Delivery Delayed,
P2P-004116,1.0,0,True,,,
P2P-004117,1.0,0,True,,,
P2P-004118,1.0,0,True,,,
P2P-004119,1.0,0,True,,,
P2P-004120,0.7647058823529411,4,False,,Corrected Invoice Received | Duplicate Check Failed | Invoice Rejected,Invoice Duplicate Check
P2P-004121,1.0,0,True,,,
P2P-004122,1.0,0,True,,,
P2P-004123,0.7857142857142857,3,False,,Three-Way Match Failed,
P2P-004124,1.0,0,True,,,
P2P-004125,1.0,0,True,,,
P2P-004126,0.8666666666666667,2,False,,Invoice Blocked | Invoice Corrected,
P2P-004127,1.0,0,True,,,
P2P-004128,0.8666666666666667,2,False,,Invoice Blocked | Invoice Corrected,
P2P-004129,0.7857142857142857,3,False,,Three-Way Match Failed,
P2P-004130,1.0,0,True,,,
P2P-004131,0.8666666666666667,2,False,,Request Reworked,Manager Approval
P2P-004132,0.8666666666666667,2,False,,Invoice Blocked | Invoice Corrected,
P2P-004133,0.9230769230769231,1,False,Manager Approval,,
P2P-004134,0.8125,3,False,,Payment Rejected,Invoice Matched | Payment Authorized
P2P-004135,0.8666666666666667,2,False,,Request Reworked,Manager Approval
P2P-004136,1.0,0,True,,,
P2P-004137,1.0,0,True,,,
P2P-004138,0.9230769230769231,1,False,Manager Approval,,
P2P-004139,1.0,0,True,,,
P2P-004140,1.0,0,True,,,
P2P-004141,1.0,0,True,,,
P2P-004142,1.0,0,True,,,
P2P-004143,1.0,0,True,,,
P2P-004144,1.0,0,True,,,
P2P-004145,1.0,0,True,,,
P2P-004146,1.0,0,True,,,
P2P-004147,0.8461538461538461,2,False,Manager Approval,Delivery Delayed,
P2P-004148,1.0,0,True,,,
P2P-004149,0.9230769230769231,1,False,Manager Approval,,
P2P-004150,0.8125,3,False,,Delivery Delayed | Invoice Blocked | Invoice Corrected,
P2P-004151,1.0,0,True,,,
P2P-004152,0.9230769230769231,1,False,Manager Approval,,
P2P-004153,0.7857142857142857,3,False,,Three-Way Match Failed,
P2P-004154,0.8666666666666667,2,False,,Request Reworked,Manager Approval
P2P-004155,0.8125,3,False,,Delivery Delayed | Invoice Blocked | Invoice Corrected,
P2P-004156,1.0,0,True,,,
P2P-004157,0.9230769230769231,1,False,Manager Approval,,
P2P-004158,0.8666666666666667,2,False,,Invoice Blocked | Invoice Corrected,
P2P-004159,0.9285714285714286,1,False,,Delivery Delayed,
P2P-004160,0.9230769230769231,1,False,Manager Approval,,
P2P-004161,1.0,0,True,,,
P2P-004162,0.9230769230769231,1,False,Manager Approval,,
P2P-004163,0.8666666666666667,2,False,,Request Reworked,Manager Approval
P2P-004164,0.9230769230769231,1,False,Manager Approval,,
P2P-004165,0.7647058823529411,4,False,,Delivery Delayed | Payment Rejected,Invoice Matched | Payment Authorized
P2P-004166,1.0,0,True,,,
P2P-004167,0.7857142857142857,3,False,,Three-Way Match Failed,
P2P-004168,1.0,0,True,,,
P2P-004169,0.8666666666666667,2,False,,Invoice Blocked | Invoice Corrected,
P2P-004170,1.0,0,True,,,
P2P-004171,0.9230769230769231,1,False,Manager Approval,,
P2P-004172,1.0,0,True,,,
P2P-004173,1.0,0,True,,,
P2P-004174,1.0,0,True,,,
P2P-004175,1.0,0,True,,,
P2P-004176,0.8666666666666667,2,False,,Invoice Blocked | Invoice Corrected,
P2P-004177,0.9285714285714286,1,False,,Delivery Delayed,
P2P-004178,0.9230769230769231,1,False,Manager Approval,,
P2P-004179,1.0,0,True,,,
P2P-004180,0.7857142857142857,3,False,,Three-Way Match Failed,
P2P-004181,1.0,0,True,,,
P2P-004182,1.0,0,True,,,
P2P-004183,1.0,0,True,,,
P2P-004184,1.0,0,True,,,
P2P-004185,0.9285714285714286,1,False,,Delivery Delayed,
P2P-004186,0.8125,3,False,,Payment Rejected,Invoice Matched | Payment Authorized
P2P-004187,1.0,0,True,,,
P2P-004188,1.0,0,True,,,
P2P-004189,1.0,0,True,,,
P2P-004190,0.9285714285714286,1,False,,Delivery Delayed,
P2P-004191,1.0,0,True,,,
P2P-004192,0.8666666666666667,2,False,,Invoice Blocked | Invoice Corrected,
P2P-004193,1.0,0,True,,,
P2P-004194,1.0,0,True,,,
P2P-004195,0.9230769230769231,1,False,Manager Approval,,
P2P-004196,1.0,0,True,,,
P2P-004197,0.8666666666666667,2,False,,Invoice Blocked | Invoice Corrected,
P2P-004198,0.7857142857142857,3,False,,Three-Way Match Failed,
P2P-004199,1.0,0,True,,,
P2P-004200,0.9285714285714286,1,False,,Delivery Delayed,
P2P-004201,0.8125,3,False,,Payment Rejected,Invoice Matched | Payment Authorized
P2P-004202,1.0,0,True,,,
P2P-004203,0.9285714285714286,1,False,,Delivery Delayed,
P2P-004204,1.0,0,True,,,
P2P-004205,0.9230769230769231,1,False,Manager Approval,,
P2P-004206,0.8125,3,False,,Payment Rejected,Invoice Matched | Payment Authorized
P2P-004207,0.7222222222222222,5,False,,Corrected Invoice Received | Delivery Delayed | Duplicate Check Failed | Invoice Rejected,Invoice Duplicate Check
P2P-004208,0.9285714285714286,1,False,,Delivery Delayed,
P2P-004209,1.0,0,True,,,
P2P-004210,1.0,0,True,,,
P2P-004211,0.9230769230769231,1,False,Manager Approval,,
P2P-004212,0.7857142857142857,3,False,,Three-Way Match Failed,
P2P-004213,1.0,0,True,,,
P2P-004214,1.0,0,True,,,
P2P-004215,1.0,0,True,,,
P2P-004216,1.0,0,True,,,
P2P-004217,0.7647058823529411,4,False,,Corrected Invoice Received | Duplicate Check Failed | Invoice Rejected,Invoice Duplicate Check
P2P-004218,0.9230769230769231,1,False,Manager Approval,,
P2P-004219,0.9285714285714286,1,False,,Delivery Delayed,
P2P-004220,1.0,0,True,,,
P2P-004221,1.0,0,True,,,
P2P-004222,0.9230769230769231,1,False,Manager Approval,,
P2P-004223,1.0,0,True,,,
P2P-004224,0.8666666666666667,2,False,,Request Reworked,Manager Approval
P2P-004225,1.0,0,True,,,
P2P-004226,1.0,0,True,,,
P2P-004227,1.0,0,True,,,
P2P-004228,0.8666666666666667,2,False,,Invoice Blocked | Invoice Corrected,
P2P-004229,1.0,0,True,,,
P2P-004230,0.9285714285714286,1,False,,Delivery Delayed,
P2P-004231,1.0,0,True,,,
P2P-004232,0.8666666666666667,2,False,,Invoice Blocked | Invoice Corrected,
P2P-004233,1.0,0,True,,,
P2P-004234,0.8666666666666667,2,False,,Request Reworked,Manager Approval
P2P-004235,1.0,0,True,,,
P2P-004236,1.0,0,True,,,
P2P-004237,0.7857142857142857,3,False,,Three-Way Match Failed,
P2P-004238,0.9230769230769231,1,False,Manager Approval,,
P2P-004239,1.0,0,True,,,
P2P-004240,1.0,0,True,,,
P2P-004241,1.0,0,True,,,
P2P-004242,1.0,0,True,,,
P2P-004243,0.7857142857142857,3,False,,Three-Way Match Failed,
P2P-004244,0.9285714285714286,1,False,,Delivery Delayed,
P2P-004245,1.0,0,True,,,
P2P-004246,0.7647058823529411,4,False,,Corrected Invoice Received | Duplicate Check Failed | Invoice Rejected,Invoice Duplicate Check
P2P-004247,0.9230769230769231,1,False,Manager Approval,,
P2P-004248,0.9230769230769231,1,False,Manager Approval,,
P2P-004249,0.9230769230769231,1,False,Manager Approval,,
P2P-004250,0.8666666666666667,2,False,,Request Reworked,Manager Approval
P2P-004251,0.8125,3,False,,Payment Rejected,Invoice Matched | Payment Authorized
P2P-004252,1.0,0,True,,,
P2P-004253,0.7857142857142857,3,False,,Three-Way Match Failed,
P2P-004254,0.9230769230769231,1,False,Manager Approval,,
P2P-004255,0.8125,3,False,,Payment Rejected,Invoice Matched | Payment Authorized
P2P-004256,0.8666666666666667,2,False,,Invoice Blocked | Invoice Corrected,
P2P-004257,0.7222222222222222,5,False,,Corrected Invoice Received | Delivery Delayed | Duplicate Check Failed | Invoice Rejected,Invoice Duplicate Check
P2P-004258,1.0,0,True,,,
P2P-004259,0.9230769230769231,1,False,Manager Approval,,
P2P-004260,0.9230769230769231,1,False,Manager Approval,,
P2P-004261,1.0,0,True,,,
P2P-004262,1.0,0,True,,,
P2P-004263,1.0,0,True,,,
P2P-004264,0.9285714285714286,1,False,,Delivery Delayed,
P2P-004265,0.8666666666666667,2,False,,Invoice Blocked | Invoice Corrected,
P2P-004266,0.8666666666666667,2,False,,Request Reworked,Manager Approval
P2P-004267,1.0,0,True,,,
P2P-004268,0.9230769230769231,1,False,Manager Approval,,
P2P-004269,0.9230769230769231,1,False,Manager Approval,,
P2P-004270,1.0,0,True,,,
P2P-004271,0.7647058823529411,4,False,,Corrected Invoice Received | Duplicate Check Failed | Invoice Rejected,Invoice Duplicate Check
P2P-004272,1.0,0,True,,,
P2P-004273,1.0,0,True,,,
P2P-004274,0.8666666666666667,2,False,,Invoice Blocked | Invoice Corrected,
P2P-004275,0.7647058823529411,4,False,,Corrected Invoice Received | Duplicate Check Failed | Invoice Rejected,Invoice Duplicate Check
P2P-004276,0.7857142857142857,3,False,,Three-Way Match Failed,
P2P-004277,0.9285714285714286,1,False,,Delivery Delayed,
P2P-004278,0.9285714285714286,1,False,,Delivery Delayed,
P2P-004279,1.0,0,True,,,
P2P-004280,1.0,0,True,,,
P2P-004281,1.0,0,True,,,
P2P-004282,0.9230769230769231,1,False,Manager Approval,,
P2P-004283,0.8125,3,False,,Delivery Delayed | Invoice Blocked | Invoice Corrected,
P2P-004284,0.8125,3,False,,Delivery Delayed | Request Reworked,Manager Approval
P2P-004285,1.0,0,True,,,
P2P-004286,1.0,0,True,,,
P2P-004287,1.0,0,True,,,
P2P-004288,1.0,0,True,,,
P2P-004289,1.0,0,True,,,
P2P-004290,0.9230769230769231,1,False,Manager Approval,,
P2P-004291,0.7857142857142857,3,False,,Three-Way Match Failed,
P2P-004292,0.8125,3,False,,Delivery Delayed | Invoice Blocked | Invoice Corrected,
P2P-004293,0.7857142857142857,3,False,,Three-Way Match Failed,
P2P-004294,1.0,0,True,,,
P2P-004295,0.9230769230769231,1,False,Manager Approval,,
P2P-004296,1.0,0,True,,,
P2P-004297,0.7222222222222222,5,False,,Corrected Invoice Received | Delivery Delayed | Duplicate Check Failed | Invoice Rejected,Invoice Duplicate Check
P2P-004298,0.9285714285714286,1,False,,Delivery Delayed,
P2P-004299,0.7857142857142857,3,False,,Three-Way Match Failed,
P2P-004300,1.0,0,True,,,
P2P-004301,1.0,0,True,,,
P2P-004302,0.7857142857142857,3,False,,Three-Way Match Failed,
P2P-004303,0.8125,3,False,,Payment Rejected,Invoice Matched | Payment Authorized
P2P-004304,1.0,0,True,,,
P2P-004305,1.0,0,True,,,
P2P-004306,1.0,0,True,,,
P2P-004307,0.7647058823529411,4,False,,Corrected Invoice Received | Duplicate Check Failed | Invoice Rejected,Invoice Duplicate Check
P2P-004308,0.9230769230769231,1,False,Manager Approval,,
P2P-004309,1.0,0,True,,,
P2P-004310,1.0,0,True,,,
P2P-004311,1.0,0,True,,,
P2P-004312,0.7857142857142857,3,False,,Three-Way Match Failed,
P2P-004313,1.0,0,True,,,
P2P-004314,0.8125,3,False,,Delivery Delayed | Invoice Blocked | Invoice Corrected,
P2P-004315,0.9230769230769231,1,False,Manager Approval,,
P2P-004316,1.0,0,True,,,
P2P-004317,1.0,0,True,,,
P2P-004318,1.0,0,True,,,
P2P-004319,0.9230769230769231,1,False,Manager Approval,,
P2P-004320,1.0,0,True,,,
P2P-004321,0.8125,3,False,,Delivery Delayed | Request Reworked,Manager Approval
P2P-004322,0.7857142857142857,3,False,,Three-Way Match Failed,
P2P-004323,0.8666666666666667,2,False,,Invoice Blocked | Invoice Corrected,
P2P-004324,1.0,0,True,,,
P2P-004325,0.9285714285714286,1,False,,Delivery Delayed,
P2P-004326,1.0,0,True,,,
P2P-004327,0.9230769230769231,1,False,Manager Approval,,
P2P-004328,0.9285714285714286,1,False,,Delivery Delayed,
P2P-004329,0.8666666666666667,2,False,,Request Reworked,Manager Approval
P2P-004330,0.7857142857142857,3,False,,Three-Way Match Failed,
P2P-004331,0.8125,3,False,,Delivery Delayed | Request Reworked,Manager Approval
P2P-004332,1.0,0,True,,,
P2P-004333,0.8666666666666667,2,False,,Request Reworked,Manager Approval
P2P-004334,0.9230769230769231,1,False,Manager Approval,,
P2P-004335,0.7857142857142857,3,False,,Three-Way Match Failed,
P2P-004336,0.9285714285714286,1,False,,Delivery Delayed,
P2P-004337,1.0,0,True,,,
P2P-004338,0.8666666666666667,2,False,,Invoice Blocked | Invoice Corrected,
P2P-004339,0.9230769230769231,1,False,Manager Approval,,
P2P-004340,1.0,0,True,,,
P2P-004341,0.8666666666666667,2,False,,Request Reworked,Manager Approval
P2P-004342,1.0,0,True,,,
P2P-004343,0.7857142857142857,3,False,,Three-Way Match Failed,
P2P-004344,1.0,0,True,,,
P2P-004345,0.7647058823529411,4,False,,Delivery Delayed | Payment Rejected,Invoice Matched | Payment Authorized
P2P-004346,0.7857142857142857,3,False,,Three-Way Match Failed,
P2P-004347,0.9285714285714286,1,False,,Delivery Delayed,
P2P-004348,1.0,0,True,,,
P2P-004349,1.0,0,True,,,
P2P-004350,0.9230769230769231,1,False,Manager Approval,,
P2P-004351,1.0,0,True,,,
P2P-004352,0.7857142857142857,3,False,,Three-Way Match Failed,
P2P-004353,1.0,0,True,,,
P2P-004354,0.8666666666666667,2,False,,Invoice Blocked | Invoice Corrected,
P2P-004355,0.7647058823529411,4,False,,Delivery Delayed | Payment Rejected,Invoice Matched | Payment Authorized
P2P-004356,1.0,0,True,,,
P2P-004357,0.9285714285714286,1,False,,Delivery Delayed,
P2P-004358,1.0,0,True,,,
P2P-004359,1.0,0,True,,,
P2P-004360,1.0,0,True,,,
P2P-004361,0.8666666666666667,2,False,,Request Reworked,Manager Approval
P2P-004362,0.8,3,False,,Delivery Delayed | Three-Way Match Failed,
P2P-004363,1.0,0,True,,,
P2P-004364,1.0,0,True,,,
P2P-004365,0.7857142857142857,3,False,,Three-Way Match Failed,
P2P-004366,0.8125,3,False,,Payment Rejected,Invoice Matched | Payment Authorized
P2P-004367,1.0,0,True,,,
P2P-004368,1.0,0,True,,,
P2P-004369,1.0,0,True,,,
P2P-004370,1.0,0,True,,,
P2P-004371,0.8666666666666667,2,False,,Invoice Blocked | Invoice Corrected,
P2P-004372,1.0,0,True,,,
P2P-004373,0.9285714285714286,1,False,,Delivery Delayed,
P2P-004374,1.0,0,True,,,
P2P-004375,1.0,0,True,,,
P2P-004376,0.8666666666666667,2,False,,Request Reworked,Manager Approval
P2P-004377,0.8666666666666667,2,False,,Request Reworked,Manager Approval
P2P-004378,0.7647058823529411,4,False,,Corrected Invoice Received | Duplicate Check Failed | Invoice Rejected,Invoice Duplicate Check
P2P-004379,0.9285714285714286,1,False,,Delivery Delayed,
P2P-004380,0.7857142857142857,3,False,,Three-Way Match Failed,
P2P-004381,0.7857142857142857,3,False,,Three-Way Match Failed,
P2P-004382,0.8461538461538461,2,False,Manager Approval,Delivery Delayed,
P2P-004383,0.8125,3,False,,Payment Rejected,Invoice Matched | Payment Authorized
P2P-004384,0.9230769230769231,1,False,Manager Approval,,
P2P-004385,1.0,0,True,,,
P2P-004386,1.0,0,True,,,
P2P-004387,0.7857142857142857,3,False,,Three-Way Match Failed,
P2P-004388,0.8666666666666667,2,False,,Request Reworked,Manager Approval
P2P-004389,1.0,0,True,,,
P2P-004390,0.9230769230769231,1,False,Manager Approval,,
P2P-004391,0.8666666666666667,2,False,,Invoice Blocked | Invoice Corrected,
P2P-004392,1.0,0,True,,,
P2P-004393,1.0,0,True,,,
P2P-004394,0.8666666666666667,2,False,,Request Reworked,Manager Approval
P2P-004395,0.9285714285714286,1,False,,Delivery Delayed,
P2P-004396,0.9230769230769231,1,False,Manager Approval,,
P2P-004397,1.0,0,True,,,
P2P-004398,0.7647058823529411,4,False,,Corrected Invoice Received | Duplicate Check Failed | Invoice Rejected,Invoice Duplicate Check
P2P-004399,0.8125,3,False,,Delivery Delayed | Request Reworked,Manager Approval
P2P-004400,1.0,0,True,,,
P2P-004401,1.0,0,True,,,
P2P-004402,1.0,0,True,,,
P2P-004403,1.0,0,True,,,
P2P-004404,0.9230769230769231,1,False,Manager Approval,,
P2P-004405,1.0,0,True,,,
P2P-004406,0.9285714285714286,1,False,,Delivery Delayed,
P2P-004407,1.0,0,True,,,
P2P-004408,0.8666666666666667,2,False,,Request Reworked,Manager Approval
P2P-004409,0.9230769230769231,1,False,Manager Approval,,
P2P-004410,1.0,0,True,,,
P2P-004411,0.8666666666666667,2,False,,Invoice Blocked | Invoice Corrected,
P2P-004412,0.8666666666666667,2,False,,Invoice Blocked | Invoice Corrected,
P2P-004413,0.9230769230769231,1,False,Manager Approval,,
P2P-004414,1.0,0,True,,,
P2P-004415,1.0,0,True,,,
P2P-004416,1.0,0,True,,,
P2P-004417,1.0,0,True,,,
P2P-004418,0.8666666666666667,2,False,,Request Reworked,Manager Approval
P2P-004419,1.0,0,True,,,
P2P-004420,1.0,0,True,,,
P2P-004421,1.0,0,True,,,
P2P-004422,1.0,0,True,,,
P2P-004423,0.9230769230769231,1,False,Manager Approval,,
P2P-004424,0.7647058823529411,4,False,,Corrected Invoice Received | Duplicate Check Failed | Invoice Rejected,Invoice Duplicate Check
P2P-004425,1.0,0,True,,,
P2P-004426,0.8666666666666667,2,False,,Invoice Blocked | Invoice Corrected,
P2P-004427,0.7857142857142857,3,False,,Three-Way Match Failed,
P2P-004428,0.7647058823529411,4,False,,Corrected Invoice Received | Duplicate Check Failed | Invoice Rejected,Invoice Duplicate Check
P2P-004429,0.9285714285714286,1,False,,Delivery Delayed,
P2P-004430,0.8666666666666667,2,False,,Request Reworked,Manager Approval
P2P-004431,0.9285714285714286,1,False,,Delivery Delayed,
P2P-004432,0.8666666666666667,2,False,,Request Reworked,Manager Approval
P2P-004433,0.8666666666666667,2,False,,Request Reworked,Manager Approval
P2P-004434,1.0,0,True,,,
P2P-004435,1.0,0,True,,,
P2P-004436,1.0,0,True,,,
P2P-004437,0.9230769230769231,1,False,Manager Approval,,
P2P-004438,0.8461538461538461,2,False,Manager Approval,Delivery Delayed,
P2P-004439,0.9285714285714286,1,False,,Delivery Delayed,
P2P-004440,1.0,0,True,,,
P2P-004441,1.0,0,True,,,
P2P-004442,0.8666666666666667,2,False,,Request Reworked,Manager Approval
P2P-004443,1.0,0,True,,,
P2P-004444,0.7857142857142857,3,False,,Three-Way Match Failed,
P2P-004445,1.0,0,True,,,
P2P-004446,0.7857142857142857,3,False,,Three-Way Match Failed,
P2P-004447,0.7647058823529411,4,False,,Corrected Invoice Received | Duplicate Check Failed | Invoice Rejected,Invoice Duplicate Check
P2P-004448,0.9230769230769231,1,False,Manager Approval,,
P2P-004449,1.0,0,True,,,
P2P-004450,1.0,0,True,,,
P2P-004451,0.8,3,False,,Delivery Delayed | Three-Way Match Failed,
P2P-004452,1.0,0,True,,,
P2P-004453,0.8666666666666667,2,False,,Invoice Blocked | Invoice Corrected,
P2P-004454,0.9285714285714286,1,False,,Delivery Delayed,
P2P-004455,1.0,0,True,,,
P2P-004456,0.7647058823529411,4,False,,Corrected Invoice Received | Duplicate Check Failed | Invoice Rejected,Invoice Duplicate Check
P2P-004457,1.0,0,True,,,
P2P-004458,0.7647058823529411,4,False,,Corrected Invoice Received | Duplicate Check Failed | Invoice Rejected,Invoice Duplicate Check
P2P-004459,0.8666666666666667,2,False,,Request Reworked,Manager Approval
P2P-004460,0.9285714285714286,1,False,,Delivery Delayed,
P2P-004461,0.8461538461538461,2,False,Manager Approval,Delivery Delayed,
P2P-004462,1.0,0,True,,,
P2P-004463,0.9285714285714286,1,False,,Delivery Delayed,
P2P-004464,1.0,0,True,,,
P2P-004465,0.7647058823529411,4,False,,Corrected Invoice Received | Duplicate Check Failed | Invoice Rejected,Invoice Duplicate Check
P2P-004466,0.8666666666666667,2,False,,Request Reworked,Manager Approval
P2P-004467,0.9285714285714286,1,False,,Delivery Delayed,
P2P-004468,1.0,0,True,,,
P2P-004469,0.8666666666666667,2,False,,Request Reworked,Manager Approval
P2P-004470,0.7647058823529411,4,False,,Corrected Invoice Received | Duplicate Check Failed | Invoice Rejected,Invoice Duplicate Check
P2P-004471,1.0,0,True,,,
P2P-004472,1.0,0,True,,,
P2P-004473,0.8666666666666667,2,False,,Request Reworked,Manager Approval
P2P-004474,0.8666666666666667,2,False,,Request Reworked,Manager Approval
P2P-004475,0.7647058823529411,4,False,,Corrected Invoice Received | Duplicate Check Failed | Invoice Rejected,Invoice Duplicate Check
P2P-004476,1.0,0,True,,,
P2P-004477,0.9285714285714286,1,False,,Delivery Delayed,
P2P-004478,0.8666666666666667,2,False,,Invoice Blocked | Invoice Corrected,
P2P-004479,0.8666666666666667,2,False,,Request Reworked,Manager Approval
P2P-004480,0.9230769230769231,1,False,Manager Approval,,
P2P-004481,1.0,0,True,,,
P2P-004482,0.8125,3,False,,Payment Rejected,Invoice Matched | Payment Authorized
P2P-004483,0.8125,3,False,,Payment Rejected,Invoice Matched | Payment Authorized
P2P-004484,0.7647058823529411,4,False,,Corrected Invoice Received | Duplicate Check Failed | Invoice Rejected,Invoice Duplicate Check
P2P-004485,0.8125,3,False,,Payment Rejected,Invoice Matched | Payment Authorized
P2P-004486,0.7857142857142857,3,False,,Three-Way Match Failed,
P2P-004487,1.0,0,True,,,
P2P-004488,0.9230769230769231,1,False,Manager Approval,,
P2P-004489,1.0,0,True,,,
P2P-004490,0.7857142857142857,3,False,,Three-Way Match Failed,
P2P-004491,1.0,0,True,,,
P2P-004492,1.0,0,True,,,
P2P-004493,0.9230769230769231,1,False,Manager Approval,,
P2P-004494,0.9230769230769231,1,False,Manager Approval,,
P2P-004495,0.8125,3,False,,Delivery Delayed | Invoice Blocked | Invoice Corrected,
P2P-004496,0.7647058823529411,4,False,,Delivery Delayed | Payment Rejected,Invoice Matched | Payment Authorized
P2P-004497,0.9230769230769231,1,False,Manager Approval,,
P2P-004498,1.0,0,True,,,
P2P-004499,1.0,0,True,,,
P2P-004500,0.9285714285714286,1,False,,Delivery Delayed,
P2P-004501,0.8666666666666667,2,False,,Request Reworked,Manager Approval
P2P-004502,1.0,0,True,,,
P2P-004503,1.0,0,True,,,
P2P-004504,1.0,0,True,,,
P2P-004505,1.0,0,True,,,
P2P-004506,1.0,0,True,,,
P2P-004507,0.9230769230769231,1,False,Manager Approval,,
P2P-004508,0.8461538461538461,2,False,Manager Approval,Delivery Delayed,
P2P-004509,1.0,0,True,,,
P2P-004510,0.9285714285714286,1,False,,Delivery Delayed,
P2P-004511,0.9230769230769231,1,False,Manager Approval,,
P2P-004512,0.8125,3,False,,Payment Rejected,Invoice Matched | Payment Authorized
P2P-004513,1.0,0,True,,,
P2P-004514,1.0,0,True,,,
P2P-004515,0.8666666666666667,2,False,,Invoice Blocked | Invoice Corrected,
P2P-004516,1.0,0,True,,,
P2P-004517,0.8666666666666667,2,False,,Request Reworked,Manager Approval
P2P-004518,0.8125,3,False,,Payment Rejected,Invoice Matched | Payment Authorized
P2P-004519,1.0,0,True,,,
P2P-004520,0.8125,3,False,,Payment Rejected,Invoice Matched | Payment Authorized
P2P-004521,0.8666666666666667,2,False,,Invoice Blocked | Invoice Corrected,
P2P-004522,0.8666666666666667,2,False,,Invoice Blocked | Invoice Corrected,
P2P-004523,1.0,0,True,,,
P2P-004524,0.8125,3,False,,Payment Rejected,Invoice Matched | Payment Authorized
P2P-004525,1.0,0,True,,,
P2P-004526,1.0,0,True,,,
P2P-004527,1.0,0,True,,,
P2P-004528,0.8666666666666667,2,False,,Invoice Blocked | Invoice Corrected,
P2P-004529,0.7857142857142857,3,False,,Three-Way Match Failed,
P2P-004530,1.0,0,True,,,
P2P-004531,1.0,0,True,,,
P2P-004532,0.9285714285714286,1,False,,Delivery Delayed,
P2P-004533,0.9230769230769231,1,False,Manager Approval,,
P2P-004534,0.8666666666666667,2,False,,Request Reworked,Manager Approval
P2P-004535,0.7647058823529411,4,False,,Corrected Invoice Received | Duplicate Check Failed | Invoice Rejected,Invoice Duplicate Check
P2P-004536,0.7647058823529411,4,False,,Corrected Invoice Received | Duplicate Check Failed | Invoice Rejected,Invoice Duplicate Check
P2P-004537,0.8666666666666667,2,False,,Invoice Blocked | Invoice Corrected,
P2P-004538,0.8125,3,False,,Payment Rejected,Invoice Matched | Payment Authorized
P2P-004539,1.0,0,True,,,
P2P-004540,1.0,0,True,,,
P2P-004541,0.8125,3,False,,Payment Rejected,Invoice Matched | Payment Authorized
P2P-004542,1.0,0,True,,,
P2P-004543,0.9285714285714286,1,False,,Delivery Delayed,
P2P-004544,1.0,0,True,,,
P2P-004545,0.9285714285714286,1,False,,Delivery Delayed,
P2P-004546,1.0,0,True,,,
P2P-004547,0.8666666666666667,2,False,,Invoice Blocked | Invoice Corrected,
P2P-004548,0.7647058823529411,4,False,,Corrected Invoice Received | Duplicate Check Failed | Invoice Rejected,Invoice Duplicate Check
P2P-004549,1.0,0,True,,,
P2P-004550,1.0,0,True,,,
P2P-004551,0.9285714285714286,1,False,,Delivery Delayed,
P2P-004552,0.8666666666666667,2,False,,Request Reworked,Manager Approval
P2P-004553,0.9285714285714286,1,False,,Delivery Delayed,
P2P-004554,0.7857142857142857,3,False,,Three-Way Match Failed,
P2P-004555,1.0,0,True,,,
P2P-004556,0.8666666666666667,2,False,,Invoice Blocked | Invoice Corrected,
P2P-004557,1.0,0,True,,,
P2P-004558,0.8666666666666667,2,False,,Request Reworked,Manager Approval
P2P-004559,0.7857142857142857,3,False,,Three-Way Match Failed,
P2P-004560,0.7647058823529411,4,False,,Corrected Invoice Received | Duplicate Check Failed | Invoice Rejected,Invoice Duplicate Check
P2P-004561,0.8461538461538461,2,False,Manager Approval,Delivery Delayed,
P2P-004562,1.0,0,True,,,
P2P-004563,1.0,0,True,,,
P2P-004564,0.8125,3,False,,Payment Rejected,Invoice Matched | Payment Authorized
P2P-004565,1.0,0,True,,,
P2P-004566,0.7647058823529411,4,False,,Corrected Invoice Received | Duplicate Check Failed | Invoice Rejected,Invoice Duplicate Check
P2P-004567,0.8666666666666667,2,False,,Request Reworked,Manager Approval
P2P-004568,0.7647058823529411,4,False,,Corrected Invoice Received | Duplicate Check Failed | Invoice Rejected,Invoice Duplicate Check
P2P-004569,0.8666666666666667,2,False,,Request Reworked,Manager Approval
P2P-004570,0.7857142857142857,3,False,,Three-Way Match Failed,
P2P-004571,1.0,0,True,,,
P2P-004572,1.0,0,True,,,
P2P-004573,0.7857142857142857,3,False,,Three-Way Match Failed,
P2P-004574,1.0,0,True,,,
P2P-004575,1.0,0,True,,,
P2P-004576,1.0,0,True,,,
P2P-004577,0.8666666666666667,2,False,,Invoice Blocked | Invoice Corrected,
P2P-004578,0.8666666666666667,2,False,,Request Reworked,Manager Approval
P2P-004579,0.9230769230769231,1,False,Manager Approval,,
P2P-004580,0.8666666666666667,2,False,,Request Reworked,Manager Approval
P2P-004581,0.9230769230769231,1,False,Manager Approval,,
P2P-004582,0.7857142857142857,3,False,,Three-Way Match Failed,
P2P-004583,1.0,0,True,,,
P2P-004584,1.0,0,True,,,
P2P-004585,0.8666666666666667,2,False,,Invoice Blocked | Invoice Corrected,
P2P-004586,1.0,0,True,,,
P2P-004587,0.7647058823529411,4,False,,Corrected Invoice Received | Duplicate Check Failed | Invoice Rejected,Invoice Duplicate Check
P2P-004588,0.7647058823529411,4,False,,Corrected Invoice Received | Duplicate Check Failed | Invoice Rejected,Invoice Duplicate Check
P2P-004589,1.0,0,True,,,
P2P-004590,0.9230769230769231,1,False,Manager Approval,,
P2P-004591,1.0,0,True,,,
P2P-004592,0.8461538461538461,2,False,Manager Approval,Delivery Delayed,
P2P-004593,0.8125,3,False,,Delivery Delayed | Invoice Blocked | Invoice Corrected,
P2P-004594,0.8666666666666667,2,False,,Request Reworked,Manager Approval
P2P-004595,0.8666666666666667,2,False,,Invoice Blocked | Invoice Corrected,
P2P-004596,0.9285714285714286,1,False,,Delivery Delayed,
P2P-004597,0.8125,3,False,,Delivery Delayed | Invoice Blocked | Invoice Corrected,
P2P-004598,1.0,0,True,,,
P2P-004599,1.0,0,True,,,
P2P-004600,0.7857142857142857,3,False,,Three-Way Match Failed,
P2P-004601,0.8666666666666667,2,False,,Request Reworked,Manager Approval
P2P-004602,0.8125,3,False,,Delivery Delayed | Invoice Blocked | Invoice Corrected,
P2P-004603,0.8666666666666667,2,False,,Invoice Blocked | Invoice Corrected,
P2P-004604,1.0,0,True,,,
P2P-004605,1.0,0,True,,,
P2P-004606,1.0,0,True,,,
P2P-004607,0.9230769230769231,1,False,Manager Approval,,
P2P-004608,0.8125,3,False,,Payment Rejected,Invoice Matched | Payment Authorized
P2P-004609,0.9230769230769231,1,False,Manager Approval,,
P2P-004610,0.8666666666666667,2,False,,Invoice Blocked | Invoice Corrected,
P2P-004611,1.0,0,True,,,
P2P-004612,0.9230769230769231,1,False,Manager Approval,,
P2P-004613,1.0,0,True,,,
P2P-004614,1.0,0,True,,,
P2P-004615,1.0,0,True,,,
P2P-004616,1.0,0,True,,,
P2P-004617,0.8666666666666667,2,False,,Invoice Blocked | Invoice Corrected,
P2P-004618,1.0,0,True,,,
P2P-004619,0.8666666666666667,2,False,,Invoice Blocked | Invoice Corrected,
P2P-004620,0.7647058823529411,4,False,,Corrected Invoice Received | Duplicate Check Failed | Invoice Rejected,Invoice Duplicate Check
P2P-004621,0.8666666666666667,2,False,,Request Reworked,Manager Approval
P2P-004622,0.9230769230769231,1,False,Manager Approval,,
P2P-004623,0.8666666666666667,2,False,,Invoice Blocked | Invoice Corrected,
P2P-004624,0.8125,3,False,,Payment Rejected,Invoice Matched | Payment Authorized
P2P-004625,0.8125,3,False,,Delivery Delayed | Request Reworked,Manager Approval
P2P-004626,0.9230769230769231,1,False,Manager Approval,,
P2P-004627,1.0,0,True,,,
P2P-004628,1.0,0,True,,,
P2P-004629,1.0,0,True,,,
P2P-004630,0.9285714285714286,1,False,,Delivery Delayed,
P2P-004631,0.8125,3,False,,Payment Rejected,Invoice Matched | Payment Authorized
P2P-004632,0.8666666666666667,2,False,,Request Reworked,Manager Approval
P2P-004633,1.0,0,True,,,
P2P-004634,1.0,0,True,,,
P2P-004635,1.0,0,True,,,
P2P-004636,1.0,0,True,,,
P2P-004637,1.0,0,True,,,
P2P-004638,1.0,0,True,,,
P2P-004639,1.0,0,True,,,
P2P-004640,1.0,0,True,,,
P2P-004641,0.8666666666666667,2,False,,Invoice Blocked | Invoice Corrected,
P2P-004642,0.8666666666666667,2,False,,Invoice Blocked | Invoice Corrected,
P2P-004643,1.0,0,True,,,
P2P-004644,1.0,0,True,,,
P2P-004645,0.8,3,False,,Delivery Delayed | Three-Way Match Failed,
P2P-004646,1.0,0,True,,,
P2P-004647,0.8125,3,False,,Delivery Delayed | Request Reworked,Manager Approval
P2P-004648,0.8666666666666667,2,False,,Request Reworked,Manager Approval
P2P-004649,1.0,0,True,,,
P2P-004650,1.0,0,True,,,
P2P-004651,1.0,0,True,,,
P2P-004652,1.0,0,True,,,
P2P-004653,1.0,0,True,,,
P2P-004654,1.0,0,True,,,
P2P-004655,1.0,0,True,,,
P2P-004656,1.0,0,True,,,
P2P-004657,1.0,0,True,,,
P2P-004658,1.0,0,True,,,
P2P-004659,0.8666666666666667,2,False,,Invoice Blocked | Invoice Corrected,
P2P-004660,1.0,0,True,,,
P2P-004661,0.9230769230769231,1,False,Manager Approval,,
P2P-004662,1.0,0,True,,,
P2P-004663,0.7222222222222222,5,False,,Corrected Invoice Received | Delivery Delayed | Duplicate Check Failed | Invoice Rejected,Invoice Duplicate Check
P2P-004664,0.8125,3,False,,Payment Rejected,Invoice Matched | Payment Authorized
P2P-004665,0.9230769230769231,1,False,Manager Approval,,
P2P-004666,1.0,0,True,,,
P2P-004667,0.9230769230769231,1,False,Manager Approval,,
P2P-004668,0.8666666666666667,2,False,,Invoice Blocked | Invoice Corrected,
P2P-004669,0.9230769230769231,1,False,Manager Approval,,
P2P-004670,1.0,0,True,,,
P2P-004671,0.8666666666666667,2,False,,Request Reworked,Manager Approval
P2P-004672,0.7857142857142857,3,False,,Three-Way Match Failed,
P2P-004673,0.9230769230769231,1,False,Manager Approval,,
P2P-004674,0.8125,3,False,,Payment Rejected,Invoice Matched | Payment Authorized
P2P-004675,1.0,0,True,,,
P2P-004676,0.7647058823529411,4,False,,Corrected Invoice Received | Duplicate Check Failed | Invoice Rejected,Invoice Duplicate Check
P2P-004677,1.0,0,True,,,
P2P-004678,0.8125,3,False,,Payment Rejected,Invoice Matched | Payment Authorized
P2P-004679,0.9230769230769231,1,False,Manager Approval,,
P2P-004680,0.9230769230769231,1,False,Manager Approval,,
P2P-004681,0.8666666666666667,2,False,,Request Reworked,Manager Approval
P2P-004682,1.0,0,True,,,
P2P-004683,0.7647058823529411,4,False,,Corrected Invoice Received | Duplicate Check Failed | Invoice Rejected,Invoice Duplicate Check
P2P-004684,1.0,0,True,,,
P2P-004685,1.0,0,True,,,
P2P-004686,0.8666666666666667,2,False,,Invoice Blocked | Invoice Corrected,
P2P-004687,1.0,0,True,,,
P2P-004688,0.8125,3,False,,Payment Rejected,Invoice Matched | Payment Authorized
P2P-004689,1.0,0,True,,,
P2P-004690,1.0,0,True,,,
P2P-004691,0.9230769230769231,1,False,Manager Approval,,
P2P-004692,0.9285714285714286,1,False,,Delivery Delayed,
P2P-004693,0.8125,3,False,,Delivery Delayed | Invoice Blocked | Invoice Corrected,
P2P-004694,0.8666666666666667,2,False,,Invoice Blocked | Invoice Corrected,
P2P-004695,0.9285714285714286,1,False,,Delivery Delayed,
P2P-004696,0.8666666666666667,2,False,,Request Reworked,Manager Approval
P2P-004697,1.0,0,True,,,
P2P-004698,0.8125,3,False,,Payment Rejected,Invoice Matched | Payment Authorized
P2P-004699,1.0,0,True,,,
P2P-004700,1.0,0,True,,,
P2P-004701,0.9230769230769231,1,False,Manager Approval,,
P2P-004702,1.0,0,True,,,
P2P-004703,1.0,0,True,,,
P2P-004704,1.0,0,True,,,
P2P-004705,0.8125,3,False,,Payment Rejected,Invoice Matched | Payment Authorized
P2P-004706,1.0,0,True,,,
P2P-004707,0.8666666666666667,2,False,,Invoice Blocked | Invoice Corrected,
P2P-004708,1.0,0,True,,,
P2P-004709,1.0,0,True,,,
P2P-004710,0.9230769230769231,1,False,Manager Approval,,
P2P-004711,1.0,0,True,,,
P2P-004712,1.0,0,True,,,
P2P-004713,0.8666666666666667,2,False,,Invoice Blocked | Invoice Corrected,
P2P-004714,0.8666666666666667,2,False,,Invoice Blocked | Invoice Corrected,
P2P-004715,0.7647058823529411,4,False,,Corrected Invoice Received | Duplicate Check Failed | Invoice Rejected,Invoice Duplicate Check
P2P-004716,0.8125,3,False,,Payment Rejected,Invoice Matched | Payment Authorized
P2P-004717,0.7647058823529411,4,False,,Corrected Invoice Received | Duplicate Check Failed | Invoice Rejected,Invoice Duplicate Check
P2P-004718,0.8666666666666667,2,False,,Invoice Blocked | Invoice Corrected,
P2P-004719,0.9285714285714286,1,False,,Delivery Delayed,
P2P-004720,0.8666666666666667,2,False,,Request Reworked,Manager Approval
P2P-004721,1.0,0,True,,,
P2P-004722,0.8,3,False,,Delivery Delayed | Three-Way Match Failed,
P2P-004723,0.7857142857142857,3,False,,Three-Way Match Failed,
P2P-004724,0.9285714285714286,1,False,,Delivery Delayed,
P2P-004725,0.9230769230769231,1,False,Manager Approval,,
P2P-004726,0.7857142857142857,3,False,,Three-Way Match Failed,
P2P-004727,0.7222222222222222,5,False,,Corrected Invoice Received | Delivery Delayed | Duplicate Check Failed | Invoice Rejected,Invoice Duplicate Check
P2P-004728,0.8666666666666667,2,False,,Request Reworked,Manager Approval
P2P-004729,0.7647058823529411,4,False,,Corrected Invoice Received | Duplicate Check Failed | Invoice Rejected,Invoice Duplicate Check
P2P-004730,0.8666666666666667,2,False,,Invoice Blocked | Invoice Corrected,
P2P-004731,1.0,0,True,,,
P2P-004732,1.0,0,True,,,
P2P-004733,0.8666666666666667,2,False,,Request Reworked,Manager Approval
P2P-004734,1.0,0,True,,,
P2P-004735,0.9230769230769231,1,False,Manager Approval,,
P2P-004736,0.7647058823529411,4,False,,Corrected Invoice Received | Duplicate Check Failed | Invoice Rejected,Invoice Duplicate Check
P2P-004737,0.8666666666666667,2,False,,Request Reworked,Manager Approval
P2P-004738,0.7857142857142857,3,False,,Three-Way Match Failed,
P2P-004739,0.8666666666666667,2,False,,Request Reworked,Manager Approval
P2P-004740,0.9230769230769231,1,False,Manager Approval,,
P2P-004741,1.0,0,True,,,
P2P-004742,0.9285714285714286,1,False,,Delivery Delayed,
P2P-004743,1.0,0,True,,,
P2P-004744,1.0,0,True,,,
P2P-004745,1.0,0,True,,,
P2P-004746,1.0,0,True,,,
P2P-004747,0.7647058823529411,4,False,,Corrected Invoice Received | Duplicate Check Failed | Invoice Rejected,Invoice Duplicate Check
P2P-004748,0.9285714285714286,1,False,,Delivery Delayed,
P2P-004749,1.0,0,True,,,
P2P-004750,1.0,0,True,,,
P2P-004751,1.0,0,True,,,
P2P-004752,1.0,0,True,,,
P2P-004753,1.0,0,True,,,
P2P-004754,0.8666666666666667,2,False,,Request Reworked,Manager Approval
P2P-004755,1.0,0,True,,,
P2P-004756,1.0,0,True,,,
P2P-004757,0.8666666666666667,2,False,,Request Reworked,Manager Approval
P2P-004758,0.8666666666666667,2,False,,Request Reworked,Manager Approval
P2P-004759,1.0,0,True,,,
P2P-004760,0.8666666666666667,2,False,,Invoice Blocked | Invoice Corrected,
P2P-004761,0.9285714285714286,1,False,,Delivery Delayed,
P2P-004762,0.7222222222222222,5,False,,Corrected Invoice Received | Delivery Delayed | Duplicate Check Failed | Invoice Rejected,Invoice Duplicate Check
P2P-004763,0.8666666666666667,2,False,,Invoice Blocked | Invoice Corrected,
P2P-004764,1.0,0,True,,,
P2P-004765,0.9285714285714286,1,False,,Delivery Delayed,
P2P-004766,0.8461538461538461,2,False,Manager Approval,Delivery Delayed,
P2P-004767,0.7647058823529411,4,False,,Corrected Invoice Received | Duplicate Check Failed | Invoice Rejected,Invoice Duplicate Check
P2P-004768,1.0,0,True,,,
P2P-004769,1.0,0,True,,,
P2P-004770,0.9285714285714286,1,False,,Delivery Delayed,
P2P-004771,1.0,0,True,,,
P2P-004772,0.8125,3,False,,Payment Rejected,Invoice Matched | Payment Authorized
P2P-004773,0.7857142857142857,3,False,,Three-Way Match Failed,
P2P-004774,0.7647058823529411,4,False,,Corrected Invoice Received | Duplicate Check Failed | Invoice Rejected,Invoice Duplicate Check
P2P-004775,0.8,3,False,,Delivery Delayed | Three-Way Match Failed,
P2P-004776,0.8666666666666667,2,False,,Invoice Blocked | Invoice Corrected,
P2P-004777,1.0,0,True,,,
P2P-004778,0.8666666666666667,2,False,,Invoice Blocked | Invoice Corrected,
P2P-004779,0.8666666666666667,2,False,,Request Reworked,Manager Approval
P2P-004780,0.8125,3,False,,Delivery Delayed | Request Reworked,Manager Approval
P2P-004781,1.0,0,True,,,
P2P-004782,1.0,0,True,,,
P2P-004783,0.8666666666666667,2,False,,Invoice Blocked | Invoice Corrected,
P2P-004784,0.8666666666666667,2,False,,Invoice Blocked | Invoice Corrected,
P2P-004785,1.0,0,True,,,
P2P-004786,0.8666666666666667,2,False,,Request Reworked,Manager Approval
P2P-004787,0.7647058823529411,4,False,,Corrected Invoice Received | Duplicate Check Failed | Invoice Rejected,Invoice Duplicate Check
P2P-004788,1.0,0,True,,,
P2P-004789,1.0,0,True,,,
P2P-004790,0.9285714285714286,1,False,,Delivery Delayed,
P2P-004791,0.7647058823529411,4,False,,Corrected Invoice Received | Duplicate Check Failed | Invoice Rejected,Invoice Duplicate Check
P2P-004792,0.8666666666666667,2,False,,Invoice Blocked | Invoice Corrected,
P2P-004793,0.8125,3,False,,Delivery Delayed | Request Reworked,Manager Approval
P2P-004794,0.8125,3,False,,Delivery Delayed | Invoice Blocked | Invoice Corrected,
P2P-004795,0.7647058823529411,4,False,,Corrected Invoice Received | Duplicate Check Failed | Invoice Rejected,Invoice Duplicate Check
P2P-004796,1.0,0,True,,,
P2P-004797,1.0,0,True,,,
P2P-004798,1.0,0,True,,,
P2P-004799,1.0,0,True,,,
P2P-004800,1.0,0,True,,,
P2P-004801,0.8125,3,False,,Payment Rejected,Invoice Matched | Payment Authorized
P2P-004802,0.8666666666666667,2,False,,Request Reworked,Manager Approval
P2P-004803,0.8666666666666667,2,False,,Invoice Blocked | Invoice Corrected,
P2P-004804,0.7647058823529411,4,False,,Corrected Invoice Received | Duplicate Check Failed | Invoice Rejected,Invoice Duplicate Check
P2P-004805,1.0,0,True,,,
P2P-004806,0.8125,3,False,,Payment Rejected,Invoice Matched | Payment Authorized
P2P-004807,0.8666666666666667,2,False,,Invoice Blocked | Invoice Corrected,
P2P-004808,1.0,0,True,,,
P2P-004809,0.9230769230769231,1,False,Manager Approval,,
P2P-004810,1.0,0,True,,,
P2P-004811,0.8125,3,False,,Payment Rejected,Invoice Matched | Payment Authorized
P2P-004812,1.0,0,True,,,
P2P-004813,0.9230769230769231,1,False,Manager Approval,,
P2P-004814,1.0,0,True,,,
P2P-004815,1.0,0,True,,,
P2P-004816,0.8666666666666667,2,False,,Request Reworked,Manager Approval
P2P-004817,0.9230769230769231,1,False,Manager Approval,,
P2P-004818,0.9230769230769231,1,False,Manager Approval,,
P2P-004819,0.8125,3,False,,Delivery Delayed | Request Reworked,Manager Approval
P2P-004820,1.0,0,True,,,
P2P-004821,1.0,0,True,,,
P2P-004822,0.8,3,False,,Delivery Delayed | Three-Way Match Failed,
P2P-004823,0.8125,3,False,,Delivery Delayed | Invoice Blocked | Invoice Corrected,
P2P-004824,0.9230769230769231,1,False,Manager Approval,,
P2P-004825,1.0,0,True,,,
P2P-004826,0.8666666666666667,2,False,,Invoice Blocked | Invoice Corrected,
P2P-004827,0.9230769230769231,1,False,Manager Approval,,
P2P-004828,0.8666666666666667,2,False,,Invoice Blocked | Invoice Corrected,
P2P-004829,0.9230769230769231,1,False,Manager Approval,,
P2P-004830,0.7647058823529411,4,False,,Corrected Invoice Received | Duplicate Check Failed | Invoice Rejected,Invoice Duplicate Check
P2P-004831,0.9285714285714286,1,False,,Delivery Delayed,
P2P-004832,0.7857142857142857,3,False,,Three-Way Match Failed,
P2P-004833,0.9285714285714286,1,False,,Delivery Delayed,
P2P-004834,0.7857142857142857,3,False,,Three-Way Match Failed,
P2P-004835,0.8125,3,False,,Delivery Delayed | Request Reworked,Manager Approval
P2P-004836,1.0,0,True,,,
P2P-004837,1.0,0,True,,,
P2P-004838,1.0,0,True,,,
P2P-004839,0.8666666666666667,2,False,,Request Reworked,Manager Approval
P2P-004840,0.9285714285714286,1,False,,Delivery Delayed,
P2P-004841,0.9285714285714286,1,False,,Delivery Delayed,
P2P-004842,0.7647058823529411,4,False,,Delivery Delayed | Payment Rejected,Invoice Matched | Payment Authorized
P2P-004843,1.0,0,True,,,
P2P-004844,0.8666666666666667,2,False,,Invoice Blocked | Invoice Corrected,
P2P-004845,1.0,0,True,,,
P2P-004846,1.0,0,True,,,
P2P-004847,1.0,0,True,,,
P2P-004848,0.7647058823529411,4,False,,Corrected Invoice Received | Duplicate Check Failed | Invoice Rejected,Invoice Duplicate Check
P2P-004849,0.7857142857142857,3,False,,Three-Way Match Failed,
P2P-004850,1.0,0,True,,,
P2P-004851,1.0,0,True,,,
P2P-004852,0.8666666666666667,2,False,,Invoice Blocked | Invoice Corrected,
P2P-004853,0.7647058823529411,4,False,,Corrected Invoice Received | Duplicate Check Failed | Invoice Rejected,Invoice Duplicate Check
P2P-004854,1.0,0,True,,,
P2P-004855,0.8666666666666667,2,False,,Request Reworked,Manager Approval
P2P-004856,0.9285714285714286,1,False,,Delivery Delayed,
P2P-004857,1.0,0,True,,,
P2P-004858,1.0,0,True,,,
P2P-004859,1.0,0,True,,,
P2P-004860,0.8125,3,False,,Payment Rejected,Invoice Matched | Payment Authorized
P2P-004861,0.8125,3,False,,Delivery Delayed | Invoice Blocked | Invoice Corrected,
P2P-004862,1.0,0,True,,,
P2P-004863,1.0,0,True,,,
P2P-004864,0.8666666666666667,2,False,,Invoice Blocked | Invoice Corrected,
P2P-004865,0.8666666666666667,2,False,,Request Reworked,Manager Approval
P2P-004866,0.8666666666666667,2,False,,Invoice Blocked | Invoice Corrected,
P2P-004867,0.8461538461538461,2,False,Manager Approval,Delivery Delayed,
P2P-004868,1.0,0,True,,,
P2P-004869,1.0,0,True,,,
P2P-004870,0.8666666666666667,2,False,,Request Reworked,Manager Approval
P2P-004871,1.0,0,True,,,
P2P-004872,1.0,0,True,,,
P2P-004873,0.7647058823529411,4,False,,Corrected Invoice Received | Duplicate Check Failed | Invoice Rejected,Invoice Duplicate Check
P2P-004874,0.8666666666666667,2,False,,Invoice Blocked | Invoice Corrected,
P2P-004875,1.0,0,True,,,
P2P-004876,0.9230769230769231,1,False,Manager Approval,,
P2P-004877,0.7647058823529411,4,False,,Corrected Invoice Received | Duplicate Check Failed | Invoice Rejected,Invoice Duplicate Check
P2P-004878,1.0,0,True,,,
P2P-004879,1.0,0,True,,,
P2P-004880,0.9230769230769231,1,False,Manager Approval,,
P2P-004881,1.0,0,True,,,
P2P-004882,0.9285714285714286,1,False,,Delivery Delayed,
P2P-004883,0.8125,3,False,,Payment Rejected,Invoice Matched | Payment Authorized
P2P-004884,0.9230769230769231,1,False,Manager Approval,,
P2P-004885,1.0,0,True,,,
P2P-004886,0.8125,3,False,,Payment Rejected,Invoice Matched | Payment Authorized
P2P-004887,0.7857142857142857,3,False,,Three-Way Match Failed,
P2P-004888,1.0,0,True,,,
P2P-004889,0.7647058823529411,4,False,,Corrected Invoice Received | Duplicate Check Failed | Invoice Rejected,Invoice Duplicate Check
P2P-004890,0.9285714285714286,1,False,,Delivery Delayed,
P2P-004891,1.0,0,True,,,
P2P-004892,1.0,0,True,,,
P2P-004893,1.0,0,True,,,
P2P-004894,0.9230769230769231,1,False,Manager Approval,,
P2P-004895,1.0,0,True,,,
P2P-004896,0.8666666666666667,2,False,,Invoice Blocked | Invoice Corrected,
P2P-004897,1.0,0,True,,,
P2P-004898,0.7857142857142857,3,False,,Three-Way Match Failed,
P2P-004899,1.0,0,True,,,
P2P-004900,0.7647058823529411,4,False,,Corrected Invoice Received | Duplicate Check Failed | Invoice Rejected,Invoice Duplicate Check
P2P-004901,0.8666666666666667,2,False,,Invoice Blocked | Invoice Corrected,
P2P-004902,0.8666666666666667,2,False,,Invoice Blocked | Invoice Corrected,
P2P-004903,1.0,0,True,,,
P2P-004904,0.8666666666666667,2,False,,Invoice Blocked | Invoice Corrected,
P2P-004905,1.0,0,True,,,
P2P-004906,1.0,0,True,,,
P2P-004907,0.8125,3,False,,Delivery Delayed | Invoice Blocked | Invoice Corrected,
P2P-004908,0.8666666666666667,2,False,,Invoice Blocked | Invoice Corrected,
P2P-004909,0.9230769230769231,1,False,Manager Approval,,
P2P-004910,1.0,0,True,,,
P2P-004911,1.0,0,True,,,
P2P-004912,0.9285714285714286,1,False,,Delivery Delayed,
P2P-004913,0.7647058823529411,4,False,,Corrected Invoice Received | Duplicate Check Failed | Invoice Rejected,Invoice Duplicate Check
P2P-004914,0.7647058823529411,4,False,,Corrected Invoice Received | Duplicate Check Failed | Invoice Rejected,Invoice Duplicate Check
P2P-004915,0.8666666666666667,2,False,,Invoice Blocked | Invoice Corrected,
P2P-004916,0.9230769230769231,1,False,Manager Approval,,
P2P-004917,0.8666666666666667,2,False,,Invoice Blocked | Invoice Corrected,
P2P-004918,1.0,0,True,,,
P2P-004919,0.9285714285714286,1,False,,Delivery Delayed,
P2P-004920,1.0,0,True,,,
P2P-004921,1.0,0,True,,,
P2P-004922,0.9285714285714286,1,False,,Delivery Delayed,
P2P-004923,0.8666666666666667,2,False,,Request Reworked,Manager Approval
P2P-004924,1.0,0,True,,,
P2P-004925,0.9285714285714286,1,False,,Delivery Delayed,
P2P-004926,0.8666666666666667,2,False,,Request Reworked,Manager Approval
P2P-004927,0.8666666666666667,2,False,,Invoice Blocked | Invoice Corrected,
P2P-004928,1.0,0,True,,,
P2P-004929,1.0,0,True,,,
P2P-004930,0.8666666666666667,2,False,,Invoice Blocked | Invoice Corrected,
P2P-004931,0.8666666666666667,2,False,,Request Reworked,Manager Approval
P2P-004932,1.0,0,True,,,
P2P-004933,1.0,0,True,,,
P2P-004934,1.0,0,True,,,
P2P-004935,1.0,0,True,,,
P2P-004936,1.0,0,True,,,
P2P-004937,1.0,0,True,,,
P2P-004938,1.0,0,True,,,
P2P-004939,0.8125,3,False,,Delivery Delayed | Invoice Blocked | Invoice Corrected,
P2P-004940,0.9230769230769231,1,False,Manager Approval,,
P2P-004941,1.0,0,True,,,
P2P-004942,0.8666666666666667,2,False,,Invoice Blocked | Invoice Corrected,
P2P-004943,0.8666666666666667,2,False,,Request Reworked,Manager Approval
P2P-004944,1.0,0,True,,,
P2P-004945,0.9230769230769231,1,False,Manager Approval,,
P2P-004946,1.0,0,True,,,
P2P-004947,0.9230769230769231,1,False,Manager Approval,,
P2P-004948,0.7647058823529411,4,False,,Corrected Invoice Received | Duplicate Check Failed | Invoice Rejected,Invoice Duplicate Check
P2P-004949,0.9285714285714286,1,False,,Delivery Delayed,
P2P-004950,0.8125,3,False,,Payment Rejected,Invoice Matched | Payment Authorized
P2P-004951,0.8666666666666667,2,False,,Invoice Blocked | Invoice Corrected,
P2P-004952,1.0,0,True,,,
P2P-004953,1.0,0,True,,,
P2P-004954,1.0,0,True,,,
P2P-004955,0.8666666666666667,2,False,,Request Reworked,Manager Approval
P2P-004956,0.8,3,False,,Delivery Delayed | Three-Way Match Failed,
P2P-004957,0.9230769230769231,1,False,Manager Approval,,
P2P-004958,0.9285714285714286,1,False,,Delivery Delayed,
P2P-004959,0.7647058823529411,4,False,,Corrected Invoice Received | Duplicate Check Failed | Invoice Rejected,Invoice Duplicate Check
P2P-004960,0.7857142857142857,3,False,,Three-Way Match Failed,
P2P-004961,0.7857142857142857,3,False,,Three-Way Match Failed,
P2P-004962,1.0,0,True,,,
P2P-004963,0.9285714285714286,1,False,,Delivery Delayed,
P2P-004964,0.8666666666666667,2,False,,Invoice Blocked | Invoice Corrected,
P2P-004965,1.0,0,True,,,
P2P-004966,1.0,0,True,,,
P2P-004967,0.7857142857142857,3,False,,Three-Way Match Failed,
P2P-004968,1.0,0,True,,,
P2P-004969,0.8666666666666667,2,False,,Invoice Blocked | Invoice Corrected,
P2P-004970,1.0,0,True,,,
P2P-004971,0.9285714285714286,1,False,,Delivery Delayed,
P2P-004972,0.8125,3,False,,Payment Rejected,Invoice Matched | Payment Authorized
P2P-004973,0.8666666666666667,2,False,,Request Reworked,Manager Approval
P2P-004974,1.0,0,True,,,
P2P-004975,1.0,0,True,,,
P2P-004976,1.0,0,True,,,
P2P-004977,0.7857142857142857,3,False,,Three-Way Match Failed,
P2P-004978,1.0,0,True,,,
P2P-004979,0.9230769230769231,1,False,Manager Approval,,
P2P-004980,1.0,0,True,,,
P2P-004981,1.0,0,True,,,
P2P-004982,1.0,0,True,,,
P2P-004983,1.0,0,True,,,
P2P-004984,1.0,0,True,,,
P2P-004985,1.0,0,True,,,
P2P-004986,0.9285714285714286,1,False,,Delivery Delayed,
P2P-004987,0.8666666666666667,2,False,,Request Reworked,Manager Approval
P2P-004988,0.8666666666666667,2,False,,Invoice Blocked | Invoice Corrected,
P2P-004989,1.0,0,True,,,
P2P-004990,1.0,0,True,,,
P2P-004991,1.0,0,True,,,
P2P-004992,1.0,0,True,,,
P2P-004993,0.8666666666666667,2,False,,Request Reworked,Manager Approval
P2P-004994,1.0,0,True,,,
P2P-004995,1.0,0,True,,,
P2P-004996,0.9230769230769231,1,False,Manager Approval,,
P2P-004997,1.0,0,True,,,
P2P-004998,0.8666666666666667,2,False,,Invoice Blocked | Invoice Corrected,
P2P-004999,0.7647058823529411,4,False,,Corrected Invoice Received | Duplicate Check Failed | Invoice Rejected,Invoice Duplicate Check
P2P-005000,0.8666666666666667,2,False,,Invoice Blocked | Invoice Corrected,
P2P-005001,1.0,0,True,,,
P2P-005002,0.9285714285714286,1,False,,Delivery Delayed,
P2P-005003,0.9230769230769231,1,False,Manager Approval,,
P2P-005004,1.0,0,True,,,
P2P-005005,1.0,0,True,,,
P2P-005006,0.9230769230769231,1,False,Manager Approval,,
P2P-005007,0.8125,3,False,,Payment Rejected,Invoice Matched | Payment Authorized
P2P-005008,1.0,0,True,,,
P2P-005009,0.9230769230769231,1,False,Manager Approval,,
P2P-005010,1.0,0,True,,,
P2P-005011,0.9230769230769231,1,False,Manager Approval,,
P2P-005012,1.0,0,True,,,
P2P-005013,0.9230769230769231,1,False,Manager Approval,,
P2P-005014,1.0,0,True,,,
P2P-005015,0.8125,3,False,,Payment Rejected,Invoice Matched | Payment Authorized
P2P-005016,1.0,0,True,,,
P2P-005017,1.0,0,True,,,
P2P-005018,0.8666666666666667,2,False,,Request Reworked,Manager Approval
P2P-005019,1.0,0,True,,,
P2P-005020,1.0,0,True,,,
P2P-005021,0.8666666666666667,2,False,,Invoice Blocked | Invoice Corrected,
P2P-005022,1.0,0,True,,,
P2P-005023,1.0,0,True,,,
P2P-005024,0.8125,3,False,,Payment Rejected,Invoice Matched | Payment Authorized
P2P-005025,1.0,0,True,,,
P2P-005026,0.8666666666666667,2,False,,Invoice Blocked | Invoice Corrected,
P2P-005027,1.0,0,True,,,
P2P-005028,0.8666666666666667,2,False,,Request Reworked,Manager Approval
P2P-005029,0.8461538461538461,2,False,Manager Approval,Delivery Delayed,
P2P-005030,1.0,0,True,,,
P2P-005031,1.0,0,True,,,
P2P-005032,0.9230769230769231,1,False,Manager Approval,,
P2P-005033,1.0,0,True,,,
P2P-005034,0.8666666666666667,2,False,,Invoice Blocked | Invoice Corrected,
P2P-005035,1.0,0,True,,,
P2P-005036,1.0,0,True,,,
P2P-005037,1.0,0,True,,,
P2P-005038,1.0,0,True,,,
P2P-005039,0.8666666666666667,2,False,,Request Reworked,Manager Approval
P2P-005040,0.8666666666666667,2,False,,Request Reworked,Manager Approval
P2P-005041,0.9230769230769231,1,False,Manager Approval,,
P2P-005042,0.9230769230769231,1,False,Manager Approval,,
P2P-005043,0.8666666666666667,2,False,,Invoice Blocked | Invoice Corrected,
P2P-005044,1.0,0,True,,,
P2P-005045,1.0,0,True,,,
P2P-005046,1.0,0,True,,,
P2P-005047,1.0,0,True,,,
P2P-005048,0.8125,3,False,,Payment Rejected,Invoice Matched | Payment Authorized
P2P-005049,1.0,0,True,,,
P2P-005050,0.7222222222222222,5,False,,Corrected Invoice Received | Delivery Delayed | Duplicate Check Failed | Invoice Rejected,Invoice Duplicate Check
P2P-005051,1.0,0,True,,,
P2P-005052,0.8666666666666667,2,False,,Request Reworked,Manager Approval
P2P-005053,0.8666666666666667,2,False,,Invoice Blocked | Invoice Corrected,
P2P-005054,0.9230769230769231,1,False,Manager Approval,,
P2P-005055,1.0,0,True,,,
P2P-005056,0.8461538461538461,2,False,Manager Approval,Delivery Delayed,
P2P-005057,1.0,0,True,,,
P2P-005058,1.0,0,True,,,
P2P-005059,0.9230769230769231,1,False,Manager Approval,,
P2P-005060,0.7857142857142857,3,False,,Three-Way Match Failed,
P2P-005061,0.8666666666666667,2,False,,Request Reworked,Manager Approval
P2P-005062,0.8666666666666667,2,False,,Request Reworked,Manager Approval
P2P-005063,0.7647058823529411,4,False,,Corrected Invoice Received | Duplicate Check Failed | Invoice Rejected,Invoice Duplicate Check
P2P-005064,0.9230769230769231,1,False,Manager Approval,,
P2P-005065,1.0,0,True,,,
P2P-005066,0.7647058823529411,4,False,,Corrected Invoice Received | Duplicate Check Failed | Invoice Rejected,Invoice Duplicate Check
P2P-005067,0.7222222222222222,5,False,,Corrected Invoice Received | Delivery Delayed | Duplicate Check Failed | Invoice Rejected,Invoice Duplicate Check
P2P-005068,1.0,0,True,,,
P2P-005069,1.0,0,True,,,
P2P-005070,0.8125,3,False,,Payment Rejected,Invoice Matched | Payment Authorized
P2P-005071,1.0,0,True,,,
P2P-005072,0.8666666666666667,2,False,,Request Reworked,Manager Approval
P2P-005073,0.8666666666666667,2,False,,Invoice Blocked | Invoice Corrected,
P2P-005074,1.0,0,True,,,
P2P-005075,1.0,0,True,,,
P2P-005076,0.7647058823529411,4,False,,Corrected Invoice Received | Duplicate Check Failed | Invoice Rejected,Invoice Duplicate Check
P2P-005077,1.0,0,True,,,
P2P-005078,0.9230769230769231,1,False,Manager Approval,,
P2P-005079,0.7857142857142857,3,False,,Three-Way Match Failed,
P2P-005080,1.0,0,True,,,
P2P-005081,1.0,0,True,,,
P2P-005082,0.7647058823529411,4,False,,Corrected Invoice Received | Duplicate Check Failed | Invoice Rejected,Invoice Duplicate Check
P2P-005083,1.0,0,True,,,
P2P-005084,0.8125,3,False,,Delivery Delayed | Request Reworked,Manager Approval
P2P-005085,0.9230769230769231,1,False,Manager Approval,,
P2P-005086,1.0,0,True,,,
P2P-005087,0.8666666666666667,2,False,,Invoice Blocked | Invoice Corrected,
P2P-005088,1.0,0,True,,,
P2P-005089,1.0,0,True,,,
P2P-005090,0.9230769230769231,1,False,Manager Approval,,
P2P-005091,0.8666666666666667,2,False,,Request Reworked,Manager Approval
P2P-005092,1.0,0,True,,,
P2P-005093,1.0,0,True,,,
P2P-005094,0.8666666666666667,2,False,,Invoice Blocked | Invoice Corrected,
P2P-005095,0.7857142857142857,3,False,,Three-Way Match Failed,
P2P-005096,1.0,0,True,,,
P2P-005097,1.0,0,True,,,
P2P-005098,0.7857142857142857,3,False,,Three-Way Match Failed,
P2P-005099,0.8666666666666667,2,False,,Invoice Blocked | Invoice Corrected,
P2P-005100,0.9285714285714286,1,False,,Delivery Delayed,
P2P-005101,1.0,0,True,,,
P2P-005102,1.0,0,True,,,
P2P-005103,0.9285714285714286,1,False,,Delivery Delayed,
P2P-005104,1.0,0,True,,,
P2P-005105,0.9285714285714286,1,False,,Delivery Delayed,
P2P-005106,0.8666666666666667,2,False,,Request Reworked,Manager Approval
P2P-005107,0.8666666666666667,2,False,,Request Reworked,Manager Approval
P2P-005108,1.0,0,True,,,
P2P-005109,0.9230769230769231,1,False,Manager Approval,,
P2P-005110,1.0,0,True,,,
P2P-005111,0.9285714285714286,1,False,,Delivery Delayed,
P2P-005112,0.9285714285714286,1,False,,Delivery Delayed,
P2P-005113,0.8666666666666667,2,False,,Request Reworked,Manager Approval
P2P-005114,1.0,0,True,,,
P2P-005115,0.8666666666666667,2,False,,Request Reworked,Manager Approval
P2P-005116,1.0,0,True,,,
P2P-005117,0.9285714285714286,1,False,,Delivery Delayed,
P2P-005118,0.7647058823529411,4,False,,Delivery Delayed | Payment Rejected,Invoice Matched | Payment Authorized
P2P-005119,1.0,0,True,,,
P2P-005120,1.0,0,True,,,
P2P-005121,1.0,0,True,,,
P2P-005122,0.8125,3,False,,Payment Rejected,Invoice Matched | Payment Authorized
P2P-005123,1.0,0,True,,,
P2P-005124,1.0,0,True,,,
P2P-005125,1.0,0,True,,,
P2P-005126,0.7647058823529411,4,False,,Corrected Invoice Received | Duplicate Check Failed | Invoice Rejected,Invoice Duplicate Check
P2P-005127,1.0,0,True,,,
P2P-005128,1.0,0,True,,,
P2P-005129,0.9230769230769231,1,False,Manager Approval,,
P2P-005130,1.0,0,True,,,
P2P-005131,1.0,0,True,,,
P2P-005132,0.8666666666666667,2,False,,Invoice Blocked | Invoice Corrected,
P2P-005133,0.9230769230769231,1,False,Manager Approval,,
P2P-005134,0.7857142857142857,3,False,,Three-Way Match Failed,
P2P-005135,0.8,3,False,,Delivery Delayed | Three-Way Match Failed,
P2P-005136,0.9230769230769231,1,False,Manager Approval,,
P2P-005137,1.0,0,True,,,
P2P-005138,0.9230769230769231,1,False,Manager Approval,,
P2P-005139,0.7857142857142857,3,False,,Three-Way Match Failed,
P2P-005140,1.0,0,True,,,
P2P-005141,0.8666666666666667,2,False,,Invoice Blocked | Invoice Corrected,
P2P-005142,0.9230769230769231,1,False,Manager Approval,,
P2P-005143,1.0,0,True,,,
P2P-005144,1.0,0,True,,,
P2P-005145,0.7647058823529411,4,False,,Corrected Invoice Received | Duplicate Check Failed | Invoice Rejected,Invoice Duplicate Check
P2P-005146,0.9230769230769231,1,False,Manager Approval,,
P2P-005147,1.0,0,True,,,
P2P-005148,1.0,0,True,,,
P2P-005149,1.0,0,True,,,
P2P-005150,0.8666666666666667,2,False,,Request Reworked,Manager Approval
P2P-005151,0.8125,3,False,,Delivery Delayed | Invoice Blocked | Invoice Corrected,
P2P-005152,0.7222222222222222,5,False,,Corrected Invoice Received | Delivery Delayed | Duplicate Check Failed | Invoice Rejected,Invoice Duplicate Check
P2P-005153,1.0,0,True,,,
P2P-005154,0.9285714285714286,1,False,,Delivery Delayed,
P2P-005155,1.0,0,True,,,
P2P-005156,0.7857142857142857,3,False,,Three-Way Match Failed,
P2P-005157,0.7857142857142857,3,False,,Three-Way Match Failed,
P2P-005158,1.0,0,True,,,
P2P-005159,1.0,0,True,,,
P2P-005160,0.7222222222222222,5,False,,Corrected Invoice Received | Delivery Delayed | Duplicate Check Failed | Invoice Rejected,Invoice Duplicate Check
P2P-005161,0.8666666666666667,2,False,,Invoice Blocked | Invoice Corrected,
P2P-005162,0.8125,3,False,,Payment Rejected,Invoice Matched | Payment Authorized
P2P-005163,0.8666666666666667,2,False,,Request Reworked,Manager Approval
P2P-005164,1.0,0,True,,,
P2P-005165,0.8666666666666667,2,False,,Request Reworked,Manager Approval
P2P-005166,0.9230769230769231,1,False,Manager Approval,,
P2P-005167,1.0,0,True,,,
P2P-005168,1.0,0,True,,,
P2P-005169,1.0,0,True,,,
P2P-005170,1.0,0,True,,,
P2P-005171,0.9285714285714286,1,False,,Delivery Delayed,
P2P-005172,1.0,0,True,,,
P2P-005173,1.0,0,True,,,
P2P-005174,0.9230769230769231,1,False,Manager Approval,,
P2P-005175,1.0,0,True,,,
P2P-005176,1.0,0,True,,,
P2P-005177,1.0,0,True,,,
P2P-005178,0.8666666666666667,2,False,,Invoice Blocked | Invoice Corrected,
P2P-005179,0.8666666666666667,2,False,,Invoice Blocked | Invoice Corrected,
P2P-005180,1.0,0,True,,,
P2P-005181,1.0,0,True,,,
P2P-005182,1.0,0,True,,,
P2P-005183,0.7857142857142857,3,False,,Three-Way Match Failed,
P2P-005184,0.9230769230769231,1,False,Manager Approval,,
P2P-005185,1.0,0,True,,,
P2P-005186,0.8666666666666667,2,False,,Invoice Blocked | Invoice Corrected,
P2P-005187,0.8666666666666667,2,False,,Invoice Blocked | Invoice Corrected,
P2P-005188,1.0,0,True,,,
P2P-005189,0.9285714285714286,1,False,,Delivery Delayed,
P2P-005190,1.0,0,True,,,
P2P-005191,1.0,0,True,,,
P2P-005192,1.0,0,True,,,
P2P-005193,0.9285714285714286,1,False,,Delivery Delayed,
P2P-005194,1.0,0,True,,,
P2P-005195,0.8125,3,False,,Payment Rejected,Invoice Matched | Payment Authorized
P2P-005196,0.8125,3,False,,Payment Rejected,Invoice Matched | Payment Authorized
P2P-005197,1.0,0,True,,,
P2P-005198,0.7857142857142857,3,False,,Three-Way Match Failed,
P2P-005199,0.9230769230769231,1,False,Manager Approval,,
P2P-005200,0.8666666666666667,2,False,,Invoice Blocked | Invoice Corrected,
P2P-005201,0.8666666666666667,2,False,,Request Reworked,Manager Approval
P2P-005202,0.9230769230769231,1,False,Manager Approval,,
P2P-005203,0.8125,3,False,,Payment Rejected,Invoice Matched | Payment Authorized
P2P-005204,1.0,0,True,,,
P2P-005205,0.9230769230769231,1,False,Manager Approval,,
P2P-005206,1.0,0,True,,,
P2P-005207,0.8666666666666667,2,False,,Request Reworked,Manager Approval
P2P-005208,0.9285714285714286,1,False,,Delivery Delayed,
P2P-005209,0.8666666666666667,2,False,,Invoice Blocked | Invoice Corrected,
P2P-005210,0.8666666666666667,2,False,,Invoice Blocked | Invoice Corrected,
P2P-005211,0.8666666666666667,2,False,,Request Reworked,Manager Approval
P2P-005212,0.8666666666666667,2,False,,Invoice Blocked | Invoice Corrected,
P2P-005213,1.0,0,True,,,
P2P-005214,0.7857142857142857,3,False,,Three-Way Match Failed,
P2P-005215,0.8125,3,False,,Payment Rejected,Invoice Matched | Payment Authorized
P2P-005216,0.7857142857142857,3,False,,Three-Way Match Failed,
P2P-005217,1.0,0,True,,,
P2P-005218,0.7857142857142857,3,False,,Three-Way Match Failed,
P2P-005219,1.0,0,True,,,
P2P-005220,0.8666666666666667,2,False,,Invoice Blocked | Invoice Corrected,
P2P-005221,1.0,0,True,,,
P2P-005222,0.8666666666666667,2,False,,Request Reworked,Manager Approval
P2P-005223,1.0,0,True,,,
P2P-005224,1.0,0,True,,,
P2P-005225,0.8125,3,False,,Delivery Delayed | Invoice Blocked | Invoice Corrected,
P2P-005226,1.0,0,True,,,
P2P-005227,1.0,0,True,,,
P2P-005228,0.8666666666666667,2,False,,Invoice Blocked | Invoice Corrected,
P2P-005229,1.0,0,True,,,
P2P-005230,0.9285714285714286,1,False,,Delivery Delayed,
P2P-005231,0.9285714285714286,1,False,,Delivery Delayed,
P2P-005232,1.0,0,True,,,
P2P-005233,0.8666666666666667,2,False,,Request Reworked,Manager Approval
P2P-005234,0.9285714285714286,1,False,,Delivery Delayed,
P2P-005235,1.0,0,True,,,
P2P-005236,1.0,0,True,,,
P2P-005237,0.7647058823529411,4,False,,Corrected Invoice Received | Duplicate Check Failed | Invoice Rejected,Invoice Duplicate Check
P2P-005238,1.0,0,True,,,
P2P-005239,1.0,0,True,,,
P2P-005240,1.0,0,True,,,
P2P-005241,1.0,0,True,,,
P2P-005242,0.8666666666666667,2,False,,Invoice Blocked | Invoice Corrected,
P2P-005243,1.0,0,True,,,
P2P-005244,0.8666666666666667,2,False,,Request Reworked,Manager Approval
P2P-005245,0.9230769230769231,1,False,Manager Approval,,
P2P-005246,0.7647058823529411,4,False,,Corrected Invoice Received | Duplicate Check Failed | Invoice Rejected,Invoice Duplicate Check
P2P-005247,1.0,0,True,,,
P2P-005248,0.9230769230769231,1,False,Manager Approval,,
P2P-005249,0.9230769230769231,1,False,Manager Approval,,
P2P-005250,1.0,0,True,,,
P2P-005251,1.0,0,True,,,
P2P-005252,1.0,0,True,,,
P2P-005253,1.0,0,True,,,
P2P-005254,0.9285714285714286,1,False,,Delivery Delayed,
P2P-005255,0.7647058823529411,4,False,,Corrected Invoice Received | Duplicate Check Failed | Invoice Rejected,Invoice Duplicate Check
P2P-005256,1.0,0,True,,,
P2P-005257,0.9285714285714286,1,False,,Delivery Delayed,
P2P-005258,1.0,0,True,,,
P2P-005259,1.0,0,True,,,
P2P-005260,0.8666666666666667,2,False,,Request Reworked,Manager Approval
P2P-005261,0.9230769230769231,1,False,Manager Approval,,
P2P-005262,1.0,0,True,,,
P2P-005263,1.0,0,True,,,
P2P-005264,1.0,0,True,,,
P2P-005265,0.9230769230769231,1,False,Manager Approval,,
P2P-005266,0.9285714285714286,1,False,,Delivery Delayed,
P2P-005267,1.0,0,True,,,
P2P-005268,0.9230769230769231,1,False,Manager Approval,,
P2P-005269,1.0,0,True,,,
P2P-005270,1.0,0,True,,,
P2P-005271,0.8666666666666667,2,False,,Request Reworked,Manager Approval
P2P-005272,0.8666666666666667,2,False,,Request Reworked,Manager Approval
P2P-005273,0.8125,3,False,,Payment Rejected,Invoice Matched | Payment Authorized
P2P-005274,1.0,0,True,,,
P2P-005275,0.9285714285714286,1,False,,Delivery Delayed,
P2P-005276,0.7857142857142857,3,False,,Three-Way Match Failed,
P2P-005277,1.0,0,True,,,
P2P-005278,0.8666666666666667,2,False,,Request Reworked,Manager Approval
P2P-005279,1.0,0,True,,,
P2P-005280,0.7647058823529411,4,False,,Corrected Invoice Received | Duplicate Check Failed | Invoice Rejected,Invoice Duplicate Check
P2P-005281,1.0,0,True,,,
P2P-005282,0.9285714285714286,1,False,,Delivery Delayed,
P2P-005283,0.8461538461538461,2,False,Manager Approval,Delivery Delayed,
P2P-005284,0.8666666666666667,2,False,,Invoice Blocked | Invoice Corrected,
P2P-005285,0.7222222222222222,5,False,,Corrected Invoice Received | Delivery Delayed | Duplicate Check Failed | Invoice Rejected,Invoice Duplicate Check
P2P-005286,0.8666666666666667,2,False,,Invoice Blocked | Invoice Corrected,
P2P-005287,0.9230769230769231,1,False,Manager Approval,,
P2P-005288,0.8666666666666667,2,False,,Invoice Blocked | Invoice Corrected,
P2P-005289,0.8666666666666667,2,False,,Invoice Blocked | Invoice Corrected,
P2P-005290,1.0,0,True,,,
P2P-005291,0.8666666666666667,2,False,,Invoice Blocked | Invoice Corrected,
P2P-005292,1.0,0,True,,,
P2P-005293,0.8666666666666667,2,False,,Invoice Blocked | Invoice Corrected,
P2P-005294,0.8461538461538461,2,False,Manager Approval,Delivery Delayed,
P2P-005295,0.9285714285714286,1,False,,Delivery Delayed,
P2P-005296,1.0,0,True,,,
P2P-005297,1.0,0,True,,,
P2P-005298,0.8,3,False,,Delivery Delayed | Three-Way Match Failed,
P2P-005299,1.0,0,True,,,
P2P-005300,1.0,0,True,,,
P2P-005301,1.0,0,True,,,
P2P-005302,1.0,0,True,,,
P2P-005303,1.0,0,True,,,
P2P-005304,0.8666666666666667,2,False,,Invoice Blocked | Invoice Corrected,
P2P-005305,0.8666666666666667,2,False,,Invoice Blocked | Invoice Corrected,
P2P-005306,0.9285714285714286,1,False,,Delivery Delayed,
P2P-005307,1.0,0,True,,,
P2P-005308,1.0,0,True,,,
P2P-005309,0.9285714285714286,1,False,,Delivery Delayed,
P2P-005310,1.0,0,True,,,
P2P-005311,0.9285714285714286,1,False,,Delivery Delayed,
P2P-005312,0.9230769230769231,1,False,Manager Approval,,
P2P-005313,0.7647058823529411,4,False,,Corrected Invoice Received | Duplicate Check Failed | Invoice Rejected,Invoice Duplicate Check
P2P-005314,1.0,0,True,,,
P2P-005315,1.0,0,True,,,
P2P-005316,1.0,0,True,,,
P2P-005317,1.0,0,True,,,
P2P-005318,0.8666666666666667,2,False,,Request Reworked,Manager Approval
P2P-005319,1.0,0,True,,,
P2P-005320,0.9285714285714286,1,False,,Delivery Delayed,
P2P-005321,0.8666666666666667,2,False,,Invoice Blocked | Invoice Corrected,
P2P-005322,0.7647058823529411,4,False,,Corrected Invoice Received | Duplicate Check Failed | Invoice Rejected,Invoice Duplicate Check
P2P-005323,1.0,0,True,,,
P2P-005324,1.0,0,True,,,
P2P-005325,1.0,0,True,,,
P2P-005326,1.0,0,True,,,
P2P-005327,1.0,0,True,,,
P2P-005328,0.8125,3,False,,Payment Rejected,Invoice Matched | Payment Authorized
P2P-005329,0.8125,3,False,,Payment Rejected,Invoice Matched | Payment Authorized
P2P-005330,0.8125,3,False,,Payment Rejected,Invoice Matched | Payment Authorized
P2P-005331,0.9230769230769231,1,False,Manager Approval,,
P2P-005332,0.9285714285714286,1,False,,Delivery Delayed,
P2P-005333,1.0,0,True,,,
P2P-005334,0.8666666666666667,2,False,,Request Reworked,Manager Approval
P2P-005335,0.8125,3,False,,Payment Rejected,Invoice Matched | Payment Authorized
P2P-005336,0.8666666666666667,2,False,,Request Reworked,Manager Approval
P2P-005337,0.8666666666666667,2,False,,Request Reworked,Manager Approval
P2P-005338,0.9285714285714286,1,False,,Delivery Delayed,
P2P-005339,0.9285714285714286,1,False,,Delivery Delayed,
P2P-005340,1.0,0,True,,,
P2P-005341,0.9285714285714286,1,False,,Delivery Delayed,
P2P-005342,0.7857142857142857,3,False,,Three-Way Match Failed,
P2P-005343,0.9230769230769231,1,False,Manager Approval,,
P2P-005344,1.0,0,True,,,
P2P-005345,0.8125,3,False,,Payment Rejected,Invoice Matched | Payment Authorized
P2P-005346,0.8666666666666667,2,False,,Invoice Blocked | Invoice Corrected,
P2P-005347,1.0,0,True,,,
P2P-005348,0.9230769230769231,1,False,Manager Approval,,
P2P-005349,0.9230769230769231,1,False,Manager Approval,,
P2P-005350,0.8125,3,False,,Delivery Delayed | Request Reworked,Manager Approval
P2P-005351,0.9285714285714286,1,False,,Delivery Delayed,
P2P-005352,0.8125,3,False,,Delivery Delayed | Invoice Blocked | Invoice Corrected,
P2P-005353,0.8125,3,False,,Payment Rejected,Invoice Matched | Payment Authorized
P2P-005354,0.8666666666666667,2,False,,Request Reworked,Manager Approval
P2P-005355,0.8666666666666667,2,False,,Invoice Blocked | Invoice Corrected,
P2P-005356,0.9285714285714286,1,False,,Delivery Delayed,
P2P-005357,0.7857142857142857,3,False,,Three-Way Match Failed,
P2P-005358,0.7857142857142857,3,False,,Three-Way Match Failed,
P2P-005359,0.9230769230769231,1,False,Manager Approval,,
P2P-005360,1.0,0,True,,,
P2P-005361,0.9230769230769231,1,False,Manager Approval,,
P2P-005362,1.0,0,True,,,
P2P-005363,0.8666666666666667,2,False,,Invoice Blocked | Invoice Corrected,
P2P-005364,0.8666666666666667,2,False,,Request Reworked,Manager Approval
P2P-005365,0.8666666666666667,2,False,,Request Reworked,Manager Approval
P2P-005366,0.9230769230769231,1,False,Manager Approval,,
P2P-005367,1.0,0,True,,,
P2P-005368,1.0,0,True,,,
P2P-005369,1.0,0,True,,,
P2P-005370,0.7647058823529411,4,False,,Corrected Invoice Received | Duplicate Check Failed | Invoice Rejected,Invoice Duplicate Check
P2P-005371,0.7647058823529411,4,False,,Corrected Invoice Received | Duplicate Check Failed | Invoice Rejected,Invoice Duplicate Check
P2P-005372,1.0,0,True,,,
P2P-005373,1.0,0,True,,,
P2P-005374,0.8666666666666667,2,False,,Invoice Blocked | Invoice Corrected,
P2P-005375,1.0,0,True,,,
P2P-005376,1.0,0,True,,,
P2P-005377,0.9285714285714286,1,False,,Delivery Delayed,
P2P-005378,0.8666666666666667,2,False,,Request Reworked,Manager Approval
P2P-005379,0.8666666666666667,2,False,,Invoice Blocked | Invoice Corrected,
P2P-005380,0.9285714285714286,1,False,,Delivery Delayed,
P2P-005381,1.0,0,True,,,
P2P-005382,0.8666666666666667,2,False,,Invoice Blocked | Invoice Corrected,
P2P-005383,1.0,0,True,,,
P2P-005384,0.8125,3,False,,Delivery Delayed | Request Reworked,Manager Approval
P2P-005385,1.0,0,True,,,
P2P-005386,0.7857142857142857,3,False,,Three-Way Match Failed,
P2P-005387,1.0,0,True,,,
P2P-005388,0.8666666666666667,2,False,,Invoice Blocked | Invoice Corrected,
P2P-005389,0.8125,3,False,,Delivery Delayed | Invoice Blocked | Invoice Corrected,
P2P-005390,0.9285714285714286,1,False,,Delivery Delayed,
P2P-005391,0.9230769230769231,1,False,Manager Approval,,
P2P-005392,0.9285714285714286,1,False,,Delivery Delayed,
P2P-005393,1.0,0,True,,,
P2P-005394,0.7857142857142857,3,False,,Three-Way Match Failed,
P2P-005395,0.8125,3,False,,Payment Rejected,Invoice Matched | Payment Authorized
P2P-005396,0.9285714285714286,1,False,,Delivery Delayed,
P2P-005397,0.8666666666666667,2,False,,Request Reworked,Manager Approval
P2P-005398,1.0,0,True,,,
P2P-005399,0.9230769230769231,1,False,Manager Approval,,
P2P-005400,0.8666666666666667,2,False,,Request Reworked,Manager Approval
P2P-005401,0.8125,3,False,,Payment Rejected,Invoice Matched | Payment Authorized
P2P-005402,0.7222222222222222,5,False,,Corrected Invoice Received | Delivery Delayed | Duplicate Check Failed | Invoice Rejected,Invoice Duplicate Check
P2P-005403,0.8125,3,False,,Delivery Delayed | Request Reworked,Manager Approval
P2P-005404,1.0,0,True,,,
P2P-005405,0.8666666666666667,2,False,,Invoice Blocked | Invoice Corrected,
P2P-005406,1.0,0,True,,,
P2P-005407,0.8666666666666667,2,False,,Request Reworked,Manager Approval
P2P-005408,0.8125,3,False,,Payment Rejected,Invoice Matched | Payment Authorized
P2P-005409,0.9230769230769231,1,False,Manager Approval,,
P2P-005410,0.9230769230769231,1,False,Manager Approval,,
P2P-005411,0.7857142857142857,3,False,,Three-Way Match Failed,
P2P-005412,0.8666666666666667,2,False,,Invoice Blocked | Invoice Corrected,
P2P-005413,0.8666666666666667,2,False,,Request Reworked,Manager Approval
P2P-005414,0.8125,3,False,,Payment Rejected,Invoice Matched | Payment Authorized
P2P-005415,0.9230769230769231,1,False,Manager Approval,,
P2P-005416,0.9230769230769231,1,False,Manager Approval,,
P2P-005417,0.9230769230769231,1,False,Manager Approval,,
P2P-005418,0.9285714285714286,1,False,,Delivery Delayed,
P2P-005419,0.7222222222222222,5,False,,Corrected Invoice Received | Delivery Delayed | Duplicate Check Failed | Invoice Rejected,Invoice Duplicate Check
P2P-005420,0.9230769230769231,1,False,Manager Approval,,
P2P-005421,1.0,0,True,,,
P2P-005422,0.7857142857142857,3,False,,Three-Way Match Failed,
P2P-005423,1.0,0,True,,,
P2P-005424,0.9230769230769231,1,False,Manager Approval,,
P2P-005425,1.0,0,True,,,
P2P-005426,1.0,0,True,,,
P2P-005427,0.9230769230769231,1,False,Manager Approval,,
P2P-005428,1.0,0,True,,,
P2P-005429,0.7857142857142857,3,False,,Three-Way Match Failed,
P2P-005430,0.8461538461538461,2,False,Manager Approval,Delivery Delayed,
P2P-005431,0.7647058823529411,4,False,,Corrected Invoice Received | Duplicate Check Failed | Invoice Rejected,Invoice Duplicate Check
P2P-005432,1.0,0,True,,,
P2P-005433,1.0,0,True,,,
P2P-005434,0.8666666666666667,2,False,,Request Reworked,Manager Approval
P2P-005435,0.8125,3,False,,Delivery Delayed | Request Reworked,Manager Approval
P2P-005436,1.0,0,True,,,
P2P-005437,0.8666666666666667,2,False,,Invoice Blocked | Invoice Corrected,
P2P-005438,0.7857142857142857,3,False,,Three-Way Match Failed,
P2P-005439,0.8666666666666667,2,False,,Invoice Blocked | Invoice Corrected,
P2P-005440,0.9230769230769231,1,False,Manager Approval,,
P2P-005441,1.0,0,True,,,
P2P-005442,1.0,0,True,,,
P2P-005443,0.8125,3,False,,Payment Rejected,Invoice Matched | Payment Authorized
P2P-005444,0.8666666666666667,2,False,,Request Reworked,Manager Approval
P2P-005445,0.8125,3,False,,Payment Rejected,Invoice Matched | Payment Authorized
P2P-005446,1.0,0,True,,,
P2P-005447,0.9285714285714286,1,False,,Delivery Delayed,
P2P-005448,0.8666666666666667,2,False,,Request Reworked,Manager Approval
P2P-005449,0.8666666666666667,2,False,,Invoice Blocked | Invoice Corrected,
P2P-005450,0.9230769230769231,1,False,Manager Approval,,
P2P-005451,1.0,0,True,,,
P2P-005452,1.0,0,True,,,
P2P-005453,0.9285714285714286,1,False,,Delivery Delayed,
P2P-005454,1.0,0,True,,,
P2P-005455,1.0,0,True,,,
P2P-005456,1.0,0,True,,,
P2P-005457,0.8666666666666667,2,False,,Invoice Blocked | Invoice Corrected,
P2P-005458,0.8125,3,False,,Payment Rejected,Invoice Matched | Payment Authorized
P2P-005459,1.0,0,True,,,
P2P-005460,0.7647058823529411,4,False,,Delivery Delayed | Payment Rejected,Invoice Matched | Payment Authorized
P2P-005461,1.0,0,True,,,
P2P-005462,0.9230769230769231,1,False,Manager Approval,,
P2P-005463,1.0,0,True,,,
P2P-005464,0.8666666666666667,2,False,,Request Reworked,Manager Approval
P2P-005465,1.0,0,True,,,
P2P-005466,1.0,0,True,,,
P2P-005467,0.7857142857142857,3,False,,Three-Way Match Failed,
P2P-005468,0.8666666666666667,2,False,,Request Reworked,Manager Approval
P2P-005469,1.0,0,True,,,
P2P-005470,0.9285714285714286,1,False,,Delivery Delayed,
P2P-005471,0.9230769230769231,1,False,Manager Approval,,
P2P-005472,1.0,0,True,,,
P2P-005473,1.0,0,True,,,
P2P-005474,1.0,0,True,,,
P2P-005475,0.8125,3,False,,Delivery Delayed | Invoice Blocked | Invoice Corrected,
P2P-005476,0.9230769230769231,1,False,Manager Approval,,
P2P-005477,1.0,0,True,,,
P2P-005478,0.8666666666666667,2,False,,Invoice Blocked | Invoice Corrected,
P2P-005479,1.0,0,True,,,
P2P-005480,0.8461538461538461,2,False,Manager Approval,Delivery Delayed,
P2P-005481,0.9285714285714286,1,False,,Delivery Delayed,
P2P-005482,1.0,0,True,,,
P2P-005483,0.9285714285714286,1,False,,Delivery Delayed,
P2P-005484,0.7647058823529411,4,False,,Corrected Invoice Received | Duplicate Check Failed | Invoice Rejected,Invoice Duplicate Check
P2P-005485,0.8125,3,False,,Payment Rejected,Invoice Matched | Payment Authorized
P2P-005486,0.8666666666666667,2,False,,Request Reworked,Manager Approval
P2P-005487,0.9285714285714286,1,False,,Delivery Delayed,
P2P-005488,1.0,0,True,,,
P2P-005489,0.8461538461538461,2,False,Manager Approval,Delivery Delayed,
P2P-005490,0.9230769230769231,1,False,Manager Approval,,
P2P-005491,1.0,0,True,,,
P2P-005492,0.7222222222222222,5,False,,Corrected Invoice Received | Delivery Delayed | Duplicate Check Failed | Invoice Rejected,Invoice Duplicate Check
P2P-005493,0.8125,3,False,,Delivery Delayed | Invoice Blocked | Invoice Corrected,
P2P-005494,1.0,0,True,,,
P2P-005495,0.8125,3,False,,Payment Rejected,Invoice Matched | Payment Authorized
P2P-005496,0.8125,3,False,,Delivery Delayed | Request Reworked,Manager Approval
P2P-005497,1.0,0,True,,,
P2P-005498,1.0,0,True,,,
P2P-005499,0.9230769230769231,1,False,Manager Approval,,
P2P-005500,0.9285714285714286,1,False,,Delivery Delayed,
P2P-005501,1.0,0,True,,,
P2P-005502,0.9230769230769231,1,False,Manager Approval,,
P2P-005503,0.9230769230769231,1,False,Manager Approval,,
P2P-005504,1.0,0,True,,,
P2P-005505,1.0,0,True,,,
P2P-005506,0.8666666666666667,2,False,,Request Reworked,Manager Approval
P2P-005507,0.8666666666666667,2,False,,Invoice Blocked | Invoice Corrected,
P2P-005508,0.7857142857142857,3,False,,Three-Way Match Failed,
P2P-005509,0.8666666666666667,2,False,,Invoice Blocked | Invoice Corrected,
P2P-005510,0.8666666666666667,2,False,,Request Reworked,Manager Approval
P2P-005511,0.7857142857142857,3,False,,Three-Way Match Failed,
P2P-005512,0.7857142857142857,3,False,,Three-Way Match Failed,
P2P-005513,0.9285714285714286,1,False,,Delivery Delayed,
P2P-005514,0.8666666666666667,2,False,,Request Reworked,Manager Approval
P2P-005515,1.0,0,True,,,
P2P-005516,0.9230769230769231,1,False,Manager Approval,,
P2P-005517,0.9285714285714286,1,False,,Delivery Delayed,
P2P-005518,0.9230769230769231,1,False,Manager Approval,,
P2P-005519,1.0,0,True,,,
P2P-005520,0.9230769230769231,1,False,Manager Approval,,
P2P-005521,1.0,0,True,,,
P2P-005522,0.7647058823529411,4,False,,Corrected Invoice Received | Duplicate Check Failed | Invoice Rejected,Invoice Duplicate Check
P2P-005523,0.9230769230769231,1,False,Manager Approval,,
P2P-005524,0.9230769230769231,1,False,Manager Approval,,
P2P-005525,1.0,0,True,,,
P2P-005526,0.8125,3,False,,Payment Rejected,Invoice Matched | Payment Authorized
P2P-005527,0.7857142857142857,3,False,,Three-Way Match Failed,
P2P-005528,0.7647058823529411,4,False,,Corrected Invoice Received | Duplicate Check Failed | Invoice Rejected,Invoice Duplicate Check
P2P-005529,1.0,0,True,,,
P2P-005530,0.8666666666666667,2,False,,Invoice Blocked | Invoice Corrected,
P2P-005531,1.0,0,True,,,
P2P-005532,1.0,0,True,,,
P2P-005533,1.0,0,True,,,
P2P-005534,1.0,0,True,,,
P2P-005535,1.0,0,True,,,
P2P-005536,1.0,0,True,,,
P2P-005537,0.9230769230769231,1,False,Manager Approval,,
P2P-005538,0.7647058823529411,4,False,,Corrected Invoice Received | Duplicate Check Failed | Invoice Rejected,Invoice Duplicate Check
P2P-005539,0.8666666666666667,2,False,,Request Reworked,Manager Approval
P2P-005540,1.0,0,True,,,
P2P-005541,1.0,0,True,,,
P2P-005542,0.8666666666666667,2,False,,Invoice Blocked | Invoice Corrected,
P2P-005543,0.8666666666666667,2,False,,Invoice Blocked | Invoice Corrected,
P2P-005544,0.8125,3,False,,Payment Rejected,Invoice Matched | Payment Authorized
P2P-005545,0.9230769230769231,1,False,Manager Approval,,
P2P-005546,0.8666666666666667,2,False,,Invoice Blocked | Invoice Corrected,
P2P-005547,0.8125,3,False,,Payment Rejected,Invoice Matched | Payment Authorized
P2P-005548,1.0,0,True,,,
P2P-005549,1.0,0,True,,,
P2P-005550,0.9230769230769231,1,False,Manager Approval,,
P2P-005551,1.0,0,True,,,
P2P-005552,0.7857142857142857,3,False,,Three-Way Match Failed,
P2P-005553,1.0,0,True,,,
P2P-005554,1.0,0,True,,,
P2P-005555,0.8666666666666667,2,False,,Invoice Blocked | Invoice Corrected,
P2P-005556,1.0,0,True,,,
P2P-005557,0.8461538461538461,2,False,Manager Approval,Delivery Delayed,
P2P-005558,0.8125,3,False,,Delivery Delayed | Request Reworked,Manager Approval
P2P-005559,1.0,0,True,,,
P2P-005560,1.0,0,True,,,
P2P-005561,0.8125,3,False,,Payment Rejected,Invoice Matched | Payment Authorized
P2P-005562,1.0,0,True,,,
P2P-005563,0.9230769230769231,1,False,Manager Approval,,
P2P-005564,0.8125,3,False,,Payment Rejected,Invoice Matched | Payment Authorized
P2P-005565,1.0,0,True,,,
P2P-005566,0.8666666666666667,2,False,,Request Reworked,Manager Approval
P2P-005567,0.7647058823529411,4,False,,Corrected Invoice Received | Duplicate Check Failed | Invoice Rejected,Invoice Duplicate Check
P2P-005568,1.0,0,True,,,
P2P-005569,0.8666666666666667,2,False,,Invoice Blocked | Invoice Corrected,
P2P-005570,0.8461538461538461,2,False,Manager Approval,Delivery Delayed,
P2P-005571,1.0,0,True,,,
P2P-005572,1.0,0,True,,,
P2P-005573,0.9285714285714286,1,False,,Delivery Delayed,
P2P-005574,0.8125,3,False,,Payment Rejected,Invoice Matched | Payment Authorized
P2P-005575,0.9230769230769231,1,False,Manager Approval,,
P2P-005576,1.0,0,True,,,
P2P-005577,1.0,0,True,,,
P2P-005578,0.8125,3,False,,Payment Rejected,Invoice Matched | Payment Authorized
P2P-005579,1.0,0,True,,,
P2P-005580,0.8666666666666667,2,False,,Invoice Blocked | Invoice Corrected,
P2P-005581,0.8666666666666667,2,False,,Invoice Blocked | Invoice Corrected,
P2P-005582,0.9285714285714286,1,False,,Delivery Delayed,
P2P-005583,1.0,0,True,,,
P2P-005584,1.0,0,True,,,
P2P-005585,1.0,0,True,,,
P2P-005586,0.8666666666666667,2,False,,Request Reworked,Manager Approval
P2P-005587,1.0,0,True,,,
P2P-005588,0.8666666666666667,2,False,,Request Reworked,Manager Approval
P2P-005589,0.8,3,False,,Delivery Delayed | Three-Way Match Failed,
P2P-005590,1.0,0,True,,,
P2P-005591,0.7647058823529411,4,False,,Corrected Invoice Received | Duplicate Check Failed | Invoice Rejected,Invoice Duplicate Check
P2P-005592,0.8125,3,False,,Payment Rejected,Invoice Matched | Payment Authorized
P2P-005593,1.0,0,True,,,
P2P-005594,1.0,0,True,,,
P2P-005595,0.9285714285714286,1,False,,Delivery Delayed,
P2P-005596,0.9230769230769231,1,False,Manager Approval,,
P2P-005597,1.0,0,True,,,
P2P-005598,1.0,0,True,,,
P2P-005599,1.0,0,True,,,
P2P-005600,0.9285714285714286,1,False,,Delivery Delayed,
P2P-005601,1.0,0,True,,,
P2P-005602,0.7647058823529411,4,False,,Corrected Invoice Received | Duplicate Check Failed | Invoice Rejected,Invoice Duplicate Check
P2P-005603,0.8666666666666667,2,False,,Request Reworked,Manager Approval
P2P-005604,1.0,0,True,,,
P2P-005605,0.9230769230769231,1,False,Manager Approval,,
P2P-005606,1.0,0,True,,,
P2P-005607,0.8666666666666667,2,False,,Invoice Blocked | Invoice Corrected,
P2P-005608,0.8666666666666667,2,False,,Request Reworked,Manager Approval
P2P-005609,1.0,0,True,,,
P2P-005610,0.8666666666666667,2,False,,Invoice Blocked | Invoice Corrected,
P2P-005611,0.7647058823529411,4,False,,Corrected Invoice Received | Duplicate Check Failed | Invoice Rejected,Invoice Duplicate Check
P2P-005612,0.8666666666666667,2,False,,Invoice Blocked | Invoice Corrected,
P2P-005613,1.0,0,True,,,
P2P-005614,0.9230769230769231,1,False,Manager Approval,,
P2P-005615,1.0,0,True,,,
P2P-005616,1.0,0,True,,,
P2P-005617,1.0,0,True,,,
P2P-005618,1.0,0,True,,,
P2P-005619,0.8666666666666667,2,False,,Request Reworked,Manager Approval
P2P-005620,0.9230769230769231,1,False,Manager Approval,,
P2P-005621,0.7857142857142857,3,False,,Three-Way Match Failed,
P2P-005622,0.9230769230769231,1,False,Manager Approval,,
P2P-005623,1.0,0,True,,,
P2P-005624,0.9230769230769231,1,False,Manager Approval,,
P2P-005625,0.8666666666666667,2,False,,Invoice Blocked | Invoice Corrected,
P2P-005626,1.0,0,True,,,
P2P-005627,0.7857142857142857,3,False,,Three-Way Match Failed,
P2P-005628,0.9285714285714286,1,False,,Delivery Delayed,
P2P-005629,0.8666666666666667,2,False,,Request Reworked,Manager Approval
P2P-005630,1.0,0,True,,,
P2P-005631,0.7222222222222222,5,False,,Corrected Invoice Received | Delivery Delayed | Duplicate Check Failed | Invoice Rejected,Invoice Duplicate Check
P2P-005632,1.0,0,True,,,
P2P-005633,0.8666666666666667,2,False,,Invoice Blocked | Invoice Corrected,
P2P-005634,1.0,0,True,,,
P2P-005635,1.0,0,True,,,
P2P-005636,1.0,0,True,,,
P2P-005637,0.8666666666666667,2,False,,Invoice Blocked | Invoice Corrected,
P2P-005638,1.0,0,True,,,
P2P-005639,0.8666666666666667,2,False,,Invoice Blocked | Invoice Corrected,
P2P-005640,0.8666666666666667,2,False,,Request Reworked,Manager Approval
P2P-005641,1.0,0,True,,,
P2P-005642,0.7647058823529411,4,False,,Corrected Invoice Received | Duplicate Check Failed | Invoice Rejected,Invoice Duplicate Check
P2P-005643,0.8666666666666667,2,False,,Invoice Blocked | Invoice Corrected,
P2P-005644,0.7857142857142857,3,False,,Three-Way Match Failed,
P2P-005645,1.0,0,True,,,
P2P-005646,1.0,0,True,,,
P2P-005647,1.0,0,True,,,
P2P-005648,1.0,0,True,,,
P2P-005649,1.0,0,True,,,
P2P-005650,1.0,0,True,,,
P2P-005651,1.0,0,True,,,
P2P-005652,0.9230769230769231,1,False,Manager Approval,,
P2P-005653,1.0,0,True,,,
P2P-005654,0.7857142857142857,3,False,,Three-Way Match Failed,
P2P-005655,0.8125,3,False,,Delivery Delayed | Request Reworked,Manager Approval
P2P-005656,0.7857142857142857,3,False,,Three-Way Match Failed,
P2P-005657,1.0,0,True,,,
P2P-005658,1.0,0,True,,,
P2P-005659,1.0,0,True,,,
P2P-005660,1.0,0,True,,,
P2P-005661,0.9230769230769231,1,False,Manager Approval,,
P2P-005662,0.9230769230769231,1,False,Manager Approval,,
P2P-005663,1.0,0,True,,,
P2P-005664,0.7857142857142857,3,False,,Three-Way Match Failed,
P2P-005665,1.0,0,True,,,
P2P-005666,1.0,0,True,,,
P2P-005667,0.8666666666666667,2,False,,Request Reworked,Manager Approval
P2P-005668,0.9230769230769231,1,False,Manager Approval,,
P2P-005669,0.8,3,False,,Delivery Delayed | Three-Way Match Failed,
P2P-005670,1.0,0,True,,,
P2P-005671,1.0,0,True,,,
P2P-005672,1.0,0,True,,,
P2P-005673,0.9285714285714286,1,False,,Delivery Delayed,
P2P-005674,0.9285714285714286,1,False,,Delivery Delayed,
P2P-005675,0.9230769230769231,1,False,Manager Approval,,
P2P-005676,1.0,0,True,,,
P2P-005677,0.9285714285714286,1,False,,Delivery Delayed,
P2P-005678,0.8461538461538461,2,False,Manager Approval,Delivery Delayed,
P2P-005679,0.8666666666666667,2,False,,Invoice Blocked | Invoice Corrected,
P2P-005680,0.8666666666666667,2,False,,Request Reworked,Manager Approval
P2P-005681,1.0,0,True,,,
P2P-005682,1.0,0,True,,,
P2P-005683,0.9230769230769231,1,False,Manager Approval,,
P2P-005684,1.0,0,True,,,
P2P-005685,1.0,0,True,,,
P2P-005686,1.0,0,True,,,
P2P-005687,0.8666666666666667,2,False,,Invoice Blocked | Invoice Corrected,
P2P-005688,1.0,0,True,,,
P2P-005689,0.8125,3,False,,Payment Rejected,Invoice Matched | Payment Authorized
P2P-005690,1.0,0,True,,,
P2P-005691,0.8666666666666667,2,False,,Invoice Blocked | Invoice Corrected,
P2P-005692,1.0,0,True,,,
P2P-005693,0.9230769230769231,1,False,Manager Approval,,
P2P-005694,1.0,0,True,,,
P2P-005695,0.8125,3,False,,Payment Rejected,Invoice Matched | Payment Authorized
P2P-005696,0.9230769230769231,1,False,Manager Approval,,
P2P-005697,0.7647058823529411,4,False,,Corrected Invoice Received | Duplicate Check Failed | Invoice Rejected,Invoice Duplicate Check
P2P-005698,0.9230769230769231,1,False,Manager Approval,,
P2P-005699,1.0,0,True,,,
P2P-005700,0.8125,3,False,,Payment Rejected,Invoice Matched | Payment Authorized
P2P-005701,0.8125,3,False,,Delivery Delayed | Invoice Blocked | Invoice Corrected,
P2P-005702,1.0,0,True,,,
P2P-005703,0.8125,3,False,,Delivery Delayed | Invoice Blocked | Invoice Corrected,
P2P-005704,1.0,0,True,,,
P2P-005705,1.0,0,True,,,
P2P-005706,1.0,0,True,,,
P2P-005707,1.0,0,True,,,
P2P-005708,1.0,0,True,,,
P2P-005709,0.8666666666666667,2,False,,Request Reworked,Manager Approval
P2P-005710,1.0,0,True,,,
P2P-005711,1.0,0,True,,,
P2P-005712,0.8125,3,False,,Payment Rejected,Invoice Matched | Payment Authorized
P2P-005713,1.0,0,True,,,
P2P-005714,0.8666666666666667,2,False,,Invoice Blocked | Invoice Corrected,
P2P-005715,0.8666666666666667,2,False,,Invoice Blocked | Invoice Corrected,
P2P-005716,1.0,0,True,,,
P2P-005717,0.8666666666666667,2,False,,Request Reworked,Manager Approval
P2P-005718,0.7857142857142857,3,False,,Three-Way Match Failed,
P2P-005719,1.0,0,True,,,
P2P-005720,0.8125,3,False,,Payment Rejected,Invoice Matched | Payment Authorized
P2P-005721,1.0,0,True,,,
P2P-005722,0.9230769230769231,1,False,Manager Approval,,
P2P-005723,0.7857142857142857,3,False,,Three-Way Match Failed,
P2P-005724,1.0,0,True,,,
P2P-005725,1.0,0,True,,,
P2P-005726,1.0,0,True,,,
P2P-005727,0.8125,3,False,,Payment Rejected,Invoice Matched | Payment Authorized
P2P-005728,0.9285714285714286,1,False,,Delivery Delayed,
P2P-005729,1.0,0,True,,,
P2P-005730,1.0,0,True,,,
P2P-005731,1.0,0,True,,,
P2P-005732,1.0,0,True,,,
P2P-005733,0.9230769230769231,1,False,Manager Approval,,
P2P-005734,1.0,0,True,,,
P2P-005735,1.0,0,True,,,
P2P-005736,1.0,0,True,,,
P2P-005737,1.0,0,True,,,
P2P-005738,0.9230769230769231,1,False,Manager Approval,,
P2P-005739,1.0,0,True,,,
P2P-005740,0.7222222222222222,5,False,,Corrected Invoice Received | Delivery Delayed | Duplicate Check Failed | Invoice Rejected,Invoice Duplicate Check
P2P-005741,0.7647058823529411,4,False,,Corrected Invoice Received | Duplicate Check Failed | Invoice Rejected,Invoice Duplicate Check
P2P-005742,1.0,0,True,,,
P2P-005743,0.8666666666666667,2,False,,Invoice Blocked | Invoice Corrected,
P2P-005744,0.8125,3,False,,Payment Rejected,Invoice Matched | Payment Authorized
P2P-005745,0.7857142857142857,3,False,,Three-Way Match Failed,
P2P-005746,1.0,0,True,,,
P2P-005747,1.0,0,True,,,
P2P-005748,1.0,0,True,,,
P2P-005749,0.9230769230769231,1,False,Manager Approval,,
P2P-005750,1.0,0,True,,,
P2P-005751,1.0,0,True,,,
P2P-005752,0.9230769230769231,1,False,Manager Approval,,
P2P-005753,1.0,0,True,,,
P2P-005754,0.8125,3,False,,Delivery Delayed | Request Reworked,Manager Approval
P2P-005755,1.0,0,True,,,
P2P-005756,0.7222222222222222,5,False,,Corrected Invoice Received | Delivery Delayed | Duplicate Check Failed | Invoice Rejected,Invoice Duplicate Check
P2P-005757,0.9230769230769231,1,False,Manager Approval,,
P2P-005758,1.0,0,True,,,
P2P-005759,1.0,0,True,,,
P2P-005760,0.8666666666666667,2,False,,Invoice Blocked | Invoice Corrected,
P2P-005761,0.7857142857142857,3,False,,Three-Way Match Failed,
P2P-005762,0.7647058823529411,4,False,,Delivery Delayed | Payment Rejected,Invoice Matched | Payment Authorized
P2P-005763,1.0,0,True,,,
P2P-005764,0.8666666666666667,2,False,,Request Reworked,Manager Approval
P2P-005765,0.9285714285714286,1,False,,Delivery Delayed,
P2P-005766,1.0,0,True,,,
P2P-005767,1.0,0,True,,,
P2P-005768,0.8666666666666667,2,False,,Request Reworked,Manager Approval
P2P-005769,0.8666666666666667,2,False,,Invoice Blocked | Invoice Corrected,
P2P-005770,0.7857142857142857,3,False,,Three-Way Match Failed,
P2P-005771,0.8666666666666667,2,False,,Invoice Blocked | Invoice Corrected,
P2P-005772,0.8666666666666667,2,False,,Request Reworked,Manager Approval
P2P-005773,0.7857142857142857,3,False,,Three-Way Match Failed,
P2P-005774,1.0,0,True,,,
P2P-005775,1.0,0,True,,,
P2P-005776,1.0,0,True,,,
P2P-005777,0.9230769230769231,1,False,Manager Approval,,
P2P-005778,1.0,0,True,,,
P2P-005779,0.8666666666666667,2,False,,Invoice Blocked | Invoice Corrected,
P2P-005780,0.7857142857142857,3,False,,Three-Way Match Failed,
P2P-005781,0.8125,3,False,,Payment Rejected,Invoice Matched | Payment Authorized
P2P-005782,0.8666666666666667,2,False,,Request Reworked,Manager Approval
P2P-005783,0.7647058823529411,4,False,,Corrected Invoice Received | Duplicate Check Failed | Invoice Rejected,Invoice Duplicate Check
P2P-005784,0.8666666666666667,2,False,,Request Reworked,Manager Approval
P2P-005785,0.8125,3,False,,Payment Rejected,Invoice Matched | Payment Authorized
P2P-005786,1.0,0,True,,,
P2P-005787,1.0,0,True,,,
P2P-005788,0.8666666666666667,2,False,,Invoice Blocked | Invoice Corrected,
P2P-005789,0.9230769230769231,1,False,Manager Approval,,
P2P-005790,0.8666666666666667,2,False,,Request Reworked,Manager Approval
P2P-005791,0.8666666666666667,2,False,,Request Reworked,Manager Approval
P2P-005792,1.0,0,True,,,
P2P-005793,0.9285714285714286,1,False,,Delivery Delayed,
P2P-005794,1.0,0,True,,,
P2P-005795,1.0,0,True,,,
P2P-005796,0.7857142857142857,3,False,,Three-Way Match Failed,
P2P-005797,1.0,0,True,,,
P2P-005798,0.9285714285714286,1,False,,Delivery Delayed,
P2P-005799,1.0,0,True,,,
P2P-005800,0.8666666666666667,2,False,,Request Reworked,Manager Approval
P2P-005801,1.0,0,True,,,
P2P-005802,0.9230769230769231,1,False,Manager Approval,,
P2P-005803,1.0,0,True,,,
P2P-005804,1.0,0,True,,,
P2P-005805,1.0,0,True,,,
P2P-005806,1.0,0,True,,,
P2P-005807,1.0,0,True,,,
P2P-005808,1.0,0,True,,,
P2P-005809,0.8666666666666667,2,False,,Invoice Blocked | Invoice Corrected,
P2P-005810,1.0,0,True,,,
P2P-005811,0.9230769230769231,1,False,Manager Approval,,
P2P-005812,0.8125,3,False,,Payment Rejected,Invoice Matched | Payment Authorized
P2P-005813,0.7222222222222222,5,False,,Corrected Invoice Received | Delivery Delayed | Duplicate Check Failed | Invoice Rejected,Invoice Duplicate Check
P2P-005814,1.0,0,True,,,
P2P-005815,1.0,0,True,,,
P2P-005816,1.0,0,True,,,
P2P-005817,1.0,0,True,,,
P2P-005818,0.9230769230769231,1,False,Manager Approval,,
P2P-005819,0.9285714285714286,1,False,,Delivery Delayed,
P2P-005820,0.9285714285714286,1,False,,Delivery Delayed,
P2P-005821,0.7857142857142857,3,False,,Three-Way Match Failed,
P2P-005822,0.8125,3,False,,Payment Rejected,Invoice Matched | Payment Authorized
P2P-005823,0.8666666666666667,2,False,,Request Reworked,Manager Approval
P2P-005824,0.8666666666666667,2,False,,Request Reworked,Manager Approval
P2P-005825,0.7857142857142857,3,False,,Three-Way Match Failed,
P2P-005826,0.7857142857142857,3,False,,Three-Way Match Failed,
P2P-005827,1.0,0,True,,,
P2P-005828,0.9230769230769231,1,False,Manager Approval,,
P2P-005829,1.0,0,True,,,
P2P-005830,1.0,0,True,,,
P2P-005831,0.8666666666666667,2,False,,Request Reworked,Manager Approval
P2P-005832,1.0,0,True,,,
P2P-005833,0.8461538461538461,2,False,Manager Approval,Delivery Delayed,
P2P-005834,1.0,0,True,,,
P2P-005835,0.8125,3,False,,Payment Rejected,Invoice Matched | Payment Authorized
P2P-005836,0.9285714285714286,1,False,,Delivery Delayed,
P2P-005837,0.8666666666666667,2,False,,Request Reworked,Manager Approval
P2P-005838,1.0,0,True,,,
P2P-005839,1.0,0,True,,,
P2P-005840,0.9230769230769231,1,False,Manager Approval,,
P2P-005841,0.9230769230769231,1,False,Manager Approval,,
P2P-005842,1.0,0,True,,,
P2P-005843,0.9230769230769231,1,False,Manager Approval,,
P2P-005844,0.9230769230769231,1,False,Manager Approval,,
P2P-005845,0.7857142857142857,3,False,,Three-Way Match Failed,
P2P-005846,0.7857142857142857,3,False,,Three-Way Match Failed,
P2P-005847,1.0,0,True,,,
P2P-005848,0.8,3,False,,Delivery Delayed | Three-Way Match Failed,
P2P-005849,0.9230769230769231,1,False,Manager Approval,,
P2P-005850,1.0,0,True,,,
P2P-005851,0.7857142857142857,3,False,,Three-Way Match Failed,
P2P-005852,0.8125,3,False,,Delivery Delayed | Invoice Blocked | Invoice Corrected,
P2P-005853,0.9230769230769231,1,False,Manager Approval,,
P2P-005854,0.7857142857142857,3,False,,Three-Way Match Failed,
P2P-005855,0.7647058823529411,4,False,,Corrected Invoice Received | Duplicate Check Failed | Invoice Rejected,Invoice Duplicate Check
P2P-005856,0.8666666666666667,2,False,,Request Reworked,Manager Approval
P2P-005857,0.9230769230769231,1,False,Manager Approval,,
P2P-005858,0.9230769230769231,1,False,Manager Approval,,
P2P-005859,1.0,0,True,,,
P2P-005860,0.9230769230769231,1,False,Manager Approval,,
P2P-005861,1.0,0,True,,,
P2P-005862,1.0,0,True,,,
P2P-005863,0.9230769230769231,1,False,Manager Approval,,
P2P-005864,1.0,0,True,,,
P2P-005865,0.7647058823529411,4,False,,Corrected Invoice Received | Duplicate Check Failed | Invoice Rejected,Invoice Duplicate Check
P2P-005866,0.9230769230769231,1,False,Manager Approval,,
P2P-005867,0.8666666666666667,2,False,,Request Reworked,Manager Approval
P2P-005868,1.0,0,True,,,
P2P-005869,1.0,0,True,,,
P2P-005870,1.0,0,True,,,
P2P-005871,1.0,0,True,,,
P2P-005872,0.8666666666666667,2,False,,Invoice Blocked | Invoice Corrected,
P2P-005873,0.8125,3,False,,Delivery Delayed | Request Reworked,Manager Approval
P2P-005874,0.9230769230769231,1,False,Manager Approval,,
P2P-005875,0.8461538461538461,2,False,Manager Approval,Delivery Delayed,
P2P-005876,1.0,0,True,,,
P2P-005877,0.8125,3,False,,Delivery Delayed | Request Reworked,Manager Approval
P2P-005878,0.8125,3,False,,Payment Rejected,Invoice Matched | Payment Authorized
P2P-005879,1.0,0,True,,,
P2P-005880,1.0,0,True,,,
P2P-005881,1.0,0,True,,,
P2P-005882,0.8125,3,False,,Payment Rejected,Invoice Matched | Payment Authorized
P2P-005883,0.9230769230769231,1,False,Manager Approval,,
P2P-005884,1.0,0,True,,,
P2P-005885,0.8666666666666667,2,False,,Request Reworked,Manager Approval
P2P-005886,0.8461538461538461,2,False,Manager Approval,Delivery Delayed,
P2P-005887,1.0,0,True,,,
P2P-005888,0.7647058823529411,4,False,,Corrected Invoice Received | Duplicate Check Failed | Invoice Rejected,Invoice Duplicate Check
P2P-005889,1.0,0,True,,,
P2P-005890,1.0,0,True,,,
P2P-005891,1.0,0,True,,,
P2P-005892,0.8666666666666667,2,False,,Invoice Blocked | Invoice Corrected,
P2P-005893,0.9230769230769231,1,False,Manager Approval,,
P2P-005894,0.7647058823529411,4,False,,Corrected Invoice Received | Duplicate Check Failed | Invoice Rejected,Invoice Duplicate Check
P2P-005895,0.8125,3,False,,Delivery Delayed | Invoice Blocked | Invoice Corrected,
P2P-005896,1.0,0,True,,,
P2P-005897,0.9285714285714286,1,False,,Delivery Delayed,
P2P-005898,0.8666666666666667,2,False,,Request Reworked,Manager Approval
P2P-005899,1.0,0,True,,,
P2P-005900,0.8666666666666667,2,False,,Request Reworked,Manager Approval
P2P-005901,1.0,0,True,,,
P2P-005902,1.0,0,True,,,
P2P-005903,0.8461538461538461,2,False,Manager Approval,Delivery Delayed,
P2P-005904,0.8666666666666667,2,False,,Request Reworked,Manager Approval
P2P-005905,0.9230769230769231,1,False,Manager Approval,,
P2P-005906,0.8461538461538461,2,False,Manager Approval,Delivery Delayed,
P2P-005907,1.0,0,True,,,
P2P-005908,0.9230769230769231,1,False,Manager Approval,,
P2P-005909,0.8125,3,False,,Payment Rejected,Invoice Matched | Payment Authorized
P2P-005910,0.9230769230769231,1,False,Manager Approval,,
P2P-005911,0.8125,3,False,,Delivery Delayed | Invoice Blocked | Invoice Corrected,
P2P-005912,0.8666666666666667,2,False,,Invoice Blocked | Invoice Corrected,
P2P-005913,1.0,0,True,,,
P2P-005914,0.8666666666666667,2,False,,Invoice Blocked | Invoice Corrected,
P2P-005915,1.0,0,True,,,
P2P-005916,0.8666666666666667,2,False,,Invoice Blocked | Invoice Corrected,
P2P-005917,0.7647058823529411,4,False,,Corrected Invoice Received | Duplicate Check Failed | Invoice Rejected,Invoice Duplicate Check
P2P-005918,0.8666666666666667,2,False,,Request Reworked,Manager Approval
P2P-005919,0.8666666666666667,2,False,,Invoice Blocked | Invoice Corrected,
P2P-005920,0.8666666666666667,2,False,,Invoice Blocked | Invoice Corrected,
P2P-005921,1.0,0,True,,,
P2P-005922,0.8461538461538461,2,False,Manager Approval,Delivery Delayed,
P2P-005923,1.0,0,True,,,
P2P-005924,0.7857142857142857,3,False,,Three-Way Match Failed,
P2P-005925,0.8666666666666667,2,False,,Request Reworked,Manager Approval
P2P-005926,0.8666666666666667,2,False,,Invoice Blocked | Invoice Corrected,
P2P-005927,1.0,0,True,,,
P2P-005928,1.0,0,True,,,
P2P-005929,0.8666666666666667,2,False,,Request Reworked,Manager Approval
P2P-005930,0.8666666666666667,2,False,,Request Reworked,Manager Approval
P2P-005931,0.8125,3,False,,Payment Rejected,Invoice Matched | Payment Authorized
P2P-005932,1.0,0,True,,,
P2P-005933,0.9230769230769231,1,False,Manager Approval,,
P2P-005934,0.8666666666666667,2,False,,Request Reworked,Manager Approval
P2P-005935,1.0,0,True,,,
P2P-005936,0.7857142857142857,3,False,,Three-Way Match Failed,
P2P-005937,0.9285714285714286,1,False,,Delivery Delayed,
P2P-005938,1.0,0,True,,,
P2P-005939,0.8125,3,False,,Delivery Delayed | Invoice Blocked | Invoice Corrected,
P2P-005940,1.0,0,True,,,
P2P-005941,1.0,0,True,,,
P2P-005942,0.7647058823529411,4,False,,Corrected Invoice Received | Duplicate Check Failed | Invoice Rejected,Invoice Duplicate Check
P2P-005943,1.0,0,True,,,
P2P-005944,0.8666666666666667,2,False,,Request Reworked,Manager Approval
P2P-005945,0.8666666666666667,2,False,,Request Reworked,Manager Approval
P2P-005946,0.8125,3,False,,Delivery Delayed | Invoice Blocked | Invoice Corrected,
P2P-005947,1.0,0,True,,,
P2P-005948,1.0,0,True,,,
P2P-005949,0.8666666666666667,2,False,,Request Reworked,Manager Approval
P2P-005950,1.0,0,True,,,
P2P-005951,0.8666666666666667,2,False,,Request Reworked,Manager Approval
P2P-005952,0.9285714285714286,1,False,,Delivery Delayed,
P2P-005953,1.0,0,True,,,
P2P-005954,0.9230769230769231,1,False,Manager Approval,,
P2P-005955,1.0,0,True,,,
P2P-005956,1.0,0,True,,,
P2P-005957,1.0,0,True,,,
P2P-005958,1.0,0,True,,,
P2P-005959,0.7857142857142857,3,False,,Three-Way Match Failed,
P2P-005960,0.8666666666666667,2,False,,Invoice Blocked | Invoice Corrected,
P2P-005961,1.0,0,True,,,
P2P-005962,0.8666666666666667,2,False,,Request Reworked,Manager Approval
P2P-005963,0.9230769230769231,1,False,Manager Approval,,
P2P-005964,0.8666666666666667,2,False,,Request Reworked,Manager Approval
P2P-005965,0.8666666666666667,2,False,,Invoice Blocked | Invoice Corrected,
P2P-005966,0.8666666666666667,2,False,,Request Reworked,Manager Approval
P2P-005967,0.8666666666666667,2,False,,Invoice Blocked | Invoice Corrected,
P2P-005968,0.8666666666666667,2,False,,Invoice Blocked | Invoice Corrected,
P2P-005969,0.8666666666666667,2,False,,Request Reworked,Manager Approval
P2P-005970,1.0,0,True,,,
P2P-005971,1.0,0,True,,,
P2P-005972,0.9230769230769231,1,False,Manager Approval,,
P2P-005973,0.8666666666666667,2,False,,Request Reworked,Manager Approval
P2P-005974,0.8666666666666667,2,False,,Request Reworked,Manager Approval
P2P-005975,0.7857142857142857,3,False,,Three-Way Match Failed,
P2P-005976,1.0,0,True,,,
P2P-005977,0.8666666666666667,2,False,,Request Reworked,Manager Approval
P2P-005978,1.0,0,True,,,
P2P-005979,1.0,0,True,,,
P2P-005980,0.8666666666666667,2,False,,Invoice Blocked | Invoice Corrected,
P2P-005981,1.0,0,True,,,
P2P-005982,0.9230769230769231,1,False,Manager Approval,,
P2P-005983,1.0,0,True,,,
P2P-005984,1.0,0,True,,,
P2P-005985,0.7857142857142857,3,False,,Three-Way Match Failed,
P2P-005986,1.0,0,True,,,
P2P-005987,0.9230769230769231,1,False,Manager Approval,,
P2P-005988,1.0,0,True,,,
P2P-005989,1.0,0,True,,,
P2P-005990,0.9285714285714286,1,False,,Delivery Delayed,
P2P-005991,1.0,0,True,,,
P2P-005992,1.0,0,True,,,
P2P-005993,0.7857142857142857,3,False,,Three-Way Match Failed,
P2P-005994,0.8666666666666667,2,False,,Invoice Blocked | Invoice Corrected,
P2P-005995,0.7857142857142857,3,False,,Three-Way Match Failed,
P2P-005996,1.0,0,True,,,
P2P-005997,0.8666666666666667,2,False,,Invoice Blocked | Invoice Corrected,
P2P-005998,0.9230769230769231,1,False,Manager Approval,,
P2P-005999,0.8125,3,False,,Payment Rejected,Invoice Matched | Payment Authorized
P2P-006000,0.8666666666666667,2,False,,Request Reworked,Manager Approval
P2P-006001,0.7647058823529411,4,False,,Corrected Invoice Received | Duplicate Check Failed | Invoice Rejected,Invoice Duplicate Check
P2P-006002,1.0,0,True,,,
P2P-006003,0.9285714285714286,1,False,,Delivery Delayed,
P2P-006004,1.0,0,True,,,
P2P-006005,1.0,0,True,,,
P2P-006006,1.0,0,True,,,
P2P-006007,1.0,0,True,,,
P2P-006008,0.7857142857142857,3,False,,Three-Way Match Failed,
P2P-006009,0.9285714285714286,1,False,,Delivery Delayed,
P2P-006010,0.9285714285714286,1,False,,Delivery Delayed,
P2P-006011,0.8125,3,False,,Payment Rejected,Invoice Matched | Payment Authorized
P2P-006012,1.0,0,True,,,
P2P-006013,1.0,0,True,,,
P2P-006014,1.0,0,True,,,
P2P-006015,1.0,0,True,,,
P2P-006016,0.7857142857142857,3,False,,Three-Way Match Failed,
P2P-006017,1.0,0,True,,,
P2P-006018,0.8666666666666667,2,False,,Invoice Blocked | Invoice Corrected,
P2P-006019,0.8125,3,False,,Delivery Delayed | Invoice Blocked | Invoice Corrected,
P2P-006020,0.7857142857142857,3,False,,Three-Way Match Failed,
P2P-006021,1.0,0,True,,,
P2P-006022,0.7647058823529411,4,False,,Corrected Invoice Received | Duplicate Check Failed | Invoice Rejected,Invoice Duplicate Check
P2P-006023,1.0,0,True,,,
P2P-006024,0.8666666666666667,2,False,,Request Reworked,Manager Approval
P2P-006025,0.9230769230769231,1,False,Manager Approval,,
P2P-006026,1.0,0,True,,,
P2P-006027,1.0,0,True,,,
P2P-006028,0.7857142857142857,3,False,,Three-Way Match Failed,
P2P-006029,0.9230769230769231,1,False,Manager Approval,,
P2P-006030,0.8461538461538461,2,False,Manager Approval,Delivery Delayed,
P2P-006031,1.0,0,True,,,
P2P-006032,1.0,0,True,,,
P2P-006033,0.8125,3,False,,Payment Rejected,Invoice Matched | Payment Authorized
P2P-006034,1.0,0,True,,,
P2P-006035,0.8666666666666667,2,False,,Request Reworked,Manager Approval
P2P-006036,1.0,0,True,,,
P2P-006037,0.7647058823529411,4,False,,Corrected Invoice Received | Duplicate Check Failed | Invoice Rejected,Invoice Duplicate Check
P2P-006038,1.0,0,True,,,
P2P-006039,0.7857142857142857,3,False,,Three-Way Match Failed,
P2P-006040,0.8125,3,False,,Payment Rejected,Invoice Matched | Payment Authorized
P2P-006041,0.8666666666666667,2,False,,Request Reworked,Manager Approval
P2P-006042,0.8666666666666667,2,False,,Request Reworked,Manager Approval
P2P-006043,0.7647058823529411,4,False,,Corrected Invoice Received | Duplicate Check Failed | Invoice Rejected,Invoice Duplicate Check
P2P-006044,1.0,0,True,,,
P2P-006045,0.8666666666666667,2,False,,Request Reworked,Manager Approval
P2P-006046,0.8461538461538461,2,False,Manager Approval,Delivery Delayed,
P2P-006047,1.0,0,True,,,
P2P-006048,1.0,0,True,,,
P2P-006049,0.8666666666666667,2,False,,Request Reworked,Manager Approval
P2P-006050,0.7857142857142857,3,False,,Three-Way Match Failed,
P2P-006051,0.9230769230769231,1,False,Manager Approval,,
P2P-006052,0.7647058823529411,4,False,,Delivery Delayed | Payment Rejected,Invoice Matched | Payment Authorized
P2P-006053,1.0,0,True,,,
P2P-006054,0.8461538461538461,2,False,Manager Approval,Delivery Delayed,
P2P-006055,1.0,0,True,,,
P2P-006056,0.9285714285714286,1,False,,Delivery Delayed,
P2P-006057,1.0,0,True,,,
P2P-006058,1.0,0,True,,,
P2P-006059,1.0,0,True,,,
P2P-006060,1.0,0,True,,,
P2P-006061,0.7647058823529411,4,False,,Delivery Delayed | Payment Rejected,Invoice Matched | Payment Authorized
P2P-006062,0.9285714285714286,1,False,,Delivery Delayed,
P2P-006063,0.7857142857142857,3,False,,Three-Way Match Failed,
P2P-006064,1.0,0,True,,,
P2P-006065,1.0,0,True,,,
P2P-006066,0.9230769230769231,1,False,Manager Approval,,
P2P-006067,0.9285714285714286,1,False,,Delivery Delayed,
P2P-006068,0.9230769230769231,1,False,Manager Approval,,
P2P-006069,0.8666666666666667,2,False,,Invoice Blocked | Invoice Corrected,
P2P-006070,0.7857142857142857,3,False,,Three-Way Match Failed,
P2P-006071,0.9230769230769231,1,False,Manager Approval,,
P2P-006072,0.9230769230769231,1,False,Manager Approval,,
P2P-006073,1.0,0,True,,,
P2P-006074,0.8666666666666667,2,False,,Request Reworked,Manager Approval
P2P-006075,0.8125,3,False,,Payment Rejected,Invoice Matched | Payment Authorized
P2P-006076,0.9230769230769231,1,False,Manager Approval,,
P2P-006077,0.7857142857142857,3,False,,Three-Way Match Failed,
P2P-006078,0.9230769230769231,1,False,Manager Approval,,
P2P-006079,0.8125,3,False,,Delivery Delayed | Invoice Blocked | Invoice Corrected,
P2P-006080,1.0,0,True,,,
P2P-006081,1.0,0,True,,,
P2P-006082,0.8125,3,False,,Delivery Delayed | Invoice Blocked | Invoice Corrected,
P2P-006083,1.0,0,True,,,
P2P-006084,0.9230769230769231,1,False,Manager Approval,,
P2P-006085,0.9230769230769231,1,False,Manager Approval,,
P2P-006086,0.7647058823529411,4,False,,Corrected Invoice Received | Duplicate Check Failed | Invoice Rejected,Invoice Duplicate Check
P2P-006087,0.9230769230769231,1,False,Manager Approval,,
P2P-006088,0.8666666666666667,2,False,,Invoice Blocked | Invoice Corrected,
P2P-006089,0.8125,3,False,,Payment Rejected,Invoice Matched | Payment Authorized
P2P-006090,1.0,0,True,,,
P2P-006091,1.0,0,True,,,
P2P-006092,0.8666666666666667,2,False,,Request Reworked,Manager Approval
P2P-006093,0.8666666666666667,2,False,,Request Reworked,Manager Approval
P2P-006094,1.0,0,True,,,
P2P-006095,1.0,0,True,,,
P2P-006096,0.7647058823529411,4,False,,Corrected Invoice Received | Duplicate Check Failed | Invoice Rejected,Invoice Duplicate Check
P2P-006097,0.7857142857142857,3,False,,Three-Way Match Failed,
P2P-006098,0.7647058823529411,4,False,,Corrected Invoice Received | Duplicate Check Failed | Invoice Rejected,Invoice Duplicate Check
P2P-006099,0.9285714285714286,1,False,,Delivery Delayed,
P2P-006100,0.8666666666666667,2,False,,Request Reworked,Manager Approval
P2P-006101,0.9230769230769231,1,False,Manager Approval,,
P2P-006102,1.0,0,True,,,
P2P-006103,1.0,0,True,,,
P2P-006104,0.9230769230769231,1,False,Manager Approval,,
P2P-006105,1.0,0,True,,,
P2P-006106,0.8125,3,False,,Delivery Delayed | Request Reworked,Manager Approval
P2P-006107,0.8125,3,False,,Delivery Delayed | Request Reworked,Manager Approval
P2P-006108,0.8666666666666667,2,False,,Request Reworked,Manager Approval
P2P-006109,1.0,0,True,,,
P2P-006110,0.8666666666666667,2,False,,Invoice Blocked | Invoice Corrected,
P2P-006111,0.8666666666666667,2,False,,Request Reworked,Manager Approval
P2P-006112,0.9230769230769231,1,False,Manager Approval,,
P2P-006113,0.8666666666666667,2,False,,Invoice Blocked | Invoice Corrected,
P2P-006114,0.8666666666666667,2,False,,Request Reworked,Manager Approval
P2P-006115,0.7857142857142857,3,False,,Three-Way Match Failed,
P2P-006116,1.0,0,True,,,
P2P-006117,1.0,0,True,,,
P2P-006118,1.0,0,True,,,
P2P-006119,1.0,0,True,,,
P2P-006120,1.0,0,True,,,
P2P-006121,0.8125,3,False,,Delivery Delayed | Request Reworked,Manager Approval
P2P-006122,1.0,0,True,,,
P2P-006123,1.0,0,True,,,
P2P-006124,1.0,0,True,,,
P2P-006125,0.9285714285714286,1,False,,Delivery Delayed,
P2P-006126,0.8666666666666667,2,False,,Invoice Blocked | Invoice Corrected,
P2P-006127,1.0,0,True,,,
P2P-006128,0.8666666666666667,2,False,,Invoice Blocked | Invoice Corrected,
P2P-006129,0.8125,3,False,,Payment Rejected,Invoice Matched | Payment Authorized
P2P-006130,0.9230769230769231,1,False,Manager Approval,,
P2P-006131,0.8666666666666667,2,False,,Request Reworked,Manager Approval
P2P-006132,0.8666666666666667,2,False,,Invoice Blocked | Invoice Corrected,
P2P-006133,0.9230769230769231,1,False,Manager Approval,,
P2P-006134,1.0,0,True,,,
P2P-006135,0.8666666666666667,2,False,,Request Reworked,Manager Approval
P2P-006136,0.8666666666666667,2,False,,Invoice Blocked | Invoice Corrected,
P2P-006137,0.7647058823529411,4,False,,Delivery Delayed | Payment Rejected,Invoice Matched | Payment Authorized
P2P-006138,1.0,0,True,,,
P2P-006139,0.7857142857142857,3,False,,Three-Way Match Failed,
P2P-006140,1.0,0,True,,,
P2P-006141,1.0,0,True,,,
P2P-006142,0.9230769230769231,1,False,Manager Approval,,
P2P-006143,0.8125,3,False,,Delivery Delayed | Request Reworked,Manager Approval
P2P-006144,1.0,0,True,,,
P2P-006145,1.0,0,True,,,
P2P-006146,0.9285714285714286,1,False,,Delivery Delayed,
P2P-006147,0.9230769230769231,1,False,Manager Approval,,
P2P-006148,0.9230769230769231,1,False,Manager Approval,,
P2P-006149,1.0,0,True,,,
P2P-006150,0.7857142857142857,3,False,,Three-Way Match Failed,
P2P-006151,0.8125,3,False,,Delivery Delayed | Invoice Blocked | Invoice Corrected,
P2P-006152,1.0,0,True,,,
P2P-006153,0.9285714285714286,1,False,,Delivery Delayed,
P2P-006154,0.8125,3,False,,Delivery Delayed | Invoice Blocked | Invoice Corrected,
P2P-006155,1.0,0,True,,,
P2P-006156,0.8666666666666667,2,False,,Invoice Blocked | Invoice Corrected,
P2P-006157,1.0,0,True,,,
P2P-006158,1.0,0,True,,,
P2P-006159,0.8666666666666667,2,False,,Request Reworked,Manager Approval
P2P-006160,0.7857142857142857,3,False,,Three-Way Match Failed,
P2P-006161,0.8125,3,False,,Delivery Delayed | Request Reworked,Manager Approval
P2P-006162,1.0,0,True,,,
P2P-006163,1.0,0,True,,,
P2P-006164,1.0,0,True,,,
P2P-006165,0.8666666666666667,2,False,,Request Reworked,Manager Approval
P2P-006166,1.0,0,True,,,
P2P-006167,1.0,0,True,,,
P2P-006168,1.0,0,True,,,
P2P-006169,1.0,0,True,,,
P2P-006170,0.8125,3,False,,Payment Rejected,Invoice Matched | Payment Authorized
P2P-006171,0.7222222222222222,5,False,,Corrected Invoice Received | Delivery Delayed | Duplicate Check Failed | Invoice Rejected,Invoice Duplicate Check
P2P-006172,1.0,0,True,,,
P2P-006173,0.9285714285714286,1,False,,Delivery Delayed,
P2P-006174,0.8666666666666667,2,False,,Invoice Blocked | Invoice Corrected,
P2P-006175,0.8666666666666667,2,False,,Invoice Blocked | Invoice Corrected,
P2P-006176,0.8666666666666667,2,False,,Invoice Blocked | Invoice Corrected,
P2P-006177,0.8666666666666667,2,False,,Request Reworked,Manager Approval
P2P-006178,0.8,3,False,,Delivery Delayed | Three-Way Match Failed,
P2P-006179,1.0,0,True,,,
P2P-006180,1.0,0,True,,,
P2P-006181,0.8666666666666667,2,False,,Invoice Blocked | Invoice Corrected,
P2P-006182,0.7647058823529411,4,False,,Corrected Invoice Received | Duplicate Check Failed | Invoice Rejected,Invoice Duplicate Check
P2P-006183,1.0,0,True,,,
P2P-006184,1.0,0,True,,,
P2P-006185,0.7857142857142857,3,False,,Three-Way Match Failed,
P2P-006186,0.7647058823529411,4,False,,Corrected Invoice Received | Duplicate Check Failed | Invoice Rejected,Invoice Duplicate Check
P2P-006187,1.0,0,True,,,
P2P-006188,1.0,0,True,,,
P2P-006189,0.8666666666666667,2,False,,Request Reworked,Manager Approval
P2P-006190,0.8666666666666667,2,False,,Request Reworked,Manager Approval
P2P-006191,1.0,0,True,,,
P2P-006192,1.0,0,True,,,
P2P-006193,1.0,0,True,,,
P2P-006194,1.0,0,True,,,
P2P-006195,1.0,0,True,,,
P2P-006196,0.8666666666666667,2,False,,Invoice Blocked | Invoice Corrected,
P2P-006197,0.8461538461538461,2,False,Manager Approval,Delivery Delayed,
P2P-006198,1.0,0,True,,,
P2P-006199,0.8125,3,False,,Delivery Delayed | Request Reworked,Manager Approval
P2P-006200,0.9230769230769231,1,False,Manager Approval,,
P2P-006201,0.8,3,False,,Delivery Delayed | Three-Way Match Failed,
P2P-006202,1.0,0,True,,,
P2P-006203,1.0,0,True,,,
P2P-006204,0.8666666666666667,2,False,,Request Reworked,Manager Approval
P2P-006205,0.8125,3,False,,Payment Rejected,Invoice Matched | Payment Authorized
P2P-006206,0.9285714285714286,1,False,,Delivery Delayed,
P2P-006207,0.9230769230769231,1,False,Manager Approval,,
P2P-006208,0.9230769230769231,1,False,Manager Approval,,
P2P-006209,1.0,0,True,,,
P2P-006210,1.0,0,True,,,
P2P-006211,1.0,0,True,,,
P2P-006212,0.7857142857142857,3,False,,Three-Way Match Failed,
P2P-006213,0.8125,3,False,,Payment Rejected,Invoice Matched | Payment Authorized
P2P-006214,0.7857142857142857,3,False,,Three-Way Match Failed,
P2P-006215,0.7647058823529411,4,False,,Corrected Invoice Received | Duplicate Check Failed | Invoice Rejected,Invoice Duplicate Check
P2P-006216,1.0,0,True,,,
P2P-006217,1.0,0,True,,,
P2P-006218,1.0,0,True,,,
P2P-006219,0.8666666666666667,2,False,,Invoice Blocked | Invoice Corrected,
P2P-006220,1.0,0,True,,,
P2P-006221,1.0,0,True,,,
P2P-006222,1.0,0,True,,,
P2P-006223,0.7647058823529411,4,False,,Corrected Invoice Received | Duplicate Check Failed | Invoice Rejected,Invoice Duplicate Check
P2P-006224,0.9230769230769231,1,False,Manager Approval,,
P2P-006225,0.9285714285714286,1,False,,Delivery Delayed,
P2P-006226,0.7857142857142857,3,False,,Three-Way Match Failed,
P2P-006227,0.7647058823529411,4,False,,Corrected Invoice Received | Duplicate Check Failed | Invoice Rejected,Invoice Duplicate Check
P2P-006228,1.0,0,True,,,
P2P-006229,1.0,0,True,,,
P2P-006230,1.0,0,True,,,
P2P-006231,0.8125,3,False,,Payment Rejected,Invoice Matched | Payment Authorized
P2P-006232,0.7857142857142857,3,False,,Three-Way Match Failed,
P2P-006233,0.9285714285714286,1,False,,Delivery Delayed,
P2P-006234,0.9230769230769231,1,False,Manager Approval,,
P2P-006235,0.9230769230769231,1,False,Manager Approval,,
P2P-006236,0.8666666666666667,2,False,,Request Reworked,Manager Approval
P2P-006237,0.8666666666666667,2,False,,Request Reworked,Manager Approval
P2P-006238,0.9230769230769231,1,False,Manager Approval,,
P2P-006239,1.0,0,True,,,
P2P-006240,1.0,0,True,,,
P2P-006241,0.9230769230769231,1,False,Manager Approval,,
P2P-006242,1.0,0,True,,,
P2P-006243,0.8666666666666667,2,False,,Invoice Blocked | Invoice Corrected,
P2P-006244,1.0,0,True,,,
P2P-006245,1.0,0,True,,,
P2P-006246,0.8125,3,False,,Payment Rejected,Invoice Matched | Payment Authorized
P2P-006247,1.0,0,True,,,
P2P-006248,1.0,0,True,,,
P2P-006249,0.7647058823529411,4,False,,Corrected Invoice Received | Duplicate Check Failed | Invoice Rejected,Invoice Duplicate Check
P2P-006250,0.8,3,False,,Delivery Delayed | Three-Way Match Failed,
P2P-006251,1.0,0,True,,,
P2P-006252,1.0,0,True,,,
P2P-006253,1.0,0,True,,,
P2P-006254,0.9230769230769231,1,False,Manager Approval,,
P2P-006255,0.8,3,False,,Delivery Delayed | Three-Way Match Failed,
P2P-006256,0.7647058823529411,4,False,,Corrected Invoice Received | Duplicate Check Failed | Invoice Rejected,Invoice Duplicate Check
P2P-006257,1.0,0,True,,,
P2P-006258,0.8666666666666667,2,False,,Request Reworked,Manager Approval
P2P-006259,0.8666666666666667,2,False,,Request Reworked,Manager Approval
P2P-006260,0.9285714285714286,1,False,,Delivery Delayed,
P2P-006261,0.7857142857142857,3,False,,Three-Way Match Failed,
P2P-006262,1.0,0,True,,,
P2P-006263,0.8125,3,False,,Payment Rejected,Invoice Matched | Payment Authorized
P2P-006264,1.0,0,True,,,
P2P-006265,1.0,0,True,,,
P2P-006266,0.8461538461538461,2,False,Manager Approval,Delivery Delayed,
P2P-006267,1.0,0,True,,,
P2P-006268,0.8666666666666667,2,False,,Request Reworked,Manager Approval
P2P-006269,1.0,0,True,,,
P2P-006270,1.0,0,True,,,
P2P-006271,1.0,0,True,,,
P2P-006272,1.0,0,True,,,
P2P-006273,0.8125,3,False,,Delivery Delayed | Invoice Blocked | Invoice Corrected,
P2P-006274,0.8666666666666667,2,False,,Request Reworked,Manager Approval
P2P-006275,0.8666666666666667,2,False,,Invoice Blocked | Invoice Corrected,
P2P-006276,1.0,0,True,,,
P2P-006277,1.0,0,True,,,
P2P-006278,1.0,0,True,,,
P2P-006279,0.8666666666666667,2,False,,Invoice Blocked | Invoice Corrected,
P2P-006280,1.0,0,True,,,
P2P-006281,1.0,0,True,,,
P2P-006282,1.0,0,True,,,
P2P-006283,0.9285714285714286,1,False,,Delivery Delayed,
P2P-006284,0.8666666666666667,2,False,,Request Reworked,Manager Approval
P2P-006285,1.0,0,True,,,
P2P-006286,1.0,0,True,,,
P2P-006287,0.7857142857142857,3,False,,Three-Way Match Failed,
P2P-006288,0.7857142857142857,3,False,,Three-Way Match Failed,
P2P-006289,0.7647058823529411,4,False,,Corrected Invoice Received | Duplicate Check Failed | Invoice Rejected,Invoice Duplicate Check
P2P-006290,0.7857142857142857,3,False,,Three-Way Match Failed,
P2P-006291,1.0,0,True,,,
P2P-006292,1.0,0,True,,,
P2P-006293,0.9230769230769231,1,False,Manager Approval,,
P2P-006294,1.0,0,True,,,
P2P-006295,1.0,0,True,,,
P2P-006296,0.8666666666666667,2,False,,Request Reworked,Manager Approval
P2P-006297,1.0,0,True,,,
P2P-006298,1.0,0,True,,,
P2P-006299,1.0,0,True,,,
P2P-006300,0.8,3,False,,Delivery Delayed | Three-Way Match Failed,
P2P-006301,1.0,0,True,,,
P2P-006302,1.0,0,True,,,
P2P-006303,0.8666666666666667,2,False,,Request Reworked,Manager Approval
P2P-006304,0.8666666666666667,2,False,,Request Reworked,Manager Approval
P2P-006305,0.8125,3,False,,Payment Rejected,Invoice Matched | Payment Authorized
P2P-006306,0.7857142857142857,3,False,,Three-Way Match Failed,
P2P-006307,1.0,0,True,,,
P2P-006308,0.8125,3,False,,Payment Rejected,Invoice Matched | Payment Authorized
P2P-006309,0.8666666666666667,2,False,,Request Reworked,Manager Approval
P2P-006310,0.8125,3,False,,Payment Rejected,Invoice Matched | Payment Authorized
P2P-006311,1.0,0,True,,,
P2P-006312,0.9285714285714286,1,False,,Delivery Delayed,
P2P-006313,1.0,0,True,,,
P2P-006314,1.0,0,True,,,
P2P-006315,0.9285714285714286,1,False,,Delivery Delayed,
P2P-006316,0.7857142857142857,3,False,,Three-Way Match Failed,
P2P-006317,1.0,0,True,,,
P2P-006318,1.0,0,True,,,
P2P-006319,0.9285714285714286,1,False,,Delivery Delayed,
P2P-006320,1.0,0,True,,,
P2P-006321,0.9230769230769231,1,False,Manager Approval,,
P2P-006322,1.0,0,True,,,
P2P-006323,0.8125,3,False,,Delivery Delayed | Invoice Blocked | Invoice Corrected,
P2P-006324,1.0,0,True,,,
P2P-006325,1.0,0,True,,,
P2P-006326,0.8125,3,False,,Payment Rejected,Invoice Matched | Payment Authorized
P2P-006327,0.9230769230769231,1,False,Manager Approval,,
P2P-006328,0.8666666666666667,2,False,,Request Reworked,Manager Approval
P2P-006329,0.7857142857142857,3,False,,Three-Way Match Failed,
P2P-006330,1.0,0,True,,,
P2P-006331,0.7857142857142857,3,False,,Three-Way Match Failed,
P2P-006332,0.8666666666666667,2,False,,Request Reworked,Manager Approval
P2P-006333,0.8666666666666667,2,False,,Invoice Blocked | Invoice Corrected,
P2P-006334,1.0,0,True,,,
P2P-006335,0.9230769230769231,1,False,Manager Approval,,
P2P-006336,0.9285714285714286,1,False,,Delivery Delayed,
P2P-006337,1.0,0,True,,,
P2P-006338,1.0,0,True,,,
P2P-006339,1.0,0,True,,,
P2P-006340,1.0,0,True,,,
P2P-006341,0.7222222222222222,5,False,,Corrected Invoice Received | Delivery Delayed | Duplicate Check Failed | Invoice Rejected,Invoice Duplicate Check
P2P-006342,1.0,0,True,,,
P2P-006343,0.7647058823529411,4,False,,Corrected Invoice Received | Duplicate Check Failed | Invoice Rejected,Invoice Duplicate Check
P2P-006344,0.8,3,False,,Delivery Delayed | Three-Way Match Failed,
P2P-006345,0.9230769230769231,1,False,Manager Approval,,
P2P-006346,0.7857142857142857,3,False,,Three-Way Match Failed,
P2P-006347,1.0,0,True,,,
P2P-006348,1.0,0,True,,,
P2P-006349,1.0,0,True,,,
P2P-006350,0.9285714285714286,1,False,,Delivery Delayed,
P2P-006351,0.9285714285714286,1,False,,Delivery Delayed,
P2P-006352,0.9230769230769231,1,False,Manager Approval,,
P2P-006353,1.0,0,True,,,
P2P-006354,0.8666666666666667,2,False,,Request Reworked,Manager Approval
P2P-006355,1.0,0,True,,,
P2P-006356,0.7647058823529411,4,False,,Corrected Invoice Received | Duplicate Check Failed | Invoice Rejected,Invoice Duplicate Check
P2P-006357,0.7857142857142857,3,False,,Three-Way Match Failed,
P2P-006358,0.8666666666666667,2,False,,Request Reworked,Manager Approval
P2P-006359,0.8666666666666667,2,False,,Invoice Blocked | Invoice Corrected,
P2P-006360,1.0,0,True,,,
P2P-006361,1.0,0,True,,,
P2P-006362,0.7857142857142857,3,False,,Three-Way Match Failed,
P2P-006363,1.0,0,True,,,
P2P-006364,0.7857142857142857,3,False,,Three-Way Match Failed,
P2P-006365,1.0,0,True,,,
P2P-006366,1.0,0,True,,,
P2P-006367,0.8461538461538461,2,False,Manager Approval,Delivery Delayed,
P2P-006368,0.9285714285714286,1,False,,Delivery Delayed,
P2P-006369,1.0,0,True,,,
P2P-006370,1.0,0,True,,,
P2P-006371,0.9230769230769231,1,False,Manager Approval,,
P2P-006372,0.7647058823529411,4,False,,Corrected Invoice Received | Duplicate Check Failed | Invoice Rejected,Invoice Duplicate Check
P2P-006373,1.0,0,True,,,
P2P-006374,1.0,0,True,,,
P2P-006375,0.9285714285714286,1,False,,Delivery Delayed,
P2P-006376,0.7857142857142857,3,False,,Three-Way Match Failed,
P2P-006377,0.8666666666666667,2,False,,Request Reworked,Manager Approval
P2P-006378,0.8461538461538461,2,False,Manager Approval,Delivery Delayed,
P2P-006379,0.8125,3,False,,Payment Rejected,Invoice Matched | Payment Authorized
P2P-006380,1.0,0,True,,,
P2P-006381,0.7857142857142857,3,False,,Three-Way Match Failed,
P2P-006382,0.9230769230769231,1,False,Manager Approval,,
P2P-006383,1.0,0,True,,,
P2P-006384,0.8666666666666667,2,False,,Invoice Blocked | Invoice Corrected,
P2P-006385,0.8666666666666667,2,False,,Invoice Blocked | Invoice Corrected,
P2P-006386,1.0,0,True,,,
P2P-006387,1.0,0,True,,,
P2P-006388,0.7647058823529411,4,False,,Corrected Invoice Received | Duplicate Check Failed | Invoice Rejected,Invoice Duplicate Check
P2P-006389,1.0,0,True,,,
P2P-006390,0.9230769230769231,1,False,Manager Approval,,
P2P-006391,0.9230769230769231,1,False,Manager Approval,,
P2P-006392,1.0,0,True,,,
P2P-006393,0.8666666666666667,2,False,,Invoice Blocked | Invoice Corrected,
P2P-006394,1.0,0,True,,,
P2P-006395,0.8461538461538461,2,False,Manager Approval,Delivery Delayed,
P2P-006396,1.0,0,True,,,
P2P-006397,0.8,3,False,,Delivery Delayed | Three-Way Match Failed,
P2P-006398,1.0,0,True,,,
P2P-006399,0.9230769230769231,1,False,Manager Approval,,
P2P-006400,0.9230769230769231,1,False,Manager Approval,,
P2P-006401,0.7857142857142857,3,False,,Three-Way Match Failed,
P2P-006402,0.8125,3,False,,Delivery Delayed | Request Reworked,Manager Approval
P2P-006403,0.8125,3,False,,Payment Rejected,Invoice Matched | Payment Authorized
P2P-006404,0.9285714285714286,1,False,,Delivery Delayed,
P2P-006405,0.9285714285714286,1,False,,Delivery Delayed,
P2P-006406,1.0,0,True,,,
P2P-006407,1.0,0,True,,,
P2P-006408,0.9230769230769231,1,False,Manager Approval,,
P2P-006409,0.9230769230769231,1,False,Manager Approval,,
P2P-006410,0.9285714285714286,1,False,,Delivery Delayed,
P2P-006411,0.8666666666666667,2,False,,Request Reworked,Manager Approval
P2P-006412,0.9230769230769231,1,False,Manager Approval,,
P2P-006413,0.8666666666666667,2,False,,Request Reworked,Manager Approval
P2P-006414,1.0,0,True,,,
P2P-006415,1.0,0,True,,,
P2P-006416,1.0,0,True,,,
P2P-006417,0.8125,3,False,,Delivery Delayed | Request Reworked,Manager Approval
P2P-006418,1.0,0,True,,,
P2P-006419,0.8461538461538461,2,False,Manager Approval,Delivery Delayed,
P2P-006420,1.0,0,True,,,
P2P-006421,1.0,0,True,,,
P2P-006422,1.0,0,True,,,
P2P-006423,0.8666666666666667,2,False,,Request Reworked,Manager Approval
P2P-006424,0.9285714285714286,1,False,,Delivery Delayed,
P2P-006425,0.7857142857142857,3,False,,Three-Way Match Failed,
P2P-006426,1.0,0,True,,,
P2P-006427,1.0,0,True,,,
P2P-006428,1.0,0,True,,,
P2P-006429,0.8461538461538461,2,False,Manager Approval,Delivery Delayed,
P2P-006430,0.8666666666666667,2,False,,Request Reworked,Manager Approval
P2P-006431,1.0,0,True,,,
P2P-006432,0.7647058823529411,4,False,,Corrected Invoice Received | Duplicate Check Failed | Invoice Rejected,Invoice Duplicate Check
P2P-006433,1.0,0,True,,,
P2P-006434,0.7857142857142857,3,False,,Three-Way Match Failed,
P2P-006435,1.0,0,True,,,
P2P-006436,0.8666666666666667,2,False,,Request Reworked,Manager Approval
P2P-006437,0.8666666666666667,2,False,,Invoice Blocked | Invoice Corrected,
P2P-006438,0.7647058823529411,4,False,,Corrected Invoice Received | Duplicate Check Failed | Invoice Rejected,Invoice Duplicate Check
P2P-006439,1.0,0,True,,,
P2P-006440,0.8666666666666667,2,False,,Request Reworked,Manager Approval
P2P-006441,0.9230769230769231,1,False,Manager Approval,,
P2P-006442,0.9230769230769231,1,False,Manager Approval,,
P2P-006443,0.9285714285714286,1,False,,Delivery Delayed,
P2P-006444,0.7857142857142857,3,False,,Three-Way Match Failed,
P2P-006445,1.0,0,True,,,
P2P-006446,1.0,0,True,,,
P2P-006447,1.0,0,True,,,
P2P-006448,0.7647058823529411,4,False,,Corrected Invoice Received | Duplicate Check Failed | Invoice Rejected,Invoice Duplicate Check
P2P-006449,0.9230769230769231,1,False,Manager Approval,,
P2P-006450,0.8461538461538461,2,False,Manager Approval,Delivery Delayed,
P2P-006451,0.9285714285714286,1,False,,Delivery Delayed,
P2P-006452,0.7857142857142857,3,False,,Three-Way Match Failed,
P2P-006453,0.7857142857142857,3,False,,Three-Way Match Failed,
P2P-006454,0.9285714285714286,1,False,,Delivery Delayed,
P2P-006455,0.8666666666666667,2,False,,Invoice Blocked | Invoice Corrected,
P2P-006456,0.8666666666666667,2,False,,Request Reworked,Manager Approval
P2P-006457,1.0,0,True,,,
P2P-006458,0.9230769230769231,1,False,Manager Approval,,
P2P-006459,0.8125,3,False,,Payment Rejected,Invoice Matched | Payment Authorized
P2P-006460,0.7857142857142857,3,False,,Three-Way Match Failed,
P2P-006461,0.7647058823529411,4,False,,Corrected Invoice Received | Duplicate Check Failed | Invoice Rejected,Invoice Duplicate Check
P2P-006462,1.0,0,True,,,
P2P-006463,0.7857142857142857,3,False,,Three-Way Match Failed,
P2P-006464,0.9230769230769231,1,False,Manager Approval,,
P2P-006465,0.8125,3,False,,Payment Rejected,Invoice Matched | Payment Authorized
P2P-006466,0.8666666666666667,2,False,,Request Reworked,Manager Approval
P2P-006467,1.0,0,True,,,
P2P-006468,0.7857142857142857,3,False,,Three-Way Match Failed,
P2P-006469,0.7647058823529411,4,False,,Corrected Invoice Received | Duplicate Check Failed | Invoice Rejected,Invoice Duplicate Check
P2P-006470,0.7857142857142857,3,False,,Three-Way Match Failed,
P2P-006471,0.7647058823529411,4,False,,Corrected Invoice Received | Duplicate Check Failed | Invoice Rejected,Invoice Duplicate Check
P2P-006472,1.0,0,True,,,
P2P-006473,1.0,0,True,,,
P2P-006474,0.9230769230769231,1,False,Manager Approval,,
P2P-006475,1.0,0,True,,,
P2P-006476,0.8666666666666667,2,False,,Invoice Blocked | Invoice Corrected,
P2P-006477,1.0,0,True,,,
P2P-006478,0.7647058823529411,4,False,,Corrected Invoice Received | Duplicate Check Failed | Invoice Rejected,Invoice Duplicate Check
P2P-006479,0.7857142857142857,3,False,,Three-Way Match Failed,
P2P-006480,0.9285714285714286,1,False,,Delivery Delayed,
P2P-006481,1.0,0,True,,,
P2P-006482,0.9285714285714286,1,False,,Delivery Delayed,
P2P-006483,1.0,0,True,,,
P2P-006484,0.8666666666666667,2,False,,Invoice Blocked | Invoice Corrected,
P2P-006485,0.9230769230769231,1,False,Manager Approval,,
P2P-006486,0.8666666666666667,2,False,,Invoice Blocked | Invoice Corrected,
P2P-006487,0.8666666666666667,2,False,,Invoice Blocked | Invoice Corrected,
P2P-006488,1.0,0,True,,,
P2P-006489,0.9285714285714286,1,False,,Delivery Delayed,
P2P-006490,1.0,0,True,,,
P2P-006491,0.9285714285714286,1,False,,Delivery Delayed,
P2P-006492,0.8666666666666667,2,False,,Request Reworked,Manager Approval
P2P-006493,0.9230769230769231,1,False,Manager Approval,,
P2P-006494,0.9230769230769231,1,False,Manager Approval,,
P2P-006495,0.8666666666666667,2,False,,Invoice Blocked | Invoice Corrected,
P2P-006496,1.0,0,True,,,
P2P-006497,0.8666666666666667,2,False,,Request Reworked,Manager Approval
P2P-006498,0.9230769230769231,1,False,Manager Approval,,
P2P-006499,0.9285714285714286,1,False,,Delivery Delayed,
P2P-006500,1.0,0,True,,,
P2P-006501,1.0,0,True,,,
P2P-006502,1.0,0,True,,,
P2P-006503,0.8666666666666667,2,False,,Invoice Blocked | Invoice Corrected,
P2P-006504,1.0,0,True,,,
P2P-006505,1.0,0,True,,,
P2P-006506,1.0,0,True,,,
P2P-006507,1.0,0,True,,,
P2P-006508,1.0,0,True,,,
P2P-006509,1.0,0,True,,,
P2P-006510,0.7647058823529411,4,False,,Delivery Delayed | Payment Rejected,Invoice Matched | Payment Authorized
P2P-006511,1.0,0,True,,,
P2P-006512,1.0,0,True,,,
P2P-006513,1.0,0,True,,,
P2P-006514,1.0,0,True,,,
P2P-006515,0.8666666666666667,2,False,,Invoice Blocked | Invoice Corrected,
P2P-006516,1.0,0,True,,,
P2P-006517,1.0,0,True,,,
P2P-006518,1.0,0,True,,,
P2P-006519,1.0,0,True,,,
P2P-006520,0.9230769230769231,1,False,Manager Approval,,
P2P-006521,0.9285714285714286,1,False,,Delivery Delayed,
P2P-006522,1.0,0,True,,,
P2P-006523,0.9285714285714286,1,False,,Delivery Delayed,
P2P-006524,1.0,0,True,,,
P2P-006525,0.9230769230769231,1,False,Manager Approval,,
P2P-006526,1.0,0,True,,,
P2P-006527,1.0,0,True,,,
P2P-006528,0.8461538461538461,2,False,Manager Approval,Delivery Delayed,
P2P-006529,0.9285714285714286,1,False,,Delivery Delayed,
P2P-006530,0.9230769230769231,1,False,Manager Approval,,
P2P-006531,1.0,0,True,,,
P2P-006532,0.8125,3,False,,Payment Rejected,Invoice Matched | Payment Authorized
P2P-006533,0.8125,3,False,,Payment Rejected,Invoice Matched | Payment Authorized
P2P-006534,1.0,0,True,,,
P2P-006535,1.0,0,True,,,
P2P-006536,0.9230769230769231,1,False,Manager Approval,,
P2P-006537,1.0,0,True,,,
P2P-006538,0.8666666666666667,2,False,,Request Reworked,Manager Approval
P2P-006539,1.0,0,True,,,
P2P-006540,1.0,0,True,,,
P2P-006541,1.0,0,True,,,
P2P-006542,0.7647058823529411,4,False,,Corrected Invoice Received | Duplicate Check Failed | Invoice Rejected,Invoice Duplicate Check
P2P-006543,1.0,0,True,,,
P2P-006544,1.0,0,True,,,
P2P-006545,0.8666666666666667,2,False,,Request Reworked,Manager Approval
P2P-006546,1.0,0,True,,,
P2P-006547,0.7857142857142857,3,False,,Three-Way Match Failed,
P2P-006548,0.8125,3,False,,Payment Rejected,Invoice Matched | Payment Authorized
P2P-006549,0.8666666666666667,2,False,,Invoice Blocked | Invoice Corrected,
P2P-006550,1.0,0,True,,,
P2P-006551,1.0,0,True,,,
P2P-006552,1.0,0,True,,,
P2P-006553,0.8125,3,False,,Delivery Delayed | Invoice Blocked | Invoice Corrected,
P2P-006554,1.0,0,True,,,
P2P-006555,0.7222222222222222,5,False,,Corrected Invoice Received | Delivery Delayed | Duplicate Check Failed | Invoice Rejected,Invoice Duplicate Check
P2P-006556,1.0,0,True,,,
P2P-006557,1.0,0,True,,,
P2P-006558,1.0,0,True,,,
P2P-006559,0.7857142857142857,3,False,,Three-Way Match Failed,
P2P-006560,1.0,0,True,,,
P2P-006561,1.0,0,True,,,
P2P-006562,1.0,0,True,,,
P2P-006563,0.8666666666666667,2,False,,Request Reworked,Manager Approval
P2P-006564,0.9230769230769231,1,False,Manager Approval,,
P2P-006565,0.7647058823529411,4,False,,Corrected Invoice Received | Duplicate Check Failed | Invoice Rejected,Invoice Duplicate Check
P2P-006566,0.8666666666666667,2,False,,Request Reworked,Manager Approval
P2P-006567,1.0,0,True,,,
P2P-006568,0.7857142857142857,3,False,,Three-Way Match Failed,
P2P-006569,1.0,0,True,,,
P2P-006570,1.0,0,True,,,
P2P-006571,1.0,0,True,,,
P2P-006572,1.0,0,True,,,
P2P-006573,0.9230769230769231,1,False,Manager Approval,,
P2P-006574,0.7857142857142857,3,False,,Three-Way Match Failed,
P2P-006575,0.8666666666666667,2,False,,Invoice Blocked | Invoice Corrected,
P2P-006576,1.0,0,True,,,
P2P-006577,0.7647058823529411,4,False,,Corrected Invoice Received | Duplicate Check Failed | Invoice Rejected,Invoice Duplicate Check
P2P-006578,1.0,0,True,,,
P2P-006579,0.9230769230769231,1,False,Manager Approval,,
P2P-006580,0.9285714285714286,1,False,,Delivery Delayed,
P2P-006581,0.7647058823529411,4,False,,Corrected Invoice Received | Duplicate Check Failed | Invoice Rejected,Invoice Duplicate Check
P2P-006582,1.0,0,True,,,
P2P-006583,1.0,0,True,,,
P2P-006584,0.8125,3,False,,Delivery Delayed | Request Reworked,Manager Approval
P2P-006585,0.9230769230769231,1,False,Manager Approval,,
P2P-006586,0.9285714285714286,1,False,,Delivery Delayed,
P2P-006587,1.0,0,True,,,
P2P-006588,0.8666666666666667,2,False,,Request Reworked,Manager Approval
P2P-006589,0.8461538461538461,2,False,Manager Approval,Delivery Delayed,
P2P-006590,1.0,0,True,,,
P2P-006591,0.8666666666666667,2,False,,Invoice Blocked | Invoice Corrected,
P2P-006592,1.0,0,True,,,
P2P-006593,0.8125,3,False,,Payment Rejected,Invoice Matched | Payment Authorized
P2P-006594,1.0,0,True,,,
P2P-006595,1.0,0,True,,,
P2P-006596,1.0,0,True,,,
P2P-006597,1.0,0,True,,,
P2P-006598,1.0,0,True,,,
P2P-006599,1.0,0,True,,,
P2P-006600,0.8666666666666667,2,False,,Request Reworked,Manager Approval
P2P-006601,0.8666666666666667,2,False,,Request Reworked,Manager Approval
P2P-006602,0.8125,3,False,,Payment Rejected,Invoice Matched | Payment Authorized
P2P-006603,1.0,0,True,,,
P2P-006604,1.0,0,True,,,
P2P-006605,1.0,0,True,,,
P2P-006606,0.7857142857142857,3,False,,Three-Way Match Failed,
P2P-006607,0.9230769230769231,1,False,Manager Approval,,
P2P-006608,1.0,0,True,,,
P2P-006609,0.8666666666666667,2,False,,Request Reworked,Manager Approval
P2P-006610,0.8666666666666667,2,False,,Request Reworked,Manager Approval
P2P-006611,1.0,0,True,,,
P2P-006612,0.7647058823529411,4,False,,Corrected Invoice Received | Duplicate Check Failed | Invoice Rejected,Invoice Duplicate Check
P2P-006613,0.8461538461538461,2,False,Manager Approval,Delivery Delayed,
P2P-006614,0.8125,3,False,,Payment Rejected,Invoice Matched | Payment Authorized
P2P-006615,0.9230769230769231,1,False,Manager Approval,,
P2P-006616,1.0,0,True,,,
P2P-006617,0.8125,3,False,,Payment Rejected,Invoice Matched | Payment Authorized
P2P-006618,1.0,0,True,,,
P2P-006619,0.9230769230769231,1,False,Manager Approval,,
P2P-006620,0.7857142857142857,3,False,,Three-Way Match Failed,
P2P-006621,1.0,0,True,,,
P2P-006622,1.0,0,True,,,
P2P-006623,0.8666666666666667,2,False,,Request Reworked,Manager Approval
P2P-006624,1.0,0,True,,,
P2P-006625,0.8666666666666667,2,False,,Invoice Blocked | Invoice Corrected,
P2P-006626,0.8125,3,False,,Delivery Delayed | Invoice Blocked | Invoice Corrected,
P2P-006627,1.0,0,True,,,
P2P-006628,1.0,0,True,,,
P2P-006629,1.0,0,True,,,
P2P-006630,0.7857142857142857,3,False,,Three-Way Match Failed,
P2P-006631,0.8666666666666667,2,False,,Request Reworked,Manager Approval
P2P-006632,1.0,0,True,,,
P2P-006633,0.7647058823529411,4,False,,Corrected Invoice Received | Duplicate Check Failed | Invoice Rejected,Invoice Duplicate Check
P2P-006634,1.0,0,True,,,
P2P-006635,0.8666666666666667,2,False,,Request Reworked,Manager Approval
P2P-006636,0.8666666666666667,2,False,,Request Reworked,Manager Approval
P2P-006637,1.0,0,True,,,
P2P-006638,0.8,3,False,,Delivery Delayed | Three-Way Match Failed,
P2P-006639,1.0,0,True,,,
P2P-006640,1.0,0,True,,,
P2P-006641,0.8125,3,False,,Payment Rejected,Invoice Matched | Payment Authorized
P2P-006642,0.8666666666666667,2,False,,Invoice Blocked | Invoice Corrected,
P2P-006643,0.8666666666666667,2,False,,Request Reworked,Manager Approval
P2P-006644,1.0,0,True,,,
P2P-006645,1.0,0,True,,,
P2P-006646,1.0,0,True,,,
P2P-006647,0.7857142857142857,3,False,,Three-Way Match Failed,
P2P-006648,0.8666666666666667,2,False,,Invoice Blocked | Invoice Corrected,
P2P-006649,0.8666666666666667,2,False,,Request Reworked,Manager Approval
P2P-006650,0.8125,3,False,,Delivery Delayed | Invoice Blocked | Invoice Corrected,
P2P-006651,0.9230769230769231,1,False,Manager Approval,,
P2P-006652,0.8125,3,False,,Payment Rejected,Invoice Matched | Payment Authorized
P2P-006653,0.9285714285714286,1,False,,Delivery Delayed,
P2P-006654,0.8666666666666667,2,False,,Invoice Blocked | Invoice Corrected,
P2P-006655,0.8666666666666667,2,False,,Invoice Blocked | Invoice Corrected,
P2P-006656,1.0,0,True,,,
P2P-006657,0.8666666666666667,2,False,,Request Reworked,Manager Approval
P2P-006658,1.0,0,True,,,
P2P-006659,1.0,0,True,,,
P2P-006660,1.0,0,True,,,
P2P-006661,0.7857142857142857,3,False,,Three-Way Match Failed,
P2P-006662,1.0,0,True,,,
P2P-006663,0.9285714285714286,1,False,,Delivery Delayed,
P2P-006664,0.9230769230769231,1,False,Manager Approval,,
P2P-006665,1.0,0,True,,,
P2P-006666,1.0,0,True,,,
P2P-006667,0.8461538461538461,2,False,Manager Approval,Delivery Delayed,
P2P-006668,0.8666666666666667,2,False,,Invoice Blocked | Invoice Corrected,
P2P-006669,0.8125,3,False,,Delivery Delayed | Request Reworked,Manager Approval
P2P-006670,1.0,0,True,,,
P2P-006671,0.8125,3,False,,Delivery Delayed | Invoice Blocked | Invoice Corrected,
P2P-006672,0.7647058823529411,4,False,,Corrected Invoice Received | Duplicate Check Failed | Invoice Rejected,Invoice Duplicate Check
P2P-006673,0.9230769230769231,1,False,Manager Approval,,
P2P-006674,1.0,0,True,,,
P2P-006675,1.0,0,True,,,
P2P-006676,0.7857142857142857,3,False,,Three-Way Match Failed,
P2P-006677,1.0,0,True,,,
P2P-006678,0.7647058823529411,4,False,,Corrected Invoice Received | Duplicate Check Failed | Invoice Rejected,Invoice Duplicate Check
P2P-006679,0.9285714285714286,1,False,,Delivery Delayed,
P2P-006680,0.8666666666666667,2,False,,Request Reworked,Manager Approval
P2P-006681,0.8666666666666667,2,False,,Invoice Blocked | Invoice Corrected,
P2P-006682,1.0,0,True,,,
P2P-006683,1.0,0,True,,,
P2P-006684,1.0,0,True,,,
P2P-006685,0.8125,3,False,,Payment Rejected,Invoice Matched | Payment Authorized
P2P-006686,1.0,0,True,,,
P2P-006687,1.0,0,True,,,
P2P-006688,1.0,0,True,,,
P2P-006689,0.8,3,False,,Delivery Delayed | Three-Way Match Failed,
P2P-006690,1.0,0,True,,,
P2P-006691,1.0,0,True,,,
P2P-006692,1.0,0,True,,,
P2P-006693,1.0,0,True,,,
P2P-006694,0.8666666666666667,2,False,,Invoice Blocked | Invoice Corrected,
P2P-006695,0.8666666666666667,2,False,,Invoice Blocked | Invoice Corrected,
P2P-006696,0.9230769230769231,1,False,Manager Approval,,
P2P-006697,0.8666666666666667,2,False,,Request Reworked,Manager Approval
P2P-006698,0.9285714285714286,1,False,,Delivery Delayed,
P2P-006699,1.0,0,True,,,
P2P-006700,0.9285714285714286,1,False,,Delivery Delayed,
P2P-006701,0.7857142857142857,3,False,,Three-Way Match Failed,
P2P-006702,0.9230769230769231,1,False,Manager Approval,,
P2P-006703,1.0,0,True,,,
P2P-006704,1.0,0,True,,,
P2P-006705,0.8666666666666667,2,False,,Request Reworked,Manager Approval
P2P-006706,1.0,0,True,,,
P2P-006707,0.7647058823529411,4,False,,Corrected Invoice Received | Duplicate Check Failed | Invoice Rejected,Invoice Duplicate Check
P2P-006708,0.9230769230769231,1,False,Manager Approval,,
P2P-006709,1.0,0,True,,,
P2P-006710,1.0,0,True,,,
P2P-006711,0.7857142857142857,3,False,,Three-Way Match Failed,
P2P-006712,0.7647058823529411,4,False,,Corrected Invoice Received | Duplicate Check Failed | Invoice Rejected,Invoice Duplicate Check
P2P-006713,0.7647058823529411,4,False,,Corrected Invoice Received | Duplicate Check Failed | Invoice Rejected,Invoice Duplicate Check
P2P-006714,0.8461538461538461,2,False,Manager Approval,Delivery Delayed,
P2P-006715,0.8666666666666667,2,False,,Invoice Blocked | Invoice Corrected,
P2P-006716,1.0,0,True,,,
P2P-006717,0.8666666666666667,2,False,,Invoice Blocked | Invoice Corrected,
P2P-006718,0.9285714285714286,1,False,,Delivery Delayed,
P2P-006719,0.7647058823529411,4,False,,Corrected Invoice Received | Duplicate Check Failed | Invoice Rejected,Invoice Duplicate Check
P2P-006720,0.8125,3,False,,Delivery Delayed | Invoice Blocked | Invoice Corrected,
P2P-006721,1.0,0,True,,,
P2P-006722,0.8666666666666667,2,False,,Request Reworked,Manager Approval
P2P-006723,1.0,0,True,,,
P2P-006724,1.0,0,True,,,
P2P-006725,0.8125,3,False,,Delivery Delayed | Invoice Blocked | Invoice Corrected,
P2P-006726,0.9285714285714286,1,False,,Delivery Delayed,
P2P-006727,1.0,0,True,,,
P2P-006728,1.0,0,True,,,
P2P-006729,0.9230769230769231,1,False,Manager Approval,,
P2P-006730,1.0,0,True,,,
P2P-006731,0.9230769230769231,1,False,Manager Approval,,
P2P-006732,1.0,0,True,,,
P2P-006733,0.9230769230769231,1,False,Manager Approval,,
P2P-006734,1.0,0,True,,,
P2P-006735,0.7647058823529411,4,False,,Corrected Invoice Received | Duplicate Check Failed | Invoice Rejected,Invoice Duplicate Check
P2P-006736,0.8666666666666667,2,False,,Invoice Blocked | Invoice Corrected,
P2P-006737,0.7647058823529411,4,False,,Corrected Invoice Received | Duplicate Check Failed | Invoice Rejected,Invoice Duplicate Check
P2P-006738,0.8666666666666667,2,False,,Request Reworked,Manager Approval
P2P-006739,0.8461538461538461,2,False,Manager Approval,Delivery Delayed,
P2P-006740,0.8125,3,False,,Delivery Delayed | Invoice Blocked | Invoice Corrected,
P2P-006741,1.0,0,True,,,
P2P-006742,0.8125,3,False,,Delivery Delayed | Request Reworked,Manager Approval
P2P-006743,0.8125,3,False,,Payment Rejected,Invoice Matched | Payment Authorized
P2P-006744,1.0,0,True,,,
P2P-006745,0.8666666666666667,2,False,,Request Reworked,Manager Approval
P2P-006746,0.7647058823529411,4,False,,Corrected Invoice Received | Duplicate Check Failed | Invoice Rejected,Invoice Duplicate Check
P2P-006747,0.8666666666666667,2,False,,Request Reworked,Manager Approval
P2P-006748,0.8666666666666667,2,False,,Invoice Blocked | Invoice Corrected,
P2P-006749,1.0,0,True,,,
P2P-006750,1.0,0,True,,,
P2P-006751,0.9230769230769231,1,False,Manager Approval,,
P2P-006752,0.7647058823529411,4,False,,Delivery Delayed | Payment Rejected,Invoice Matched | Payment Authorized
P2P-006753,0.8666666666666667,2,False,,Request Reworked,Manager Approval
P2P-006754,0.9230769230769231,1,False,Manager Approval,,
P2P-006755,0.9230769230769231,1,False,Manager Approval,,
P2P-006756,0.8461538461538461,2,False,Manager Approval,Delivery Delayed,
P2P-006757,0.9230769230769231,1,False,Manager Approval,,
P2P-006758,0.8666666666666667,2,False,,Request Reworked,Manager Approval
P2P-006759,0.9230769230769231,1,False,Manager Approval,,
P2P-006760,0.7857142857142857,3,False,,Three-Way Match Failed,
P2P-006761,0.8125,3,False,,Delivery Delayed | Request Reworked,Manager Approval
P2P-006762,0.7647058823529411,4,False,,Corrected Invoice Received | Duplicate Check Failed | Invoice Rejected,Invoice Duplicate Check
P2P-006763,0.8125,3,False,,Delivery Delayed | Invoice Blocked | Invoice Corrected,
P2P-006764,0.9230769230769231,1,False,Manager Approval,,
P2P-006765,0.7647058823529411,4,False,,Corrected Invoice Received | Duplicate Check Failed | Invoice Rejected,Invoice Duplicate Check
P2P-006766,1.0,0,True,,,
P2P-006767,0.8666666666666667,2,False,,Invoice Blocked | Invoice Corrected,
P2P-006768,1.0,0,True,,,
P2P-006769,1.0,0,True,,,
P2P-006770,1.0,0,True,,,
P2P-006771,1.0,0,True,,,
P2P-006772,0.7647058823529411,4,False,,Corrected Invoice Received | Duplicate Check Failed | Invoice Rejected,Invoice Duplicate Check
P2P-006773,1.0,0,True,,,
P2P-006774,0.8666666666666667,2,False,,Request Reworked,Manager Approval
P2P-006775,1.0,0,True,,,
P2P-006776,1.0,0,True,,,
P2P-006777,0.8666666666666667,2,False,,Invoice Blocked | Invoice Corrected,
P2P-006778,1.0,0,True,,,
P2P-006779,1.0,0,True,,,
P2P-006780,1.0,0,True,,,
P2P-006781,1.0,0,True,,,
P2P-006782,0.8666666666666667,2,False,,Request Reworked,Manager Approval
P2P-006783,1.0,0,True,,,
P2P-006784,1.0,0,True,,,
P2P-006785,1.0,0,True,,,
P2P-006786,1.0,0,True,,,
P2P-006787,1.0,0,True,,,
P2P-006788,0.7647058823529411,4,False,,Corrected Invoice Received | Duplicate Check Failed | Invoice Rejected,Invoice Duplicate Check
P2P-006789,1.0,0,True,,,
P2P-006790,1.0,0,True,,,
P2P-006791,0.8666666666666667,2,False,,Request Reworked,Manager Approval
P2P-006792,1.0,0,True,,,
P2P-006793,1.0,0,True,,,
P2P-006794,0.8461538461538461,2,False,Manager Approval,Delivery Delayed,
P2P-006795,0.8666666666666667,2,False,,Invoice Blocked | Invoice Corrected,
P2P-006796,1.0,0,True,,,
P2P-006797,0.8666666666666667,2,False,,Request Reworked,Manager Approval
P2P-006798,1.0,0,True,,,
P2P-006799,0.8666666666666667,2,False,,Invoice Blocked | Invoice Corrected,
P2P-006800,1.0,0,True,,,
P2P-006801,1.0,0,True,,,
P2P-006802,0.8461538461538461,2,False,Manager Approval,Delivery Delayed,
P2P-006803,1.0,0,True,,,
P2P-006804,0.9230769230769231,1,False,Manager Approval,,
P2P-006805,0.8461538461538461,2,False,Manager Approval,Delivery Delayed,
P2P-006806,1.0,0,True,,,
P2P-006807,0.7647058823529411,4,False,,Corrected Invoice Received | Duplicate Check Failed | Invoice Rejected,Invoice Duplicate Check
P2P-006808,0.7647058823529411,4,False,,Corrected Invoice Received | Duplicate Check Failed | Invoice Rejected,Invoice Duplicate Check
P2P-006809,1.0,0,True,,,
P2P-006810,0.8666666666666667,2,False,,Request Reworked,Manager Approval
P2P-006811,0.9285714285714286,1,False,,Delivery Delayed,
P2P-006812,0.8666666666666667,2,False,,Request Reworked,Manager Approval
P2P-006813,0.8666666666666667,2,False,,Invoice Blocked | Invoice Corrected,
P2P-006814,1.0,0,True,,,
P2P-006815,1.0,0,True,,,
P2P-006816,1.0,0,True,,,
P2P-006817,1.0,0,True,,,
P2P-006818,1.0,0,True,,,
P2P-006819,1.0,0,True,,,
P2P-006820,1.0,0,True,,,
P2P-006821,0.8666666666666667,2,False,,Invoice Blocked | Invoice Corrected,
P2P-006822,0.8666666666666667,2,False,,Request Reworked,Manager Approval
P2P-006823,0.9285714285714286,1,False,,Delivery Delayed,
P2P-006824,0.7857142857142857,3,False,,Three-Way Match Failed,
P2P-006825,1.0,0,True,,,
P2P-006826,1.0,0,True,,,
P2P-006827,0.8666666666666667,2,False,,Invoice Blocked | Invoice Corrected,
P2P-006828,0.9285714285714286,1,False,,Delivery Delayed,
P2P-006829,0.9230769230769231,1,False,Manager Approval,,
P2P-006830,1.0,0,True,,,
P2P-006831,1.0,0,True,,,
P2P-006832,0.8125,3,False,,Delivery Delayed | Request Reworked,Manager Approval
P2P-006833,1.0,0,True,,,
P2P-006834,0.9230769230769231,1,False,Manager Approval,,
P2P-006835,0.7857142857142857,3,False,,Three-Way Match Failed,
P2P-006836,0.7857142857142857,3,False,,Three-Way Match Failed,
P2P-006837,0.8125,3,False,,Payment Rejected,Invoice Matched | Payment Authorized
P2P-006838,0.8666666666666667,2,False,,Request Reworked,Manager Approval
P2P-006839,0.9230769230769231,1,False,Manager Approval,,
P2P-006840,1.0,0,True,,,
P2P-006841,0.7857142857142857,3,False,,Three-Way Match Failed,
P2P-006842,0.8461538461538461,2,False,Manager Approval,Delivery Delayed,
P2P-006843,0.8125,3,False,,Delivery Delayed | Invoice Blocked | Invoice Corrected,
P2P-006844,1.0,0,True,,,
P2P-006845,1.0,0,True,,,
P2P-006846,1.0,0,True,,,
P2P-006847,0.8666666666666667,2,False,,Invoice Blocked | Invoice Corrected,
P2P-006848,1.0,0,True,,,
P2P-006849,0.9230769230769231,1,False,Manager Approval,,
P2P-006850,0.9230769230769231,1,False,Manager Approval,,
P2P-006851,1.0,0,True,,,
P2P-006852,0.9230769230769231,1,False,Manager Approval,,
P2P-006853,1.0,0,True,,,
P2P-006854,0.8666666666666667,2,False,,Invoice Blocked | Invoice Corrected,
P2P-006855,1.0,0,True,,,
P2P-006856,0.7857142857142857,3,False,,Three-Way Match Failed,
P2P-006857,1.0,0,True,,,
P2P-006858,0.8666666666666667,2,False,,Request Reworked,Manager Approval
P2P-006859,0.8666666666666667,2,False,,Invoice Blocked | Invoice Corrected,
P2P-006860,0.9285714285714286,1,False,,Delivery Delayed,
P2P-006861,1.0,0,True,,,
P2P-006862,0.9230769230769231,1,False,Manager Approval,,
P2P-006863,0.8125,3,False,,Payment Rejected,Invoice Matched | Payment Authorized
P2P-006864,1.0,0,True,,,
P2P-006865,1.0,0,True,,,
P2P-006866,0.9285714285714286,1,False,,Delivery Delayed,
P2P-006867,1.0,0,True,,,
P2P-006868,0.9285714285714286,1,False,,Delivery Delayed,
P2P-006869,1.0,0,True,,,
P2P-006870,0.9285714285714286,1,False,,Delivery Delayed,
P2P-006871,0.9230769230769231,1,False,Manager Approval,,
P2P-006872,1.0,0,True,,,
P2P-006873,0.7647058823529411,4,False,,Corrected Invoice Received | Duplicate Check Failed | Invoice Rejected,Invoice Duplicate Check
P2P-006874,0.8666666666666667,2,False,,Request Reworked,Manager Approval
P2P-006875,1.0,0,True,,,
P2P-006876,0.9230769230769231,1,False,Manager Approval,,
P2P-006877,0.8666666666666667,2,False,,Request Reworked,Manager Approval
P2P-006878,1.0,0,True,,,
P2P-006879,0.8125,3,False,,Payment Rejected,Invoice Matched | Payment Authorized
P2P-006880,1.0,0,True,,,
P2P-006881,0.8666666666666667,2,False,,Request Reworked,Manager Approval
P2P-006882,1.0,0,True,,,
P2P-006883,0.9230769230769231,1,False,Manager Approval,,
P2P-006884,0.8666666666666667,2,False,,Invoice Blocked | Invoice Corrected,
P2P-006885,1.0,0,True,,,
P2P-006886,0.7857142857142857,3,False,,Three-Way Match Failed,
P2P-006887,1.0,0,True,,,
P2P-006888,0.9230769230769231,1,False,Manager Approval,,
P2P-006889,1.0,0,True,,,
P2P-006890,0.8125,3,False,,Payment Rejected,Invoice Matched | Payment Authorized
P2P-006891,1.0,0,True,,,
P2P-006892,1.0,0,True,,,
P2P-006893,1.0,0,True,,,
P2P-006894,0.7857142857142857,3,False,,Three-Way Match Failed,
P2P-006895,0.8666666666666667,2,False,,Request Reworked,Manager Approval
P2P-006896,0.9230769230769231,1,False,Manager Approval,,
P2P-006897,1.0,0,True,,,
P2P-006898,1.0,0,True,,,
P2P-006899,1.0,0,True,,,
P2P-006900,0.8666666666666667,2,False,,Invoice Blocked | Invoice Corrected,
P2P-006901,1.0,0,True,,,
P2P-006902,0.9230769230769231,1,False,Manager Approval,,
P2P-006903,0.8666666666666667,2,False,,Request Reworked,Manager Approval
P2P-006904,0.7647058823529411,4,False,,Corrected Invoice Received | Duplicate Check Failed | Invoice Rejected,Invoice Duplicate Check
P2P-006905,0.9285714285714286,1,False,,Delivery Delayed,
P2P-006906,0.7647058823529411,4,False,,Corrected Invoice Received | Duplicate Check Failed | Invoice Rejected,Invoice Duplicate Check
P2P-006907,0.9230769230769231,1,False,Manager Approval,,
P2P-006908,0.8125,3,False,,Payment Rejected,Invoice Matched | Payment Authorized
P2P-006909,0.7647058823529411,4,False,,Corrected Invoice Received | Duplicate Check Failed | Invoice Rejected,Invoice Duplicate Check
P2P-006910,0.8125,3,False,,Delivery Delayed | Request Reworked,Manager Approval
P2P-006911,0.8666666666666667,2,False,,Request Reworked,Manager Approval
P2P-006912,0.9230769230769231,1,False,Manager Approval,,
P2P-006913,0.8666666666666667,2,False,,Request Reworked,Manager Approval
P2P-006914,1.0,0,True,,,
P2P-006915,0.8,3,False,,Delivery Delayed | Three-Way Match Failed,
P2P-006916,1.0,0,True,,,
P2P-006917,0.9230769230769231,1,False,Manager Approval,,
P2P-006918,0.9285714285714286,1,False,,Delivery Delayed,
P2P-006919,0.8666666666666667,2,False,,Invoice Blocked | Invoice Corrected,
P2P-006920,1.0,0,True,,,
P2P-006921,0.9230769230769231,1,False,Manager Approval,,
P2P-006922,1.0,0,True,,,
P2P-006923,1.0,0,True,,,
P2P-006924,0.8666666666666667,2,False,,Invoice Blocked | Invoice Corrected,
P2P-006925,0.8666666666666667,2,False,,Invoice Blocked | Invoice Corrected,
P2P-006926,0.7647058823529411,4,False,,Corrected Invoice Received | Duplicate Check Failed | Invoice Rejected,Invoice Duplicate Check
P2P-006927,1.0,0,True,,,
P2P-006928,1.0,0,True,,,
P2P-006929,1.0,0,True,,,
P2P-006930,1.0,0,True,,,
P2P-006931,0.8666666666666667,2,False,,Invoice Blocked | Invoice Corrected,
P2P-006932,0.7647058823529411,4,False,,Corrected Invoice Received | Duplicate Check Failed | Invoice Rejected,Invoice Duplicate Check
P2P-006933,0.9230769230769231,1,False,Manager Approval,,
P2P-006934,1.0,0,True,,,
P2P-006935,0.8666666666666667,2,False,,Request Reworked,Manager Approval
P2P-006936,0.8666666666666667,2,False,,Request Reworked,Manager Approval
P2P-006937,0.8666666666666667,2,False,,Request Reworked,Manager Approval
P2P-006938,0.8666666666666667,2,False,,Invoice Blocked | Invoice Corrected,
P2P-006939,0.8666666666666667,2,False,,Invoice Blocked | Invoice Corrected,
P2P-006940,0.7647058823529411,4,False,,Corrected Invoice Received | Duplicate Check Failed | Invoice Rejected,Invoice Duplicate Check
P2P-006941,1.0,0,True,,,
P2P-006942,0.9230769230769231,1,False,Manager Approval,,
P2P-006943,0.9230769230769231,1,False,Manager Approval,,
P2P-006944,0.8666666666666667,2,False,,Request Reworked,Manager Approval
P2P-006945,0.7857142857142857,3,False,,Three-Way Match Failed,
P2P-006946,1.0,0,True,,,
P2P-006947,0.9230769230769231,1,False,Manager Approval,,
P2P-006948,1.0,0,True,,,
P2P-006949,0.8125,3,False,,Payment Rejected,Invoice Matched | Payment Authorized
P2P-006950,0.8125,3,False,,Payment Rejected,Invoice Matched | Payment Authorized
P2P-006951,0.9230769230769231,1,False,Manager Approval,,
P2P-006952,1.0,0,True,,,
P2P-006953,1.0,0,True,,,
P2P-006954,1.0,0,True,,,
P2P-006955,0.8666666666666667,2,False,,Invoice Blocked | Invoice Corrected,
P2P-006956,1.0,0,True,,,
P2P-006957,1.0,0,True,,,
P2P-006958,1.0,0,True,,,
P2P-006959,0.8666666666666667,2,False,,Invoice Blocked | Invoice Corrected,
P2P-006960,0.8125,3,False,,Payment Rejected,Invoice Matched | Payment Authorized
P2P-006961,1.0,0,True,,,
P2P-006962,1.0,0,True,,,
P2P-006963,0.8,3,False,,Delivery Delayed | Three-Way Match Failed,
P2P-006964,0.7647058823529411,4,False,,Corrected Invoice Received | Duplicate Check Failed | Invoice Rejected,Invoice Duplicate Check
P2P-006965,1.0,0,True,,,
P2P-006966,0.8125,3,False,,Payment Rejected,Invoice Matched | Payment Authorized
P2P-006967,1.0,0,True,,,
P2P-006968,0.8666666666666667,2,False,,Request Reworked,Manager Approval
P2P-006969,1.0,0,True,,,
P2P-006970,1.0,0,True,,,
P2P-006971,0.9230769230769231,1,False,Manager Approval,,
P2P-006972,1.0,0,True,,,
P2P-006973,0.8,3,False,,Delivery Delayed | Three-Way Match Failed,
P2P-006974,0.8666666666666667,2,False,,Request Reworked,Manager Approval
P2P-006975,0.9230769230769231,1,False,Manager Approval,,
P2P-006976,0.8,3,False,,Delivery Delayed | Three-Way Match Failed,
P2P-006977,0.9285714285714286,1,False,,Delivery Delayed,
P2P-006978,0.9285714285714286,1,False,,Delivery Delayed,
P2P-006979,1.0,0,True,,,
P2P-006980,0.8125,3,False,,Delivery Delayed | Request Reworked,Manager Approval
P2P-006981,0.9285714285714286,1,False,,Delivery Delayed,
P2P-006982,0.8125,3,False,,Payment Rejected,Invoice Matched | Payment Authorized
P2P-006983,0.8666666666666667,2,False,,Request Reworked,Manager Approval
P2P-006984,0.7857142857142857,3,False,,Three-Way Match Failed,
P2P-006985,1.0,0,True,,,
P2P-006986,1.0,0,True,,,
P2P-006987,0.8666666666666667,2,False,,Invoice Blocked | Invoice Corrected,
P2P-006988,0.8125,3,False,,Payment Rejected,Invoice Matched | Payment Authorized
P2P-006989,1.0,0,True,,,
P2P-006990,0.8666666666666667,2,False,,Invoice Blocked | Invoice Corrected,
P2P-006991,0.7647058823529411,4,False,,Corrected Invoice Received | Duplicate Check Failed | Invoice Rejected,Invoice Duplicate Check
P2P-006992,1.0,0,True,,,
P2P-006993,1.0,0,True,,,
P2P-006994,1.0,0,True,,,
P2P-006995,1.0,0,True,,,
P2P-006996,0.9230769230769231,1,False,Manager Approval,,
P2P-006997,0.8666666666666667,2,False,,Request Reworked,Manager Approval
P2P-006998,0.7647058823529411,4,False,,Delivery Delayed | Payment Rejected,Invoice Matched | Payment Authorized
P2P-006999,0.8666666666666667,2,False,,Request Reworked,Manager Approval
P2P-007000,0.8666666666666667,2,False,,Request Reworked,Manager Approval
P2P-007001,1.0,0,True,,,
P2P-007002,0.8666666666666667,2,False,,Request Reworked,Manager Approval
P2P-007003,0.9230769230769231,1,False,Manager Approval,,
P2P-007004,0.9230769230769231,1,False,Manager Approval,,
P2P-007005,0.7857142857142857,3,False,,Three-Way Match Failed,
P2P-007006,0.9230769230769231,1,False,Manager Approval,,
P2P-007007,0.8125,3,False,,Delivery Delayed | Request Reworked,Manager Approval
P2P-007008,1.0,0,True,,,
P2P-007009,1.0,0,True,,,
P2P-007010,1.0,0,True,,,
P2P-007011,0.9285714285714286,1,False,,Delivery Delayed,
P2P-007012,0.9285714285714286,1,False,,Delivery Delayed,
P2P-007013,0.8666666666666667,2,False,,Request Reworked,Manager Approval
P2P-007014,1.0,0,True,,,
P2P-007015,1.0,0,True,,,
P2P-007016,0.9230769230769231,1,False,Manager Approval,,
P2P-007017,0.7857142857142857,3,False,,Three-Way Match Failed,
P2P-007018,0.9230769230769231,1,False,Manager Approval,,
P2P-007019,1.0,0,True,,,
P2P-007020,0.9230769230769231,1,False,Manager Approval,,
P2P-007021,0.9285714285714286,1,False,,Delivery Delayed,
P2P-007022,1.0,0,True,,,
P2P-007023,1.0,0,True,,,
P2P-007024,0.8125,3,False,,Payment Rejected,Invoice Matched | Payment Authorized
P2P-007025,1.0,0,True,,,
P2P-007026,0.8461538461538461,2,False,Manager Approval,Delivery Delayed,
P2P-007027,0.9285714285714286,1,False,,Delivery Delayed,
P2P-007028,1.0,0,True,,,
P2P-007029,0.8125,3,False,,Payment Rejected,Invoice Matched | Payment Authorized
P2P-007030,0.7647058823529411,4,False,,Corrected Invoice Received | Duplicate Check Failed | Invoice Rejected,Invoice Duplicate Check
P2P-007031,0.9230769230769231,1,False,Manager Approval,,
P2P-007032,0.8666666666666667,2,False,,Request Reworked,Manager Approval
P2P-007033,1.0,0,True,,,
P2P-007034,0.8666666666666667,2,False,,Request Reworked,Manager Approval
P2P-007035,0.8125,3,False,,Payment Rejected,Invoice Matched | Payment Authorized
P2P-007036,1.0,0,True,,,
P2P-007037,1.0,0,True,,,
P2P-007038,1.0,0,True,,,
P2P-007039,1.0,0,True,,,
P2P-007040,0.8666666666666667,2,False,,Invoice Blocked | Invoice Corrected,
P2P-007041,1.0,0,True,,,
P2P-007042,1.0,0,True,,,
P2P-007043,0.8125,3,False,,Payment Rejected,Invoice Matched | Payment Authorized
P2P-007044,1.0,0,True,,,
P2P-007045,0.8666666666666667,2,False,,Request Reworked,Manager Approval
P2P-007046,1.0,0,True,,,
P2P-007047,0.9230769230769231,1,False,Manager Approval,,
P2P-007048,0.8125,3,False,,Delivery Delayed | Invoice Blocked | Invoice Corrected,
P2P-007049,1.0,0,True,,,
P2P-007050,1.0,0,True,,,
P2P-007051,0.8666666666666667,2,False,,Request Reworked,Manager Approval
P2P-007052,1.0,0,True,,,
P2P-007053,1.0,0,True,,,
P2P-007054,1.0,0,True,,,
P2P-007055,0.8125,3,False,,Delivery Delayed | Invoice Blocked | Invoice Corrected,
P2P-007056,1.0,0,True,,,
P2P-007057,1.0,0,True,,,
P2P-007058,1.0,0,True,,,
P2P-007059,0.7647058823529411,4,False,,Corrected Invoice Received | Duplicate Check Failed | Invoice Rejected,Invoice Duplicate Check
P2P-007060,0.7647058823529411,4,False,,Corrected Invoice Received | Duplicate Check Failed | Invoice Rejected,Invoice Duplicate Check
P2P-007061,1.0,0,True,,,
P2P-007062,1.0,0,True,,,
P2P-007063,0.8125,3,False,,Delivery Delayed | Request Reworked,Manager Approval
P2P-007064,0.9285714285714286,1,False,,Delivery Delayed,
P2P-007065,0.8125,3,False,,Payment Rejected,Invoice Matched | Payment Authorized
P2P-007066,0.9285714285714286,1,False,,Delivery Delayed,
P2P-007067,1.0,0,True,,,
P2P-007068,0.9285714285714286,1,False,,Delivery Delayed,
P2P-007069,1.0,0,True,,,
P2P-007070,0.8125,3,False,,Payment Rejected,Invoice Matched | Payment Authorized
P2P-007071,1.0,0,True,,,
P2P-007072,1.0,0,True,,,
P2P-007073,1.0,0,True,,,
P2P-007074,0.9230769230769231,1,False,Manager Approval,,
P2P-007075,1.0,0,True,,,
P2P-007076,0.8125,3,False,,Payment Rejected,Invoice Matched | Payment Authorized
P2P-007077,0.8666666666666667,2,False,,Invoice Blocked | Invoice Corrected,
P2P-007078,0.7857142857142857,3,False,,Three-Way Match Failed,
P2P-007079,0.7647058823529411,4,False,,Corrected Invoice Received | Duplicate Check Failed | Invoice Rejected,Invoice Duplicate Check
P2P-007080,0.8666666666666667,2,False,,Request Reworked,Manager Approval
P2P-007081,0.9230769230769231,1,False,Manager Approval,,
P2P-007082,0.9230769230769231,1,False,Manager Approval,,
P2P-007083,0.7857142857142857,3,False,,Three-Way Match Failed,
P2P-007084,1.0,0,True,,,
P2P-007085,0.8125,3,False,,Payment Rejected,Invoice Matched | Payment Authorized
P2P-007086,0.8666666666666667,2,False,,Request Reworked,Manager Approval
P2P-007087,1.0,0,True,,,
P2P-007088,1.0,0,True,,,
P2P-007089,1.0,0,True,,,
P2P-007090,0.8125,3,False,,Payment Rejected,Invoice Matched | Payment Authorized
P2P-007091,0.8666666666666667,2,False,,Request Reworked,Manager Approval
P2P-007092,1.0,0,True,,,
P2P-007093,0.9230769230769231,1,False,Manager Approval,,
P2P-007094,0.9230769230769231,1,False,Manager Approval,,
P2P-007095,1.0,0,True,,,
P2P-007096,0.9230769230769231,1,False,Manager Approval,,
P2P-007097,1.0,0,True,,,
P2P-007098,1.0,0,True,,,
P2P-007099,1.0,0,True,,,
P2P-007100,0.7857142857142857,3,False,,Three-Way Match Failed,
P2P-007101,0.8125,3,False,,Payment Rejected,Invoice Matched | Payment Authorized
P2P-007102,1.0,0,True,,,
P2P-007103,0.8125,3,False,,Delivery Delayed | Invoice Blocked | Invoice Corrected,
P2P-007104,0.7647058823529411,4,False,,Corrected Invoice Received | Duplicate Check Failed | Invoice Rejected,Invoice Duplicate Check
P2P-007105,0.9230769230769231,1,False,Manager Approval,,
P2P-007106,0.8666666666666667,2,False,,Request Reworked,Manager Approval
P2P-007107,1.0,0,True,,,
P2P-007108,0.9285714285714286,1,False,,Delivery Delayed,
P2P-007109,0.8125,3,False,,Payment Rejected,Invoice Matched | Payment Authorized
P2P-007110,0.8125,3,False,,Payment Rejected,Invoice Matched | Payment Authorized
P2P-007111,0.9230769230769231,1,False,Manager Approval,,
P2P-007112,0.8666666666666667,2,False,,Invoice Blocked | Invoice Corrected,
P2P-007113,0.9285714285714286,1,False,,Delivery Delayed,
P2P-007114,0.7647058823529411,4,False,,Corrected Invoice Received | Duplicate Check Failed | Invoice Rejected,Invoice Duplicate Check
P2P-007115,1.0,0,True,,,
P2P-007116,1.0,0,True,,,
P2P-007117,0.8666666666666667,2,False,,Request Reworked,Manager Approval
P2P-007118,0.7647058823529411,4,False,,Corrected Invoice Received | Duplicate Check Failed | Invoice Rejected,Invoice Duplicate Check
P2P-007119,0.9230769230769231,1,False,Manager Approval,,
P2P-007120,0.8666666666666667,2,False,,Request Reworked,Manager Approval
P2P-007121,0.8666666666666667,2,False,,Request Reworked,Manager Approval
P2P-007122,1.0,0,True,,,
P2P-007123,0.7857142857142857,3,False,,Three-Way Match Failed,
P2P-007124,0.9230769230769231,1,False,Manager Approval,,
P2P-007125,1.0,0,True,,,
P2P-007126,0.8666666666666667,2,False,,Invoice Blocked | Invoice Corrected,
P2P-007127,1.0,0,True,,,
P2P-007128,1.0,0,True,,,
P2P-007129,1.0,0,True,,,
P2P-007130,1.0,0,True,,,
P2P-007131,0.8666666666666667,2,False,,Request Reworked,Manager Approval
P2P-007132,0.8666666666666667,2,False,,Request Reworked,Manager Approval
P2P-007133,0.8125,3,False,,Payment Rejected,Invoice Matched | Payment Authorized
P2P-007134,0.9285714285714286,1,False,,Delivery Delayed,
P2P-007135,1.0,0,True,,,
P2P-007136,0.8666666666666667,2,False,,Request Reworked,Manager Approval
P2P-007137,0.9230769230769231,1,False,Manager Approval,,
P2P-007138,0.9285714285714286,1,False,,Delivery Delayed,
P2P-007139,1.0,0,True,,,
P2P-007140,0.8125,3,False,,Payment Rejected,Invoice Matched | Payment Authorized
P2P-007141,0.8666666666666667,2,False,,Request Reworked,Manager Approval
P2P-007142,1.0,0,True,,,
P2P-007143,1.0,0,True,,,
P2P-007144,1.0,0,True,,,
P2P-007145,0.9230769230769231,1,False,Manager Approval,,
P2P-007146,1.0,0,True,,,
P2P-007147,1.0,0,True,,,
P2P-007148,1.0,0,True,,,
P2P-007149,0.8666666666666667,2,False,,Request Reworked,Manager Approval
P2P-007150,0.9230769230769231,1,False,Manager Approval,,
P2P-007151,1.0,0,True,,,
P2P-007152,0.8666666666666667,2,False,,Invoice Blocked | Invoice Corrected,
P2P-007153,1.0,0,True,,,
P2P-007154,1.0,0,True,,,
P2P-007155,0.8125,3,False,,Delivery Delayed | Invoice Blocked | Invoice Corrected,
P2P-007156,1.0,0,True,,,
P2P-007157,0.7647058823529411,4,False,,Corrected Invoice Received | Duplicate Check Failed | Invoice Rejected,Invoice Duplicate Check
P2P-007158,0.7857142857142857,3,False,,Three-Way Match Failed,
P2P-007159,0.8666666666666667,2,False,,Request Reworked,Manager Approval
P2P-007160,0.8125,3,False,,Payment Rejected,Invoice Matched | Payment Authorized
P2P-007161,1.0,0,True,,,
P2P-007162,0.9285714285714286,1,False,,Delivery Delayed,
P2P-007163,0.8666666666666667,2,False,,Invoice Blocked | Invoice Corrected,
P2P-007164,0.9230769230769231,1,False,Manager Approval,,
P2P-007165,1.0,0,True,,,
P2P-007166,0.8666666666666667,2,False,,Request Reworked,Manager Approval
P2P-007167,0.8666666666666667,2,False,,Invoice Blocked | Invoice Corrected,
P2P-007168,1.0,0,True,,,
P2P-007169,0.9230769230769231,1,False,Manager Approval,,
P2P-007170,1.0,0,True,,,
P2P-007171,0.7647058823529411,4,False,,Corrected Invoice Received | Duplicate Check Failed | Invoice Rejected,Invoice Duplicate Check
P2P-007172,0.7857142857142857,3,False,,Three-Way Match Failed,
P2P-007173,1.0,0,True,,,
P2P-007174,1.0,0,True,,,
P2P-007175,0.9230769230769231,1,False,Manager Approval,,
P2P-007176,0.8666666666666667,2,False,,Invoice Blocked | Invoice Corrected,
P2P-007177,1.0,0,True,,,
P2P-007178,0.8666666666666667,2,False,,Request Reworked,Manager Approval
P2P-007179,1.0,0,True,,,
P2P-007180,1.0,0,True,,,
P2P-007181,1.0,0,True,,,
P2P-007182,1.0,0,True,,,
P2P-007183,1.0,0,True,,,
P2P-007184,1.0,0,True,,,
P2P-007185,0.8461538461538461,2,False,Manager Approval,Delivery Delayed,
P2P-007186,1.0,0,True,,,
P2P-007187,0.9285714285714286,1,False,,Delivery Delayed,
P2P-007188,1.0,0,True,,,
P2P-007189,0.9230769230769231,1,False,Manager Approval,,
P2P-007190,1.0,0,True,,,
P2P-007191,1.0,0,True,,,
P2P-007192,1.0,0,True,,,
P2P-007193,1.0,0,True,,,
P2P-007194,1.0,0,True,,,
P2P-007195,0.8125,3,False,,Payment Rejected,Invoice Matched | Payment Authorized
P2P-007196,0.9230769230769231,1,False,Manager Approval,,
P2P-007197,1.0,0,True,,,
P2P-007198,0.7647058823529411,4,False,,Corrected Invoice Received | Duplicate Check Failed | Invoice Rejected,Invoice Duplicate Check
P2P-007199,0.8666666666666667,2,False,,Request Reworked,Manager Approval
P2P-007200,1.0,0,True,,,
P2P-007201,1.0,0,True,,,
P2P-007202,1.0,0,True,,,
P2P-007203,0.7857142857142857,3,False,,Three-Way Match Failed,
P2P-007204,1.0,0,True,,,
P2P-007205,1.0,0,True,,,
P2P-007206,0.9285714285714286,1,False,,Delivery Delayed,
P2P-007207,0.8666666666666667,2,False,,Invoice Blocked | Invoice Corrected,
P2P-007208,0.8666666666666667,2,False,,Request Reworked,Manager Approval
P2P-007209,1.0,0,True,,,
P2P-007210,1.0,0,True,,,
P2P-007211,0.8666666666666667,2,False,,Request Reworked,Manager Approval
P2P-007212,1.0,0,True,,,
P2P-007213,0.9230769230769231,1,False,Manager Approval,,
P2P-007214,0.7647058823529411,4,False,,Corrected Invoice Received | Duplicate Check Failed | Invoice Rejected,Invoice Duplicate Check
P2P-007215,1.0,0,True,,,
P2P-007216,0.8461538461538461,2,False,Manager Approval,Delivery Delayed,
P2P-007217,0.7647058823529411,4,False,,Corrected Invoice Received | Duplicate Check Failed | Invoice Rejected,Invoice Duplicate Check
P2P-007218,1.0,0,True,,,
P2P-007219,1.0,0,True,,,
P2P-007220,0.8666666666666667,2,False,,Request Reworked,Manager Approval
P2P-007221,1.0,0,True,,,
P2P-007222,0.9230769230769231,1,False,Manager Approval,,
P2P-007223,1.0,0,True,,,
P2P-007224,1.0,0,True,,,
P2P-007225,0.8666666666666667,2,False,,Request Reworked,Manager Approval
P2P-007226,1.0,0,True,,,
P2P-007227,0.9285714285714286,1,False,,Delivery Delayed,
P2P-007228,0.9230769230769231,1,False,Manager Approval,,
P2P-007229,0.8666666666666667,2,False,,Request Reworked,Manager Approval
P2P-007230,0.7647058823529411,4,False,,Corrected Invoice Received | Duplicate Check Failed | Invoice Rejected,Invoice Duplicate Check
P2P-007231,0.9230769230769231,1,False,Manager Approval,,
P2P-007232,1.0,0,True,,,
P2P-007233,1.0,0,True,,,
P2P-007234,0.8125,3,False,,Payment Rejected,Invoice Matched | Payment Authorized
P2P-007235,1.0,0,True,,,
P2P-007236,1.0,0,True,,,
P2P-007237,1.0,0,True,,,
P2P-007238,0.9285714285714286,1,False,,Delivery Delayed,
P2P-007239,0.8125,3,False,,Payment Rejected,Invoice Matched | Payment Authorized
P2P-007240,1.0,0,True,,,
P2P-007241,1.0,0,True,,,
P2P-007242,0.9230769230769231,1,False,Manager Approval,,
P2P-007243,0.7857142857142857,3,False,,Three-Way Match Failed,
P2P-007244,1.0,0,True,,,
P2P-007245,1.0,0,True,,,
P2P-007246,1.0,0,True,,,
P2P-007247,0.8666666666666667,2,False,,Invoice Blocked | Invoice Corrected,
P2P-007248,0.9285714285714286,1,False,,Delivery Delayed,
P2P-007249,0.8666666666666667,2,False,,Invoice Blocked | Invoice Corrected,
P2P-007250,1.0,0,True,,,
P2P-007251,0.8666666666666667,2,False,,Request Reworked,Manager Approval
P2P-007252,0.8125,3,False,,Delivery Delayed | Invoice Blocked | Invoice Corrected,
P2P-007253,0.8666666666666667,2,False,,Invoice Blocked | Invoice Corrected,
P2P-007254,1.0,0,True,,,
P2P-007255,0.9230769230769231,1,False,Manager Approval,,
P2P-007256,0.9285714285714286,1,False,,Delivery Delayed,
P2P-007257,0.7647058823529411,4,False,,Corrected Invoice Received | Duplicate Check Failed | Invoice Rejected,Invoice Duplicate Check
P2P-007258,1.0,0,True,,,
P2P-007259,0.9230769230769231,1,False,Manager Approval,,
P2P-007260,0.7647058823529411,4,False,,Corrected Invoice Received | Duplicate Check Failed | Invoice Rejected,Invoice Duplicate Check
P2P-007261,1.0,0,True,,,
P2P-007262,0.7647058823529411,4,False,,Corrected Invoice Received | Duplicate Check Failed | Invoice Rejected,Invoice Duplicate Check
P2P-007263,0.7647058823529411,4,False,,Corrected Invoice Received | Duplicate Check Failed | Invoice Rejected,Invoice Duplicate Check
P2P-007264,0.8461538461538461,2,False,Manager Approval,Delivery Delayed,
P2P-007265,1.0,0,True,,,
P2P-007266,1.0,0,True,,,
P2P-007267,0.8666666666666667,2,False,,Invoice Blocked | Invoice Corrected,
P2P-007268,0.8125,3,False,,Delivery Delayed | Request Reworked,Manager Approval
P2P-007269,1.0,0,True,,,
P2P-007270,1.0,0,True,,,
P2P-007271,1.0,0,True,,,
P2P-007272,1.0,0,True,,,
P2P-007273,1.0,0,True,,,
P2P-007274,1.0,0,True,,,
P2P-007275,0.9230769230769231,1,False,Manager Approval,,
P2P-007276,1.0,0,True,,,
P2P-007277,1.0,0,True,,,
P2P-007278,1.0,0,True,,,
P2P-007279,0.9230769230769231,1,False,Manager Approval,,
P2P-007280,1.0,0,True,,,
P2P-007281,0.7857142857142857,3,False,,Three-Way Match Failed,
P2P-007282,0.7647058823529411,4,False,,Corrected Invoice Received | Duplicate Check Failed | Invoice Rejected,Invoice Duplicate Check
P2P-007283,0.8666666666666667,2,False,,Invoice Blocked | Invoice Corrected,
P2P-007284,1.0,0,True,,,
P2P-007285,1.0,0,True,,,
P2P-007286,0.9230769230769231,1,False,Manager Approval,,
P2P-007287,1.0,0,True,,,
P2P-007288,0.8125,3,False,,Payment Rejected,Invoice Matched | Payment Authorized
P2P-007289,1.0,0,True,,,
P2P-007290,1.0,0,True,,,
P2P-007291,1.0,0,True,,,
P2P-007292,0.8125,3,False,,Payment Rejected,Invoice Matched | Payment Authorized
P2P-007293,0.7857142857142857,3,False,,Three-Way Match Failed,
P2P-007294,1.0,0,True,,,
P2P-007295,0.8666666666666667,2,False,,Request Reworked,Manager Approval
P2P-007296,0.7647058823529411,4,False,,Corrected Invoice Received | Duplicate Check Failed | Invoice Rejected,Invoice Duplicate Check
P2P-007297,1.0,0,True,,,
P2P-007298,1.0,0,True,,,
P2P-007299,1.0,0,True,,,
P2P-007300,0.8125,3,False,,Payment Rejected,Invoice Matched | Payment Authorized
P2P-007301,0.9230769230769231,1,False,Manager Approval,,
P2P-007302,0.7857142857142857,3,False,,Three-Way Match Failed,
P2P-007303,0.7647058823529411,4,False,,Corrected Invoice Received | Duplicate Check Failed | Invoice Rejected,Invoice Duplicate Check
P2P-007304,0.8666666666666667,2,False,,Request Reworked,Manager Approval
P2P-007305,0.7647058823529411,4,False,,Corrected Invoice Received | Duplicate Check Failed | Invoice Rejected,Invoice Duplicate Check
P2P-007306,0.8461538461538461,2,False,Manager Approval,Delivery Delayed,
P2P-007307,0.7857142857142857,3,False,,Three-Way Match Failed,
P2P-007308,1.0,0,True,,,
P2P-007309,1.0,0,True,,,
P2P-007310,1.0,0,True,,,
P2P-007311,1.0,0,True,,,
P2P-007312,0.8666666666666667,2,False,,Invoice Blocked | Invoice Corrected,
P2P-007313,0.9285714285714286,1,False,,Delivery Delayed,
P2P-007314,0.8666666666666667,2,False,,Invoice Blocked | Invoice Corrected,
P2P-007315,0.9285714285714286,1,False,,Delivery Delayed,
P2P-007316,0.7857142857142857,3,False,,Three-Way Match Failed,
P2P-007317,0.7222222222222222,5,False,,Corrected Invoice Received | Delivery Delayed | Duplicate Check Failed | Invoice Rejected,Invoice Duplicate Check
P2P-007318,0.8125,3,False,,Payment Rejected,Invoice Matched | Payment Authorized
P2P-007319,1.0,0,True,,,
P2P-007320,0.7647058823529411,4,False,,Corrected Invoice Received | Duplicate Check Failed | Invoice Rejected,Invoice Duplicate Check
P2P-007321,1.0,0,True,,,
P2P-007322,0.9285714285714286,1,False,,Delivery Delayed,
P2P-007323,1.0,0,True,,,
P2P-007324,0.8666666666666667,2,False,,Request Reworked,Manager Approval
P2P-007325,1.0,0,True,,,
P2P-007326,0.9230769230769231,1,False,Manager Approval,,
P2P-007327,0.9230769230769231,1,False,Manager Approval,,
P2P-007328,0.7857142857142857,3,False,,Three-Way Match Failed,
P2P-007329,1.0,0,True,,,
P2P-007330,0.8461538461538461,2,False,Manager Approval,Delivery Delayed,
P2P-007331,1.0,0,True,,,
P2P-007332,0.8666666666666667,2,False,,Request Reworked,Manager Approval
P2P-007333,0.8666666666666667,2,False,,Request Reworked,Manager Approval
P2P-007334,1.0,0,True,,,
P2P-007335,0.9230769230769231,1,False,Manager Approval,,
P2P-007336,0.8666666666666667,2,False,,Request Reworked,Manager Approval
P2P-007337,0.8666666666666667,2,False,,Request Reworked,Manager Approval
P2P-007338,1.0,0,True,,,
P2P-007339,1.0,0,True,,,
P2P-007340,1.0,0,True,,,
P2P-007341,1.0,0,True,,,
P2P-007342,0.7857142857142857,3,False,,Three-Way Match Failed,
P2P-007343,1.0,0,True,,,
P2P-007344,1.0,0,True,,,
P2P-007345,0.8125,3,False,,Delivery Delayed | Request Reworked,Manager Approval
P2P-007346,1.0,0,True,,,
P2P-007347,0.8666666666666667,2,False,,Request Reworked,Manager Approval
P2P-007348,0.8461538461538461,2,False,Manager Approval,Delivery Delayed,
P2P-007349,0.8666666666666667,2,False,,Request Reworked,Manager Approval
P2P-007350,0.8125,3,False,,Payment Rejected,Invoice Matched | Payment Authorized
P2P-007351,1.0,0,True,,,
P2P-007352,1.0,0,True,,,
P2P-007353,0.8125,3,False,,Payment Rejected,Invoice Matched | Payment Authorized
P2P-007354,1.0,0,True,,,
P2P-007355,1.0,0,True,,,
P2P-007356,1.0,0,True,,,
P2P-007357,0.9285714285714286,1,False,,Delivery Delayed,
P2P-007358,0.8666666666666667,2,False,,Request Reworked,Manager Approval
P2P-007359,1.0,0,True,,,
P2P-007360,0.7857142857142857,3,False,,Three-Way Match Failed,
P2P-007361,0.9230769230769231,1,False,Manager Approval,,
P2P-007362,0.9230769230769231,1,False,Manager Approval,,
P2P-007363,0.9230769230769231,1,False,Manager Approval,,
P2P-007364,0.9230769230769231,1,False,Manager Approval,,
P2P-007365,0.8125,3,False,,Payment Rejected,Invoice Matched | Payment Authorized
P2P-007366,0.8666666666666667,2,False,,Invoice Blocked | Invoice Corrected,
P2P-007367,0.7647058823529411,4,False,,Corrected Invoice Received | Duplicate Check Failed | Invoice Rejected,Invoice Duplicate Check
P2P-007368,0.8666666666666667,2,False,,Request Reworked,Manager Approval
P2P-007369,0.9230769230769231,1,False,Manager Approval,,
P2P-007370,1.0,0,True,,,
P2P-007371,0.7857142857142857,3,False,,Three-Way Match Failed,
P2P-007372,0.7857142857142857,3,False,,Three-Way Match Failed,
P2P-007373,1.0,0,True,,,
P2P-007374,1.0,0,True,,,
P2P-007375,1.0,0,True,,,
P2P-007376,1.0,0,True,,,
P2P-007377,0.8461538461538461,2,False,Manager Approval,Delivery Delayed,
P2P-007378,1.0,0,True,,,
P2P-007379,1.0,0,True,,,
P2P-007380,1.0,0,True,,,
P2P-007381,0.7647058823529411,4,False,,Delivery Delayed | Payment Rejected,Invoice Matched | Payment Authorized
P2P-007382,0.9230769230769231,1,False,Manager Approval,,
P2P-007383,1.0,0,True,,,
P2P-007384,0.8666666666666667,2,False,,Invoice Blocked | Invoice Corrected,
P2P-007385,1.0,0,True,,,
P2P-007386,1.0,0,True,,,
P2P-007387,1.0,0,True,,,
P2P-007388,1.0,0,True,,,
P2P-007389,1.0,0,True,,,
P2P-007390,1.0,0,True,,,
P2P-007391,1.0,0,True,,,
P2P-007392,1.0,0,True,,,
P2P-007393,0.7857142857142857,3,False,,Three-Way Match Failed,
P2P-007394,0.9230769230769231,1,False,Manager Approval,,
P2P-007395,0.7647058823529411,4,False,,Corrected Invoice Received | Duplicate Check Failed | Invoice Rejected,Invoice Duplicate Check
P2P-007396,1.0,0,True,,,
P2P-007397,0.8666666666666667,2,False,,Request Reworked,Manager Approval
P2P-007398,1.0,0,True,,,
P2P-007399,0.9230769230769231,1,False,Manager Approval,,
P2P-007400,0.8125,3,False,,Delivery Delayed | Invoice Blocked | Invoice Corrected,
P2P-007401,0.9285714285714286,1,False,,Delivery Delayed,
P2P-007402,1.0,0,True,,,
P2P-007403,0.9230769230769231,1,False,Manager Approval,,
P2P-007404,0.8,3,False,,Delivery Delayed | Three-Way Match Failed,
P2P-007405,1.0,0,True,,,
P2P-007406,0.8666666666666667,2,False,,Request Reworked,Manager Approval
P2P-007407,0.8125,3,False,,Delivery Delayed | Invoice Blocked | Invoice Corrected,
P2P-007408,0.9230769230769231,1,False,Manager Approval,,
P2P-007409,1.0,0,True,,,
P2P-007410,1.0,0,True,,,
P2P-007411,0.8125,3,False,,Payment Rejected,Invoice Matched | Payment Authorized
P2P-007412,1.0,0,True,,,
P2P-007413,0.8461538461538461,2,False,Manager Approval,Delivery Delayed,
P2P-007414,1.0,0,True,,,
P2P-007415,0.8666666666666667,2,False,,Request Reworked,Manager Approval
P2P-007416,0.7222222222222222,5,False,,Corrected Invoice Received | Delivery Delayed | Duplicate Check Failed | Invoice Rejected,Invoice Duplicate Check
P2P-007417,1.0,0,True,,,
P2P-007418,0.8125,3,False,,Payment Rejected,Invoice Matched | Payment Authorized
P2P-007419,1.0,0,True,,,
P2P-007420,0.8125,3,False,,Payment Rejected,Invoice Matched | Payment Authorized
P2P-007421,1.0,0,True,,,
P2P-007422,1.0,0,True,,,
P2P-007423,1.0,0,True,,,
P2P-007424,1.0,0,True,,,
P2P-007425,1.0,0,True,,,
P2P-007426,0.9230769230769231,1,False,Manager Approval,,
P2P-007427,0.8666666666666667,2,False,,Request Reworked,Manager Approval
P2P-007428,0.8666666666666667,2,False,,Invoice Blocked | Invoice Corrected,
P2P-007429,0.8125,3,False,,Delivery Delayed | Request Reworked,Manager Approval
P2P-007430,1.0,0,True,,,
P2P-007431,0.7857142857142857,3,False,,Three-Way Match Failed,
P2P-007432,0.9230769230769231,1,False,Manager Approval,,
P2P-007433,0.8666666666666667,2,False,,Invoice Blocked | Invoice Corrected,
P2P-007434,0.7647058823529411,4,False,,Corrected Invoice Received | Duplicate Check Failed | Invoice Rejected,Invoice Duplicate Check
P2P-007435,1.0,0,True,,,
P2P-007436,0.8666666666666667,2,False,,Request Reworked,Manager Approval
P2P-007437,0.8666666666666667,2,False,,Request Reworked,Manager Approval
P2P-007438,1.0,0,True,,,
P2P-007439,0.9230769230769231,1,False,Manager Approval,,
P2P-007440,0.8666666666666667,2,False,,Request Reworked,Manager Approval
P2P-007441,1.0,0,True,,,
P2P-007442,0.9230769230769231,1,False,Manager Approval,,
P2P-007443,0.7857142857142857,3,False,,Three-Way Match Failed,
P2P-007444,0.7857142857142857,3,False,,Three-Way Match Failed,
P2P-007445,0.8125,3,False,,Payment Rejected,Invoice Matched | Payment Authorized
P2P-007446,0.9285714285714286,1,False,,Delivery Delayed,
P2P-007447,0.9285714285714286,1,False,,Delivery Delayed,
P2P-007448,1.0,0,True,,,
P2P-007449,1.0,0,True,,,
P2P-007450,0.7857142857142857,3,False,,Three-Way Match Failed,
P2P-007451,0.8666666666666667,2,False,,Invoice Blocked | Invoice Corrected,
P2P-007452,0.7857142857142857,3,False,,Three-Way Match Failed,
P2P-007453,1.0,0,True,,,
P2P-007454,0.8666666666666667,2,False,,Invoice Blocked | Invoice Corrected,
P2P-007455,0.7647058823529411,4,False,,Corrected Invoice Received | Duplicate Check Failed | Invoice Rejected,Invoice Duplicate Check
P2P-007456,0.8666666666666667,2,False,,Invoice Blocked | Invoice Corrected,
P2P-007457,1.0,0,True,,,
P2P-007458,1.0,0,True,,,
P2P-007459,1.0,0,True,,,
P2P-007460,0.7857142857142857,3,False,,Three-Way Match Failed,
P2P-007461,1.0,0,True,,,
P2P-007462,1.0,0,True,,,
P2P-007463,0.7857142857142857,3,False,,Three-Way Match Failed,
P2P-007464,1.0,0,True,,,
P2P-007465,0.7857142857142857,3,False,,Three-Way Match Failed,
P2P-007466,1.0,0,True,,,
P2P-007467,1.0,0,True,,,
P2P-007468,0.9285714285714286,1,False,,Delivery Delayed,
P2P-007469,0.9230769230769231,1,False,Manager Approval,,
P2P-007470,0.8125,3,False,,Delivery Delayed | Invoice Blocked | Invoice Corrected,
P2P-007471,1.0,0,True,,,
P2P-007472,1.0,0,True,,,
P2P-007473,0.7647058823529411,4,False,,Corrected Invoice Received | Duplicate Check Failed | Invoice Rejected,Invoice Duplicate Check
P2P-007474,0.8461538461538461,2,False,Manager Approval,Delivery Delayed,
P2P-007475,0.9230769230769231,1,False,Manager Approval,,
P2P-007476,1.0,0,True,,,
P2P-007477,0.8125,3,False,,Delivery Delayed | Request Reworked,Manager Approval
P2P-007478,0.8666666666666667,2,False,,Request Reworked,Manager Approval
P2P-007479,1.0,0,True,,,
P2P-007480,0.7222222222222222,5,False,,Corrected Invoice Received | Delivery Delayed | Duplicate Check Failed | Invoice Rejected,Invoice Duplicate Check
P2P-007481,0.8666666666666667,2,False,,Request Reworked,Manager Approval
P2P-007482,0.8666666666666667,2,False,,Invoice Blocked | Invoice Corrected,
P2P-007483,0.7647058823529411,4,False,,Corrected Invoice Received | Duplicate Check Failed | Invoice Rejected,Invoice Duplicate Check
P2P-007484,0.9285714285714286,1,False,,Delivery Delayed,
P2P-007485,0.8125,3,False,,Delivery Delayed | Invoice Blocked | Invoice Corrected,
P2P-007486,0.8,3,False,,Delivery Delayed | Three-Way Match Failed,
P2P-007487,0.8666666666666667,2,False,,Invoice Blocked | Invoice Corrected,
P2P-007488,1.0,0,True,,,
P2P-007489,1.0,0,True,,,
P2P-007490,0.9230769230769231,1,False,Manager Approval,,
P2P-007491,1.0,0,True,,,
P2P-007492,1.0,0,True,,,
P2P-007493,0.9230769230769231,1,False,Manager Approval,,
P2P-007494,0.9285714285714286,1,False,,Delivery Delayed,
P2P-007495,0.9285714285714286,1,False,,Delivery Delayed,
P2P-007496,0.8666666666666667,2,False,,Invoice Blocked | Invoice Corrected,
P2P-007497,0.8125,3,False,,Payment Rejected,Invoice Matched | Payment Authorized
P2P-007498,1.0,0,True,,,
P2P-007499,1.0,0,True,,,
P2P-007500,0.7857142857142857,3,False,,Three-Way Match Failed,
P2P-007501,0.7647058823529411,4,False,,Corrected Invoice Received | Duplicate Check Failed | Invoice Rejected,Invoice Duplicate Check
P2P-007502,1.0,0,True,,,
P2P-007503,1.0,0,True,,,
P2P-007504,0.8666666666666667,2,False,,Invoice Blocked | Invoice Corrected,
P2P-007505,0.7857142857142857,3,False,,Three-Way Match Failed,
P2P-007506,0.9230769230769231,1,False,Manager Approval,,
P2P-007507,0.9230769230769231,1,False,Manager Approval,,
P2P-007508,0.9285714285714286,1,False,,Delivery Delayed,
P2P-007509,1.0,0,True,,,
P2P-007510,0.8125,3,False,,Payment Rejected,Invoice Matched | Payment Authorized
P2P-007511,0.8666666666666667,2,False,,Invoice Blocked | Invoice Corrected,
P2P-007512,1.0,0,True,,,
P2P-007513,0.9285714285714286,1,False,,Delivery Delayed,
P2P-007514,0.8666666666666667,2,False,,Invoice Blocked | Invoice Corrected,
P2P-007515,0.9230769230769231,1,False,Manager Approval,,
P2P-007516,0.9230769230769231,1,False,Manager Approval,,
P2P-007517,1.0,0,True,,,
P2P-007518,1.0,0,True,,,
P2P-007519,1.0,0,True,,,
P2P-007520,1.0,0,True,,,
P2P-007521,0.9230769230769231,1,False,Manager Approval,,
P2P-007522,1.0,0,True,,,
P2P-007523,1.0,0,True,,,
P2P-007524,0.8666666666666667,2,False,,Invoice Blocked | Invoice Corrected,
P2P-007525,1.0,0,True,,,
P2P-007526,1.0,0,True,,,
P2P-007527,1.0,0,True,,,
P2P-007528,0.9230769230769231,1,False,Manager Approval,,
P2P-007529,0.9230769230769231,1,False,Manager Approval,,
P2P-007530,1.0,0,True,,,
P2P-007531,1.0,0,True,,,
P2P-007532,0.7647058823529411,4,False,,Corrected Invoice Received | Duplicate Check Failed | Invoice Rejected,Invoice Duplicate Check
P2P-007533,0.7647058823529411,4,False,,Corrected Invoice Received | Duplicate Check Failed | Invoice Rejected,Invoice Duplicate Check
P2P-007534,0.9285714285714286,1,False,,Delivery Delayed,
P2P-007535,1.0,0,True,,,
P2P-007536,0.8666666666666667,2,False,,Invoice Blocked | Invoice Corrected,
P2P-007537,0.8125,3,False,,Payment Rejected,Invoice Matched | Payment Authorized
P2P-007538,1.0,0,True,,,
P2P-007539,0.8666666666666667,2,False,,Request Reworked,Manager Approval
P2P-007540,0.9230769230769231,1,False,Manager Approval,,
P2P-007541,0.7647058823529411,4,False,,Corrected Invoice Received | Duplicate Check Failed | Invoice Rejected,Invoice Duplicate Check
P2P-007542,1.0,0,True,,,
P2P-007543,1.0,0,True,,,
P2P-007544,1.0,0,True,,,
P2P-007545,1.0,0,True,,,
P2P-007546,1.0,0,True,,,
P2P-007547,1.0,0,True,,,
P2P-007548,0.8125,3,False,,Payment Rejected,Invoice Matched | Payment Authorized
P2P-007549,1.0,0,True,,,
P2P-007550,0.8666666666666667,2,False,,Request Reworked,Manager Approval
P2P-007551,0.8666666666666667,2,False,,Invoice Blocked | Invoice Corrected,
P2P-007552,1.0,0,True,,,
P2P-007553,1.0,0,True,,,
P2P-007554,0.7647058823529411,4,False,,Corrected Invoice Received | Duplicate Check Failed | Invoice Rejected,Invoice Duplicate Check
P2P-007555,0.7857142857142857,3,False,,Three-Way Match Failed,
P2P-007556,0.9230769230769231,1,False,Manager Approval,,
P2P-007557,1.0,0,True,,,
P2P-007558,0.8666666666666667,2,False,,Request Reworked,Manager Approval
P2P-007559,0.9230769230769231,1,False,Manager Approval,,
P2P-007560,0.7647058823529411,4,False,,Corrected Invoice Received | Duplicate Check Failed | Invoice Rejected,Invoice Duplicate Check
P2P-007561,1.0,0,True,,,
P2P-007562,0.8125,3,False,,Delivery Delayed | Request Reworked,Manager Approval
P2P-007563,0.7647058823529411,4,False,,Corrected Invoice Received | Duplicate Check Failed | Invoice Rejected,Invoice Duplicate Check
P2P-007564,1.0,0,True,,,
P2P-007565,0.8125,3,False,,Payment Rejected,Invoice Matched | Payment Authorized
P2P-007566,0.7222222222222222,5,False,,Corrected Invoice Received | Delivery Delayed | Duplicate Check Failed | Invoice Rejected,Invoice Duplicate Check
P2P-007567,0.7222222222222222,5,False,,Corrected Invoice Received | Delivery Delayed | Duplicate Check Failed | Invoice Rejected,Invoice Duplicate Check
P2P-007568,0.8125,3,False,,Payment Rejected,Invoice Matched | Payment Authorized
P2P-007569,1.0,0,True,,,
P2P-007570,1.0,0,True,,,
P2P-007571,1.0,0,True,,,
P2P-007572,0.7647058823529411,4,False,,Corrected Invoice Received | Duplicate Check Failed | Invoice Rejected,Invoice Duplicate Check
P2P-007573,0.8666666666666667,2,False,,Request Reworked,Manager Approval
P2P-007574,1.0,0,True,,,
P2P-007575,0.9285714285714286,1,False,,Delivery Delayed,
P2P-007576,1.0,0,True,,,
P2P-007577,0.8666666666666667,2,False,,Invoice Blocked | Invoice Corrected,
P2P-007578,1.0,0,True,,,
P2P-007579,0.9285714285714286,1,False,,Delivery Delayed,
P2P-007580,0.8666666666666667,2,False,,Invoice Blocked | Invoice Corrected,
P2P-007581,0.8666666666666667,2,False,,Invoice Blocked | Invoice Corrected,
P2P-007582,1.0,0,True,,,
P2P-007583,0.9230769230769231,1,False,Manager Approval,,
P2P-007584,0.8125,3,False,,Payment Rejected,Invoice Matched | Payment Authorized
P2P-007585,0.8666666666666667,2,False,,Invoice Blocked | Invoice Corrected,
P2P-007586,0.7857142857142857,3,False,,Three-Way Match Failed,
P2P-007587,0.7647058823529411,4,False,,Corrected Invoice Received | Duplicate Check Failed | Invoice Rejected,Invoice Duplicate Check
P2P-007588,1.0,0,True,,,
P2P-007589,0.7857142857142857,3,False,,Three-Way Match Failed,
P2P-007590,0.8666666666666667,2,False,,Invoice Blocked | Invoice Corrected,
P2P-007591,0.8125,3,False,,Delivery Delayed | Invoice Blocked | Invoice Corrected,
P2P-007592,0.7647058823529411,4,False,,Corrected Invoice Received | Duplicate Check Failed | Invoice Rejected,Invoice Duplicate Check
P2P-007593,1.0,0,True,,,
P2P-007594,1.0,0,True,,,
P2P-007595,0.8666666666666667,2,False,,Invoice Blocked | Invoice Corrected,
P2P-007596,1.0,0,True,,,
P2P-007597,1.0,0,True,,,
P2P-007598,0.8125,3,False,,Delivery Delayed | Invoice Blocked | Invoice Corrected,
P2P-007599,1.0,0,True,,,
P2P-007600,0.9230769230769231,1,False,Manager Approval,,
P2P-007601,0.8666666666666667,2,False,,Request Reworked,Manager Approval
P2P-007602,0.7857142857142857,3,False,,Three-Way Match Failed,
P2P-007603,0.8666666666666667,2,False,,Request Reworked,Manager Approval
P2P-007604,0.8666666666666667,2,False,,Request Reworked,Manager Approval
P2P-007605,1.0,0,True,,,
P2P-007606,0.8666666666666667,2,False,,Invoice Blocked | Invoice Corrected,
P2P-007607,0.9230769230769231,1,False,Manager Approval,,
P2P-007608,0.8666666666666667,2,False,,Request Reworked,Manager Approval
P2P-007609,0.8666666666666667,2,False,,Request Reworked,Manager Approval
P2P-007610,0.7857142857142857,3,False,,Three-Way Match Failed,
P2P-007611,1.0,0,True,,,
P2P-007612,0.8666666666666667,2,False,,Invoice Blocked | Invoice Corrected,
P2P-007613,1.0,0,True,,,
P2P-007614,0.9285714285714286,1,False,,Delivery Delayed,
P2P-007615,0.7647058823529411,4,False,,Delivery Delayed | Payment Rejected,Invoice Matched | Payment Authorized
P2P-007616,1.0,0,True,,,
P2P-007617,1.0,0,True,,,
P2P-007618,0.9285714285714286,1,False,,Delivery Delayed,
P2P-007619,0.8666666666666667,2,False,,Invoice Blocked | Invoice Corrected,
P2P-007620,0.7647058823529411,4,False,,Corrected Invoice Received | Duplicate Check Failed | Invoice Rejected,Invoice Duplicate Check
P2P-007621,0.7647058823529411,4,False,,Corrected Invoice Received | Duplicate Check Failed | Invoice Rejected,Invoice Duplicate Check
P2P-007622,0.8666666666666667,2,False,,Request Reworked,Manager Approval
P2P-007623,1.0,0,True,,,
P2P-007624,1.0,0,True,,,
P2P-007625,0.9230769230769231,1,False,Manager Approval,,
P2P-007626,0.7647058823529411,4,False,,Corrected Invoice Received | Duplicate Check Failed | Invoice Rejected,Invoice Duplicate Check
P2P-007627,1.0,0,True,,,
P2P-007628,1.0,0,True,,,
P2P-007629,0.9230769230769231,1,False,Manager Approval,,
P2P-007630,0.8666666666666667,2,False,,Invoice Blocked | Invoice Corrected,
P2P-007631,0.8666666666666667,2,False,,Invoice Blocked | Invoice Corrected,
P2P-007632,0.7857142857142857,3,False,,Three-Way Match Failed,
P2P-007633,0.8666666666666667,2,False,,Invoice Blocked | Invoice Corrected,
P2P-007634,0.8666666666666667,2,False,,Request Reworked,Manager Approval
P2P-007635,0.7857142857142857,3,False,,Three-Way Match Failed,
P2P-007636,1.0,0,True,,,
P2P-007637,0.9285714285714286,1,False,,Delivery Delayed,
P2P-007638,1.0,0,True,,,
P2P-007639,1.0,0,True,,,
P2P-007640,1.0,0,True,,,
P2P-007641,0.7857142857142857,3,False,,Three-Way Match Failed,
P2P-007642,1.0,0,True,,,
P2P-007643,1.0,0,True,,,
P2P-007644,1.0,0,True,,,
P2P-007645,0.7647058823529411,4,False,,Corrected Invoice Received | Duplicate Check Failed | Invoice Rejected,Invoice Duplicate Check
P2P-007646,0.8666666666666667,2,False,,Request Reworked,Manager Approval
P2P-007647,0.8666666666666667,2,False,,Request Reworked,Manager Approval
P2P-007648,1.0,0,True,,,
P2P-007649,0.7647058823529411,4,False,,Corrected Invoice Received | Duplicate Check Failed | Invoice Rejected,Invoice Duplicate Check
P2P-007650,0.9230769230769231,1,False,Manager Approval,,
P2P-007651,1.0,0,True,,,
P2P-007652,0.9230769230769231,1,False,Manager Approval,,
P2P-007653,1.0,0,True,,,
P2P-007654,0.7857142857142857,3,False,,Three-Way Match Failed,
P2P-007655,1.0,0,True,,,
P2P-007656,0.9230769230769231,1,False,Manager Approval,,
P2P-007657,0.8666666666666667,2,False,,Invoice Blocked | Invoice Corrected,
P2P-007658,1.0,0,True,,,
P2P-007659,0.8125,3,False,,Payment Rejected,Invoice Matched | Payment Authorized
P2P-007660,0.7222222222222222,5,False,,Corrected Invoice Received | Delivery Delayed | Duplicate Check Failed | Invoice Rejected,Invoice Duplicate Check
P2P-007661,0.9230769230769231,1,False,Manager Approval,,
P2P-007662,0.7857142857142857,3,False,,Three-Way Match Failed,
P2P-007663,0.9285714285714286,1,False,,Delivery Delayed,
P2P-007664,1.0,0,True,,,
P2P-007665,0.7647058823529411,4,False,,Corrected Invoice Received | Duplicate Check Failed | Invoice Rejected,Invoice Duplicate Check
P2P-007666,0.8666666666666667,2,False,,Invoice Blocked | Invoice Corrected,
P2P-007667,0.7857142857142857,3,False,,Three-Way Match Failed,
P2P-007668,1.0,0,True,,,
P2P-007669,1.0,0,True,,,
P2P-007670,1.0,0,True,,,
P2P-007671,0.7647058823529411,4,False,,Delivery Delayed | Payment Rejected,Invoice Matched | Payment Authorized
P2P-007672,1.0,0,True,,,
P2P-007673,1.0,0,True,,,
P2P-007674,0.9285714285714286,1,False,,Delivery Delayed,
P2P-007675,0.9285714285714286,1,False,,Delivery Delayed,
P2P-007676,1.0,0,True,,,
P2P-007677,0.7857142857142857,3,False,,Three-Way Match Failed,
P2P-007678,1.0,0,True,,,
P2P-007679,1.0,0,True,,,
P2P-007680,0.9230769230769231,1,False,Manager Approval,,
P2P-007681,0.7647058823529411,4,False,,Corrected Invoice Received | Duplicate Check Failed | Invoice Rejected,Invoice Duplicate Check
P2P-007682,1.0,0,True,,,
P2P-007683,0.9230769230769231,1,False,Manager Approval,,
P2P-007684,0.8461538461538461,2,False,Manager Approval,Delivery Delayed,
P2P-007685,0.9285714285714286,1,False,,Delivery Delayed,
P2P-007686,1.0,0,True,,,
P2P-007687,0.9230769230769231,1,False,Manager Approval,,
P2P-007688,0.8666666666666667,2,False,,Invoice Blocked | Invoice Corrected,
P2P-007689,1.0,0,True,,,
P2P-007690,0.9230769230769231,1,False,Manager Approval,,
P2P-007691,0.7647058823529411,4,False,,Corrected Invoice Received | Duplicate Check Failed | Invoice Rejected,Invoice Duplicate Check
P2P-007692,1.0,0,True,,,
P2P-007693,1.0,0,True,,,
P2P-007694,0.7222222222222222,5,False,,Corrected Invoice Received | Delivery Delayed | Duplicate Check Failed | Invoice Rejected,Invoice Duplicate Check
P2P-007695,1.0,0,True,,,
P2P-007696,1.0,0,True,,,
P2P-007697,1.0,0,True,,,
P2P-007698,0.8666666666666667,2,False,,Invoice Blocked | Invoice Corrected,
P2P-007699,0.8666666666666667,2,False,,Invoice Blocked | Invoice Corrected,
P2P-007700,1.0,0,True,,,
P2P-007701,1.0,0,True,,,
P2P-007702,0.9230769230769231,1,False,Manager Approval,,
P2P-007703,0.8666666666666667,2,False,,Request Reworked,Manager Approval
P2P-007704,1.0,0,True,,,
P2P-007705,1.0,0,True,,,
P2P-007706,0.8666666666666667,2,False,,Invoice Blocked | Invoice Corrected,
P2P-007707,0.9230769230769231,1,False,Manager Approval,,
P2P-007708,1.0,0,True,,,
P2P-007709,0.8666666666666667,2,False,,Invoice Blocked | Invoice Corrected,
P2P-007710,1.0,0,True,,,
P2P-007711,1.0,0,True,,,
P2P-007712,0.9285714285714286,1,False,,Delivery Delayed,
P2P-007713,0.8125,3,False,,Payment Rejected,Invoice Matched | Payment Authorized
P2P-007714,0.9230769230769231,1,False,Manager Approval,,
P2P-007715,1.0,0,True,,,
P2P-007716,0.9230769230769231,1,False,Manager Approval,,
P2P-007717,0.8125,3,False,,Payment Rejected,Invoice Matched | Payment Authorized
P2P-007718,0.8666666666666667,2,False,,Invoice Blocked | Invoice Corrected,
P2P-007719,0.7647058823529411,4,False,,Corrected Invoice Received | Duplicate Check Failed | Invoice Rejected,Invoice Duplicate Check
P2P-007720,0.8666666666666667,2,False,,Request Reworked,Manager Approval
P2P-007721,0.9230769230769231,1,False,Manager Approval,,
P2P-007722,0.9230769230769231,1,False,Manager Approval,,
P2P-007723,0.8666666666666667,2,False,,Request Reworked,Manager Approval
P2P-007724,1.0,0,True,,,
P2P-007725,1.0,0,True,,,
P2P-007726,0.7857142857142857,3,False,,Three-Way Match Failed,
P2P-007727,0.8666666666666667,2,False,,Request Reworked,Manager Approval
P2P-007728,1.0,0,True,,,
P2P-007729,1.0,0,True,,,
P2P-007730,1.0,0,True,,,
P2P-007731,0.9230769230769231,1,False,Manager Approval,,
P2P-007732,0.9285714285714286,1,False,,Delivery Delayed,
P2P-007733,0.9230769230769231,1,False,Manager Approval,,
P2P-007734,1.0,0,True,,,
P2P-007735,0.8666666666666667,2,False,,Request Reworked,Manager Approval
P2P-007736,1.0,0,True,,,
P2P-007737,1.0,0,True,,,
P2P-007738,0.9285714285714286,1,False,,Delivery Delayed,
P2P-007739,0.8666666666666667,2,False,,Request Reworked,Manager Approval
P2P-007740,1.0,0,True,,,
P2P-007741,0.8666666666666667,2,False,,Request Reworked,Manager Approval
P2P-007742,0.8125,3,False,,Payment Rejected,Invoice Matched | Payment Authorized
P2P-007743,1.0,0,True,,,
P2P-007744,1.0,0,True,,,
P2P-007745,0.9285714285714286,1,False,,Delivery Delayed,
P2P-007746,0.9285714285714286,1,False,,Delivery Delayed,
P2P-007747,1.0,0,True,,,
P2P-007748,0.9230769230769231,1,False,Manager Approval,,
P2P-007749,0.7857142857142857,3,False,,Three-Way Match Failed,
P2P-007750,1.0,0,True,,,
P2P-007751,0.9230769230769231,1,False,Manager Approval,,
P2P-007752,0.8666666666666667,2,False,,Invoice Blocked | Invoice Corrected,
P2P-007753,1.0,0,True,,,
P2P-007754,0.8125,3,False,,Payment Rejected,Invoice Matched | Payment Authorized
P2P-007755,0.8666666666666667,2,False,,Request Reworked,Manager Approval
P2P-007756,1.0,0,True,,,
P2P-007757,1.0,0,True,,,
P2P-007758,0.9285714285714286,1,False,,Delivery Delayed,
P2P-007759,0.8125,3,False,,Payment Rejected,Invoice Matched | Payment Authorized
P2P-007760,1.0,0,True,,,
P2P-007761,1.0,0,True,,,
P2P-007762,1.0,0,True,,,
P2P-007763,0.9230769230769231,1,False,Manager Approval,,
P2P-007764,0.7647058823529411,4,False,,Corrected Invoice Received | Duplicate Check Failed | Invoice Rejected,Invoice Duplicate Check
P2P-007765,1.0,0,True,,,
P2P-007766,0.7647058823529411,4,False,,Delivery Delayed | Payment Rejected,Invoice Matched | Payment Authorized
P2P-007767,0.8125,3,False,,Payment Rejected,Invoice Matched | Payment Authorized
P2P-007768,1.0,0,True,,,
P2P-007769,0.8666666666666667,2,False,,Invoice Blocked | Invoice Corrected,
P2P-007770,0.7857142857142857,3,False,,Three-Way Match Failed,
P2P-007771,0.8666666666666667,2,False,,Invoice Blocked | Invoice Corrected,
P2P-007772,0.8666666666666667,2,False,,Invoice Blocked | Invoice Corrected,
P2P-007773,0.7647058823529411,4,False,,Corrected Invoice Received | Duplicate Check Failed | Invoice Rejected,Invoice Duplicate Check
P2P-007774,0.8125,3,False,,Delivery Delayed | Invoice Blocked | Invoice Corrected,
P2P-007775,0.8666666666666667,2,False,,Request Reworked,Manager Approval
P2P-007776,1.0,0,True,,,
P2P-007777,0.9230769230769231,1,False,Manager Approval,,
P2P-007778,0.9285714285714286,1,False,,Delivery Delayed,
P2P-007779,0.8125,3,False,,Delivery Delayed | Request Reworked,Manager Approval
P2P-007780,1.0,0,True,,,
P2P-007781,0.8666666666666667,2,False,,Request Reworked,Manager Approval
P2P-007782,0.8666666666666667,2,False,,Request Reworked,Manager Approval
P2P-007783,1.0,0,True,,,
P2P-007784,1.0,0,True,,,
P2P-007785,0.9230769230769231,1,False,Manager Approval,,
P2P-007786,0.8666666666666667,2,False,,Request Reworked,Manager Approval
P2P-007787,0.8666666666666667,2,False,,Invoice Blocked | Invoice Corrected,
P2P-007788,1.0,0,True,,,
P2P-007789,1.0,0,True,,,
P2P-007790,0.8125,3,False,,Payment Rejected,Invoice Matched | Payment Authorized
P2P-007791,0.8666666666666667,2,False,,Invoice Blocked | Invoice Corrected,
P2P-007792,1.0,0,True,,,
P2P-007793,0.8666666666666667,2,False,,Request Reworked,Manager Approval
P2P-007794,1.0,0,True,,,
P2P-007795,0.9285714285714286,1,False,,Delivery Delayed,
P2P-007796,0.8666666666666667,2,False,,Invoice Blocked | Invoice Corrected,
P2P-007797,0.9285714285714286,1,False,,Delivery Delayed,
P2P-007798,1.0,0,True,,,
P2P-007799,0.9230769230769231,1,False,Manager Approval,,
P2P-007800,0.8666666666666667,2,False,,Request Reworked,Manager Approval
P2P-007801,0.8666666666666667,2,False,,Request Reworked,Manager Approval
P2P-007802,0.8666666666666667,2,False,,Invoice Blocked | Invoice Corrected,
P2P-007803,0.9285714285714286,1,False,,Delivery Delayed,
P2P-007804,1.0,0,True,,,
P2P-007805,1.0,0,True,,,
P2P-007806,1.0,0,True,,,
P2P-007807,0.9230769230769231,1,False,Manager Approval,,
P2P-007808,0.9230769230769231,1,False,Manager Approval,,
P2P-007809,1.0,0,True,,,
P2P-007810,0.9285714285714286,1,False,,Delivery Delayed,
P2P-007811,1.0,0,True,,,
P2P-007812,1.0,0,True,,,
P2P-007813,1.0,0,True,,,
P2P-007814,1.0,0,True,,,
P2P-007815,1.0,0,True,,,
P2P-007816,0.8125,3,False,,Delivery Delayed | Request Reworked,Manager Approval
P2P-007817,0.9285714285714286,1,False,,Delivery Delayed,
P2P-007818,1.0,0,True,,,
P2P-007819,0.8125,3,False,,Payment Rejected,Invoice Matched | Payment Authorized
P2P-007820,0.8666666666666667,2,False,,Invoice Blocked | Invoice Corrected,
P2P-007821,0.7857142857142857,3,False,,Three-Way Match Failed,
P2P-007822,0.8666666666666667,2,False,,Request Reworked,Manager Approval
P2P-007823,1.0,0,True,,,
P2P-007824,0.8461538461538461,2,False,Manager Approval,Delivery Delayed,
P2P-007825,1.0,0,True,,,
P2P-007826,0.9285714285714286,1,False,,Delivery Delayed,
P2P-007827,1.0,0,True,,,
P2P-007828,0.7857142857142857,3,False,,Three-Way Match Failed,
P2P-007829,0.9285714285714286,1,False,,Delivery Delayed,
P2P-007830,0.8125,3,False,,Payment Rejected,Invoice Matched | Payment Authorized
P2P-007831,0.9230769230769231,1,False,Manager Approval,,
P2P-007832,0.8125,3,False,,Payment Rejected,Invoice Matched | Payment Authorized
P2P-007833,0.8666666666666667,2,False,,Request Reworked,Manager Approval
P2P-007834,0.7857142857142857,3,False,,Three-Way Match Failed,
P2P-007835,0.9230769230769231,1,False,Manager Approval,,
P2P-007836,0.7857142857142857,3,False,,Three-Way Match Failed,
P2P-007837,0.7857142857142857,3,False,,Three-Way Match Failed,
P2P-007838,0.9230769230769231,1,False,Manager Approval,,
P2P-007839,1.0,0,True,,,
P2P-007840,0.9285714285714286,1,False,,Delivery Delayed,
P2P-007841,1.0,0,True,,,
P2P-007842,1.0,0,True,,,
P2P-007843,0.8125,3,False,,Delivery Delayed | Invoice Blocked | Invoice Corrected,
P2P-007844,0.7647058823529411,4,False,,Delivery Delayed | Payment Rejected,Invoice Matched | Payment Authorized
P2P-007845,0.9285714285714286,1,False,,Delivery Delayed,
P2P-007846,0.8666666666666667,2,False,,Invoice Blocked | Invoice Corrected,
P2P-007847,1.0,0,True,,,
P2P-007848,1.0,0,True,,,
P2P-007849,1.0,0,True,,,
P2P-007850,0.7647058823529411,4,False,,Corrected Invoice Received | Duplicate Check Failed | Invoice Rejected,Invoice Duplicate Check
P2P-007851,0.9230769230769231,1,False,Manager Approval,,
P2P-007852,0.9230769230769231,1,False,Manager Approval,,
P2P-007853,0.9230769230769231,1,False,Manager Approval,,
P2P-007854,0.9230769230769231,1,False,Manager Approval,,
P2P-007855,1.0,0,True,,,
P2P-007856,0.8666666666666667,2,False,,Request Reworked,Manager Approval
P2P-007857,0.8125,3,False,,Payment Rejected,Invoice Matched | Payment Authorized
P2P-007858,0.9230769230769231,1,False,Manager Approval,,
P2P-007859,0.7647058823529411,4,False,,Corrected Invoice Received | Duplicate Check Failed | Invoice Rejected,Invoice Duplicate Check
P2P-007860,1.0,0,True,,,
P2P-007861,0.8666666666666667,2,False,,Request Reworked,Manager Approval
P2P-007862,0.8125,3,False,,Delivery Delayed | Invoice Blocked | Invoice Corrected,
P2P-007863,1.0,0,True,,,
P2P-007864,1.0,0,True,,,
P2P-007865,1.0,0,True,,,
P2P-007866,0.7857142857142857,3,False,,Three-Way Match Failed,
P2P-007867,1.0,0,True,,,
P2P-007868,0.8125,3,False,,Payment Rejected,Invoice Matched | Payment Authorized
P2P-007869,0.8125,3,False,,Delivery Delayed | Invoice Blocked | Invoice Corrected,
P2P-007870,0.9285714285714286,1,False,,Delivery Delayed,
P2P-007871,1.0,0,True,,,
P2P-007872,1.0,0,True,,,
P2P-007873,1.0,0,True,,,
P2P-007874,1.0,0,True,,,
P2P-007875,1.0,0,True,,,
P2P-007876,0.9230769230769231,1,False,Manager Approval,,
P2P-007877,1.0,0,True,,,
P2P-007878,1.0,0,True,,,
P2P-007879,1.0,0,True,,,
P2P-007880,1.0,0,True,,,
P2P-007881,1.0,0,True,,,
P2P-007882,0.8666666666666667,2,False,,Request Reworked,Manager Approval
P2P-007883,0.9285714285714286,1,False,,Delivery Delayed,
P2P-007884,1.0,0,True,,,
P2P-007885,0.8666666666666667,2,False,,Invoice Blocked | Invoice Corrected,
P2P-007886,1.0,0,True,,,
P2P-007887,0.9230769230769231,1,False,Manager Approval,,
P2P-007888,0.8125,3,False,,Delivery Delayed | Invoice Blocked | Invoice Corrected,
P2P-007889,1.0,0,True,,,
P2P-007890,0.8666666666666667,2,False,,Invoice Blocked | Invoice Corrected,
P2P-007891,0.8666666666666667,2,False,,Request Reworked,Manager Approval
P2P-007892,0.9230769230769231,1,False,Manager Approval,,
P2P-007893,0.8461538461538461,2,False,Manager Approval,Delivery Delayed,
P2P-007894,0.7857142857142857,3,False,,Three-Way Match Failed,
P2P-007895,1.0,0,True,,,
P2P-007896,1.0,0,True,,,
P2P-007897,1.0,0,True,,,
P2P-007898,0.8666666666666667,2,False,,Invoice Blocked | Invoice Corrected,
P2P-007899,0.8666666666666667,2,False,,Request Reworked,Manager Approval
P2P-007900,0.8666666666666667,2,False,,Request Reworked,Manager Approval
P2P-007901,0.7647058823529411,4,False,,Corrected Invoice Received | Duplicate Check Failed | Invoice Rejected,Invoice Duplicate Check
P2P-007902,0.7647058823529411,4,False,,Corrected Invoice Received | Duplicate Check Failed | Invoice Rejected,Invoice Duplicate Check
P2P-007903,1.0,0,True,,,
P2P-007904,1.0,0,True,,,
P2P-007905,0.7647058823529411,4,False,,Corrected Invoice Received | Duplicate Check Failed | Invoice Rejected,Invoice Duplicate Check
P2P-007906,0.7647058823529411,4,False,,Corrected Invoice Received | Duplicate Check Failed | Invoice Rejected,Invoice Duplicate Check
P2P-007907,0.8125,3,False,,Delivery Delayed | Invoice Blocked | Invoice Corrected,
P2P-007908,0.9230769230769231,1,False,Manager Approval,,
P2P-007909,1.0,0,True,,,
P2P-007910,1.0,0,True,,,
P2P-007911,0.9285714285714286,1,False,,Delivery Delayed,
P2P-007912,0.9230769230769231,1,False,Manager Approval,,
P2P-007913,1.0,0,True,,,
P2P-007914,0.9285714285714286,1,False,,Delivery Delayed,
P2P-007915,1.0,0,True,,,
P2P-007916,0.8125,3,False,,Delivery Delayed | Invoice Blocked | Invoice Corrected,
P2P-007917,0.8666666666666667,2,False,,Request Reworked,Manager Approval
P2P-007918,1.0,0,True,,,
P2P-007919,1.0,0,True,,,
P2P-007920,1.0,0,True,,,
P2P-007921,0.7857142857142857,3,False,,Three-Way Match Failed,
P2P-007922,0.9230769230769231,1,False,Manager Approval,,
P2P-007923,0.9285714285714286,1,False,,Delivery Delayed,
P2P-007924,0.7647058823529411,4,False,,Corrected Invoice Received | Duplicate Check Failed | Invoice Rejected,Invoice Duplicate Check
P2P-007925,0.9285714285714286,1,False,,Delivery Delayed,
P2P-007926,1.0,0,True,,,
P2P-007927,0.9285714285714286,1,False,,Delivery Delayed,
P2P-007928,0.7857142857142857,3,False,,Three-Way Match Failed,
P2P-007929,0.9230769230769231,1,False,Manager Approval,,
P2P-007930,1.0,0,True,,,
P2P-007931,0.9230769230769231,1,False,Manager Approval,,
P2P-007932,0.8125,3,False,,Payment Rejected,Invoice Matched | Payment Authorized
P2P-007933,1.0,0,True,,,
P2P-007934,0.8125,3,False,,Payment Rejected,Invoice Matched | Payment Authorized
P2P-007935,1.0,0,True,,,
P2P-007936,0.9230769230769231,1,False,Manager Approval,,
P2P-007937,0.8666666666666667,2,False,,Invoice Blocked | Invoice Corrected,
P2P-007938,0.8666666666666667,2,False,,Invoice Blocked | Invoice Corrected,
P2P-007939,1.0,0,True,,,
P2P-007940,0.7647058823529411,4,False,,Delivery Delayed | Payment Rejected,Invoice Matched | Payment Authorized
P2P-007941,1.0,0,True,,,
P2P-007942,1.0,0,True,,,
P2P-007943,1.0,0,True,,,
P2P-007944,0.7857142857142857,3,False,,Three-Way Match Failed,
P2P-007945,0.7647058823529411,4,False,,Corrected Invoice Received | Duplicate Check Failed | Invoice Rejected,Invoice Duplicate Check
P2P-007946,1.0,0,True,,,
P2P-007947,0.8666666666666667,2,False,,Invoice Blocked | Invoice Corrected,
P2P-007948,0.8666666666666667,2,False,,Invoice Blocked | Invoice Corrected,
P2P-007949,0.9230769230769231,1,False,Manager Approval,,
P2P-007950,0.8666666666666667,2,False,,Request Reworked,Manager Approval
P2P-007951,0.8666666666666667,2,False,,Invoice Blocked | Invoice Corrected,
P2P-007952,1.0,0,True,,,
P2P-007953,1.0,0,True,,,
P2P-007954,1.0,0,True,,,
P2P-007955,0.9230769230769231,1,False,Manager Approval,,
P2P-007956,0.8666666666666667,2,False,,Invoice Blocked | Invoice Corrected,
P2P-007957,1.0,0,True,,,
P2P-007958,1.0,0,True,,,
P2P-007959,0.7647058823529411,4,False,,Corrected Invoice Received | Duplicate Check Failed | Invoice Rejected,Invoice Duplicate Check
P2P-007960,1.0,0,True,,,
P2P-007961,1.0,0,True,,,
P2P-007962,0.7647058823529411,4,False,,Corrected Invoice Received | Duplicate Check Failed | Invoice Rejected,Invoice Duplicate Check
P2P-007963,0.8666666666666667,2,False,,Invoice Blocked | Invoice Corrected,
P2P-007964,1.0,0,True,,,
P2P-007965,1.0,0,True,,,
P2P-007966,1.0,0,True,,,
P2P-007967,1.0,0,True,,,
P2P-007968,1.0,0,True,,,
P2P-007969,1.0,0,True,,,
P2P-007970,1.0,0,True,,,
P2P-007971,0.8666666666666667,2,False,,Request Reworked,Manager Approval
P2P-007972,1.0,0,True,,,
P2P-007973,1.0,0,True,,,
P2P-007974,1.0,0,True,,,
P2P-007975,0.8666666666666667,2,False,,Request Reworked,Manager Approval
P2P-007976,1.0,0,True,,,
P2P-007977,0.8666666666666667,2,False,,Request Reworked,Manager Approval
P2P-007978,1.0,0,True,,,
P2P-007979,0.9230769230769231,1,False,Manager Approval,,
P2P-007980,0.7857142857142857,3,False,,Three-Way Match Failed,
P2P-007981,1.0,0,True,,,
P2P-007982,0.8666666666666667,2,False,,Request Reworked,Manager Approval
P2P-007983,1.0,0,True,,,
P2P-007984,0.8666666666666667,2,False,,Request Reworked,Manager Approval
P2P-007985,1.0,0,True,,,
P2P-007986,1.0,0,True,,,
P2P-007987,0.8125,3,False,,Payment Rejected,Invoice Matched | Payment Authorized
P2P-007988,1.0,0,True,,,
P2P-007989,0.9230769230769231,1,False,Manager Approval,,
P2P-007990,0.8666666666666667,2,False,,Invoice Blocked | Invoice Corrected,
P2P-007991,0.9285714285714286,1,False,,Delivery Delayed,
P2P-007992,0.7647058823529411,4,False,,Corrected Invoice Received | Duplicate Check Failed | Invoice Rejected,Invoice Duplicate Check
P2P-007993,0.8461538461538461,2,False,Manager Approval,Delivery Delayed,
P2P-007994,1.0,0,True,,,
P2P-007995,0.9230769230769231,1,False,Manager Approval,,
P2P-007996,0.7857142857142857,3,False,,Three-Way Match Failed,
P2P-007997,0.8666666666666667,2,False,,Invoice Blocked | Invoice Corrected,
P2P-007998,1.0,0,True,,,
P2P-007999,0.8666666666666667,2,False,,Request Reworked,Manager Approval
P2P-008000,0.7647058823529411,4,False,,Corrected Invoice Received | Duplicate Check Failed | Invoice Rejected,Invoice Duplicate Check
P2P-008001,0.9230769230769231,1,False,Manager Approval,,
P2P-008002,1.0,0,True,,,
P2P-008003,1.0,0,True,,,
P2P-008004,0.8461538461538461,2,False,Manager Approval,Delivery Delayed,
P2P-008005,0.8125,3,False,,Delivery Delayed | Request Reworked,Manager Approval
P2P-008006,1.0,0,True,,,
P2P-008007,1.0,0,True,,,
P2P-008008,0.7647058823529411,4,False,,Delivery Delayed | Payment Rejected,Invoice Matched | Payment Authorized
P2P-008009,1.0,0,True,,,
P2P-008010,0.9230769230769231,1,False,Manager Approval,,
P2P-008011,0.7222222222222222,5,False,,Corrected Invoice Received | Delivery Delayed | Duplicate Check Failed | Invoice Rejected,Invoice Duplicate Check
P2P-008012,0.8461538461538461,2,False,Manager Approval,Delivery Delayed,
P2P-008013,1.0,0,True,,,
P2P-008014,1.0,0,True,,,
P2P-008015,1.0,0,True,,,
P2P-008016,0.7647058823529411,4,False,,Corrected Invoice Received | Duplicate Check Failed | Invoice Rejected,Invoice Duplicate Check
P2P-008017,0.8666666666666667,2,False,,Invoice Blocked | Invoice Corrected,
P2P-008018,0.8125,3,False,,Delivery Delayed | Request Reworked,Manager Approval
P2P-008019,0.7857142857142857,3,False,,Three-Way Match Failed,
P2P-008020,0.8666666666666667,2,False,,Request Reworked,Manager Approval
P2P-008021,1.0,0,True,,,
P2P-008022,1.0,0,True,,,
P2P-008023,1.0,0,True,,,
P2P-008024,0.8666666666666667,2,False,,Request Reworked,Manager Approval
P2P-008025,0.8666666666666667,2,False,,Request Reworked,Manager Approval
P2P-008026,0.8666666666666667,2,False,,Invoice Blocked | Invoice Corrected,
P2P-008027,0.7647058823529411,4,False,,Corrected Invoice Received | Duplicate Check Failed | Invoice Rejected,Invoice Duplicate Check
P2P-008028,1.0,0,True,,,
P2P-008029,0.8666666666666667,2,False,,Request Reworked,Manager Approval
P2P-008030,0.7857142857142857,3,False,,Three-Way Match Failed,
P2P-008031,0.8666666666666667,2,False,,Request Reworked,Manager Approval
P2P-008032,0.7647058823529411,4,False,,Corrected Invoice Received | Duplicate Check Failed | Invoice Rejected,Invoice Duplicate Check
P2P-008033,1.0,0,True,,,
P2P-008034,0.7647058823529411,4,False,,Corrected Invoice Received | Duplicate Check Failed | Invoice Rejected,Invoice Duplicate Check
P2P-008035,1.0,0,True,,,
P2P-008036,0.9285714285714286,1,False,,Delivery Delayed,
P2P-008037,0.9230769230769231,1,False,Manager Approval,,
P2P-008038,1.0,0,True,,,
P2P-008039,1.0,0,True,,,
P2P-008040,0.9285714285714286,1,False,,Delivery Delayed,
P2P-008041,0.8125,3,False,,Delivery Delayed | Request Reworked,Manager Approval
P2P-008042,0.8666666666666667,2,False,,Invoice Blocked | Invoice Corrected,
P2P-008043,0.7647058823529411,4,False,,Delivery Delayed | Payment Rejected,Invoice Matched | Payment Authorized
P2P-008044,1.0,0,True,,,
P2P-008045,1.0,0,True,,,
P2P-008046,0.9230769230769231,1,False,Manager Approval,,
P2P-008047,1.0,0,True,,,
P2P-008048,1.0,0,True,,,
P2P-008049,0.8666666666666667,2,False,,Request Reworked,Manager Approval
P2P-008050,1.0,0,True,,,
P2P-008051,0.8666666666666667,2,False,,Invoice Blocked | Invoice Corrected,
P2P-008052,0.9285714285714286,1,False,,Delivery Delayed,
P2P-008053,1.0,0,True,,,
P2P-008054,0.9285714285714286,1,False,,Delivery Delayed,
P2P-008055,0.8666666666666667,2,False,,Request Reworked,Manager Approval
P2P-008056,0.7647058823529411,4,False,,Corrected Invoice Received | Duplicate Check Failed | Invoice Rejected,Invoice Duplicate Check
P2P-008057,0.9230769230769231,1,False,Manager Approval,,
P2P-008058,0.7222222222222222,5,False,,Corrected Invoice Received | Delivery Delayed | Duplicate Check Failed | Invoice Rejected,Invoice Duplicate Check
P2P-008059,0.8125,3,False,,Payment Rejected,Invoice Matched | Payment Authorized
P2P-008060,1.0,0,True,,,
P2P-008061,0.8666666666666667,2,False,,Request Reworked,Manager Approval
P2P-008062,0.7647058823529411,4,False,,Corrected Invoice Received | Duplicate Check Failed | Invoice Rejected,Invoice Duplicate Check
P2P-008063,0.8666666666666667,2,False,,Request Reworked,Manager Approval
P2P-008064,0.7647058823529411,4,False,,Corrected Invoice Received | Duplicate Check Failed | Invoice Rejected,Invoice Duplicate Check
P2P-008065,0.9285714285714286,1,False,,Delivery Delayed,
P2P-008066,0.8666666666666667,2,False,,Request Reworked,Manager Approval
P2P-008067,0.8666666666666667,2,False,,Invoice Blocked | Invoice Corrected,
P2P-008068,1.0,0,True,,,
P2P-008069,0.8666666666666667,2,False,,Request Reworked,Manager Approval
P2P-008070,1.0,0,True,,,
P2P-008071,1.0,0,True,,,
P2P-008072,0.7647058823529411,4,False,,Corrected Invoice Received | Duplicate Check Failed | Invoice Rejected,Invoice Duplicate Check
P2P-008073,1.0,0,True,,,
P2P-008074,0.8666666666666667,2,False,,Request Reworked,Manager Approval
P2P-008075,1.0,0,True,,,
P2P-008076,0.8461538461538461,2,False,Manager Approval,Delivery Delayed,
P2P-008077,0.9285714285714286,1,False,,Delivery Delayed,
P2P-008078,1.0,0,True,,,
P2P-008079,0.9230769230769231,1,False,Manager Approval,,
P2P-008080,0.7857142857142857,3,False,,Three-Way Match Failed,
P2P-008081,0.8666666666666667,2,False,,Request Reworked,Manager Approval
P2P-008082,0.7857142857142857,3,False,,Three-Way Match Failed,
P2P-008083,0.8666666666666667,2,False,,Invoice Blocked | Invoice Corrected,
P2P-008084,1.0,0,True,,,
P2P-008085,0.8666666666666667,2,False,,Request Reworked,Manager Approval
P2P-008086,1.0,0,True,,,
P2P-008087,1.0,0,True,,,
P2P-008088,0.8666666666666667,2,False,,Request Reworked,Manager Approval
P2P-008089,1.0,0,True,,,
P2P-008090,0.9230769230769231,1,False,Manager Approval,,
P2P-008091,0.9230769230769231,1,False,Manager Approval,,
P2P-008092,0.8666666666666667,2,False,,Request Reworked,Manager Approval
P2P-008093,1.0,0,True,,,
P2P-008094,0.8125,3,False,,Payment Rejected,Invoice Matched | Payment Authorized
P2P-008095,1.0,0,True,,,
P2P-008096,0.8666666666666667,2,False,,Request Reworked,Manager Approval
P2P-008097,0.9230769230769231,1,False,Manager Approval,,
P2P-008098,0.8666666666666667,2,False,,Invoice Blocked | Invoice Corrected,
P2P-008099,1.0,0,True,,,
P2P-008100,0.8666666666666667,2,False,,Invoice Blocked | Invoice Corrected,
P2P-008101,0.7647058823529411,4,False,,Delivery Delayed | Payment Rejected,Invoice Matched | Payment Authorized
P2P-008102,1.0,0,True,,,
P2P-008103,1.0,0,True,,,
P2P-008104,1.0,0,True,,,
P2P-008105,1.0,0,True,,,
P2P-008106,0.8666666666666667,2,False,,Request Reworked,Manager Approval
P2P-008107,1.0,0,True,,,
P2P-008108,0.9285714285714286,1,False,,Delivery Delayed,
P2P-008109,0.7647058823529411,4,False,,Corrected Invoice Received | Duplicate Check Failed | Invoice Rejected,Invoice Duplicate Check
P2P-008110,0.8666666666666667,2,False,,Invoice Blocked | Invoice Corrected,
P2P-008111,0.7857142857142857,3,False,,Three-Way Match Failed,
P2P-008112,0.8125,3,False,,Payment Rejected,Invoice Matched | Payment Authorized
P2P-008113,1.0,0,True,,,
P2P-008114,1.0,0,True,,,
P2P-008115,1.0,0,True,,,
P2P-008116,1.0,0,True,,,
P2P-008117,0.9230769230769231,1,False,Manager Approval,,
P2P-008118,1.0,0,True,,,
P2P-008119,0.7857142857142857,3,False,,Three-Way Match Failed,
P2P-008120,0.8125,3,False,,Payment Rejected,Invoice Matched | Payment Authorized
P2P-008121,1.0,0,True,,,
P2P-008122,0.7857142857142857,3,False,,Three-Way Match Failed,
P2P-008123,0.8461538461538461,2,False,Manager Approval,Delivery Delayed,
P2P-008124,0.7857142857142857,3,False,,Three-Way Match Failed,
P2P-008125,0.7857142857142857,3,False,,Three-Way Match Failed,
P2P-008126,1.0,0,True,,,
P2P-008127,0.8666666666666667,2,False,,Invoice Blocked | Invoice Corrected,
P2P-008128,0.8666666666666667,2,False,,Request Reworked,Manager Approval
P2P-008129,0.9285714285714286,1,False,,Delivery Delayed,
P2P-008130,1.0,0,True,,,
P2P-008131,0.8666666666666667,2,False,,Invoice Blocked | Invoice Corrected,
P2P-008132,0.7857142857142857,3,False,,Three-Way Match Failed,
P2P-008133,0.9285714285714286,1,False,,Delivery Delayed,
P2P-008134,0.7857142857142857,3,False,,Three-Way Match Failed,
P2P-008135,1.0,0,True,,,
P2P-008136,0.8666666666666667,2,False,,Request Reworked,Manager Approval
P2P-008137,1.0,0,True,,,
P2P-008138,0.9230769230769231,1,False,Manager Approval,,
P2P-008139,1.0,0,True,,,
P2P-008140,1.0,0,True,,,
P2P-008141,0.8125,3,False,,Delivery Delayed | Invoice Blocked | Invoice Corrected,
P2P-008142,0.8666666666666667,2,False,,Request Reworked,Manager Approval
P2P-008143,0.8666666666666667,2,False,,Request Reworked,Manager Approval
P2P-008144,0.8666666666666667,2,False,,Request Reworked,Manager Approval
P2P-008145,0.7222222222222222,5,False,,Corrected Invoice Received | Delivery Delayed | Duplicate Check Failed | Invoice Rejected,Invoice Duplicate Check
P2P-008146,0.7857142857142857,3,False,,Three-Way Match Failed,
P2P-008147,1.0,0,True,,,
P2P-008148,1.0,0,True,,,
P2P-008149,0.7857142857142857,3,False,,Three-Way Match Failed,
P2P-008150,0.7857142857142857,3,False,,Three-Way Match Failed,
P2P-008151,0.7647058823529411,4,False,,Delivery Delayed | Payment Rejected,Invoice Matched | Payment Authorized
P2P-008152,1.0,0,True,,,
P2P-008153,1.0,0,True,,,
P2P-008154,0.9285714285714286,1,False,,Delivery Delayed,
P2P-008155,0.8125,3,False,,Payment Rejected,Invoice Matched | Payment Authorized
P2P-008156,0.8666666666666667,2,False,,Invoice Blocked | Invoice Corrected,
P2P-008157,1.0,0,True,,,
P2P-008158,0.7647058823529411,4,False,,Corrected Invoice Received | Duplicate Check Failed | Invoice Rejected,Invoice Duplicate Check
P2P-008159,1.0,0,True,,,
P2P-008160,0.9230769230769231,1,False,Manager Approval,,
P2P-008161,0.7857142857142857,3,False,,Three-Way Match Failed,
P2P-008162,0.9230769230769231,1,False,Manager Approval,,
P2P-008163,1.0,0,True,,,
P2P-008164,0.9285714285714286,1,False,,Delivery Delayed,
P2P-008165,0.7647058823529411,4,False,,Corrected Invoice Received | Duplicate Check Failed | Invoice Rejected,Invoice Duplicate Check
P2P-008166,0.8125,3,False,,Payment Rejected,Invoice Matched | Payment Authorized
P2P-008167,0.9285714285714286,1,False,,Delivery Delayed,
P2P-008168,0.8125,3,False,,Payment Rejected,Invoice Matched | Payment Authorized
P2P-008169,1.0,0,True,,,
P2P-008170,0.7857142857142857,3,False,,Three-Way Match Failed,
P2P-008171,0.9230769230769231,1,False,Manager Approval,,
P2P-008172,1.0,0,True,,,
P2P-008173,0.8461538461538461,2,False,Manager Approval,Delivery Delayed,
P2P-008174,0.9285714285714286,1,False,,Delivery Delayed,
P2P-008175,0.8125,3,False,,Payment Rejected,Invoice Matched | Payment Authorized
P2P-008176,0.8125,3,False,,Payment Rejected,Invoice Matched | Payment Authorized
P2P-008177,1.0,0,True,,,
P2P-008178,1.0,0,True,,,
P2P-008179,0.8666666666666667,2,False,,Invoice Blocked | Invoice Corrected,
P2P-008180,0.8666666666666667,2,False,,Invoice Blocked | Invoice Corrected,
P2P-008181,0.7857142857142857,3,False,,Three-Way Match Failed,
P2P-008182,1.0,0,True,,,
P2P-008183,1.0,0,True,,,
P2P-008184,0.9230769230769231,1,False,Manager Approval,,
P2P-008185,0.8666666666666667,2,False,,Request Reworked,Manager Approval
P2P-008186,1.0,0,True,,,
P2P-008187,1.0,0,True,,,
P2P-008188,0.7222222222222222,5,False,,Corrected Invoice Received | Delivery Delayed | Duplicate Check Failed | Invoice Rejected,Invoice Duplicate Check
P2P-008189,0.8666666666666667,2,False,,Invoice Blocked | Invoice Corrected,
P2P-008190,0.9285714285714286,1,False,,Delivery Delayed,
P2P-008191,0.9285714285714286,1,False,,Delivery Delayed,
P2P-008192,1.0,0,True,,,
P2P-008193,0.8666666666666667,2,False,,Request Reworked,Manager Approval
P2P-008194,0.7647058823529411,4,False,,Corrected Invoice Received | Duplicate Check Failed | Invoice Rejected,Invoice Duplicate Check
P2P-008195,0.7647058823529411,4,False,,Corrected Invoice Received | Duplicate Check Failed | Invoice Rejected,Invoice Duplicate Check
P2P-008196,0.8666666666666667,2,False,,Invoice Blocked | Invoice Corrected,
P2P-008197,1.0,0,True,,,
P2P-008198,1.0,0,True,,,
P2P-008199,1.0,0,True,,,
P2P-008200,0.9230769230769231,1,False,Manager Approval,,
P2P-008201,0.7857142857142857,3,False,,Three-Way Match Failed,
P2P-008202,1.0,0,True,,,
P2P-008203,0.8125,3,False,,Delivery Delayed | Invoice Blocked | Invoice Corrected,
P2P-008204,0.8125,3,False,,Payment Rejected,Invoice Matched | Payment Authorized
P2P-008205,1.0,0,True,,,
P2P-008206,0.9230769230769231,1,False,Manager Approval,,
P2P-008207,1.0,0,True,,,
P2P-008208,0.9230769230769231,1,False,Manager Approval,,
P2P-008209,0.9285714285714286,1,False,,Delivery Delayed,
P2P-008210,0.8666666666666667,2,False,,Invoice Blocked | Invoice Corrected,
P2P-008211,1.0,0,True,,,
P2P-008212,1.0,0,True,,,
P2P-008213,0.7647058823529411,4,False,,Corrected Invoice Received | Duplicate Check Failed | Invoice Rejected,Invoice Duplicate Check
P2P-008214,0.9285714285714286,1,False,,Delivery Delayed,
P2P-008215,0.9285714285714286,1,False,,Delivery Delayed,
P2P-008216,0.9230769230769231,1,False,Manager Approval,,
P2P-008217,0.9230769230769231,1,False,Manager Approval,,
P2P-008218,1.0,0,True,,,
P2P-008219,0.7857142857142857,3,False,,Three-Way Match Failed,
P2P-008220,1.0,0,True,,,
P2P-008221,0.9230769230769231,1,False,Manager Approval,,
P2P-008222,0.7857142857142857,3,False,,Three-Way Match Failed,
P2P-008223,1.0,0,True,,,
P2P-008224,0.9285714285714286,1,False,,Delivery Delayed,
P2P-008225,1.0,0,True,,,
P2P-008226,0.9230769230769231,1,False,Manager Approval,,
P2P-008227,0.8666666666666667,2,False,,Invoice Blocked | Invoice Corrected,
P2P-008228,1.0,0,True,,,
P2P-008229,0.9230769230769231,1,False,Manager Approval,,
P2P-008230,1.0,0,True,,,
P2P-008231,0.9285714285714286,1,False,,Delivery Delayed,
P2P-008232,0.7857142857142857,3,False,,Three-Way Match Failed,
P2P-008233,0.9230769230769231,1,False,Manager Approval,,
P2P-008234,0.9230769230769231,1,False,Manager Approval,,
P2P-008235,0.8666666666666667,2,False,,Request Reworked,Manager Approval
P2P-008236,0.8125,3,False,,Payment Rejected,Invoice Matched | Payment Authorized
P2P-008237,1.0,0,True,,,
P2P-008238,0.9230769230769231,1,False,Manager Approval,,
P2P-008239,1.0,0,True,,,
P2P-008240,0.8666666666666667,2,False,,Invoice Blocked | Invoice Corrected,
P2P-008241,0.8666666666666667,2,False,,Invoice Blocked | Invoice Corrected,
P2P-008242,1.0,0,True,,,
P2P-008243,0.7857142857142857,3,False,,Three-Way Match Failed,
P2P-008244,0.8125,3,False,,Delivery Delayed | Invoice Blocked | Invoice Corrected,
P2P-008245,0.8666666666666667,2,False,,Request Reworked,Manager Approval
P2P-008246,1.0,0,True,,,
P2P-008247,0.9230769230769231,1,False,Manager Approval,,
P2P-008248,0.9230769230769231,1,False,Manager Approval,,
P2P-008249,0.8125,3,False,,Delivery Delayed | Request Reworked,Manager Approval
P2P-008250,1.0,0,True,,,
P2P-008251,1.0,0,True,,,
P2P-008252,0.8125,3,False,,Delivery Delayed | Request Reworked,Manager Approval
P2P-008253,0.8666666666666667,2,False,,Invoice Blocked | Invoice Corrected,
P2P-008254,1.0,0,True,,,
P2P-008255,0.8125,3,False,,Payment Rejected,Invoice Matched | Payment Authorized
P2P-008256,0.8666666666666667,2,False,,Invoice Blocked | Invoice Corrected,
P2P-008257,0.7647058823529411,4,False,,Corrected Invoice Received | Duplicate Check Failed | Invoice Rejected,Invoice Duplicate Check
P2P-008258,1.0,0,True,,,
P2P-008259,1.0,0,True,,,
P2P-008260,0.8125,3,False,,Delivery Delayed | Invoice Blocked | Invoice Corrected,
P2P-008261,1.0,0,True,,,
P2P-008262,0.8125,3,False,,Payment Rejected,Invoice Matched | Payment Authorized
P2P-008263,1.0,0,True,,,
P2P-008264,1.0,0,True,,,
P2P-008265,0.8125,3,False,,Delivery Delayed | Invoice Blocked | Invoice Corrected,
P2P-008266,0.8666666666666667,2,False,,Request Reworked,Manager Approval
P2P-008267,0.9230769230769231,1,False,Manager Approval,,
P2P-008268,0.9230769230769231,1,False,Manager Approval,,
P2P-008269,0.8125,3,False,,Payment Rejected,Invoice Matched | Payment Authorized
P2P-008270,0.8125,3,False,,Payment Rejected,Invoice Matched | Payment Authorized
P2P-008271,1.0,0,True,,,
P2P-008272,1.0,0,True,,,
P2P-008273,0.9230769230769231,1,False,Manager Approval,,
P2P-008274,0.8666666666666667,2,False,,Request Reworked,Manager Approval
P2P-008275,0.7647058823529411,4,False,,Corrected Invoice Received | Duplicate Check Failed | Invoice Rejected,Invoice Duplicate Check
P2P-008276,0.7857142857142857,3,False,,Three-Way Match Failed,
P2P-008277,1.0,0,True,,,
P2P-008278,1.0,0,True,,,
P2P-008279,0.8666666666666667,2,False,,Request Reworked,Manager Approval
P2P-008280,0.8666666666666667,2,False,,Request Reworked,Manager Approval
P2P-008281,0.9285714285714286,1,False,,Delivery Delayed,
P2P-008282,0.8666666666666667,2,False,,Invoice Blocked | Invoice Corrected,
P2P-008283,0.9285714285714286,1,False,,Delivery Delayed,
P2P-008284,0.8666666666666667,2,False,,Invoice Blocked | Invoice Corrected,
P2P-008285,0.9230769230769231,1,False,Manager Approval,,
P2P-008286,0.9285714285714286,1,False,,Delivery Delayed,
P2P-008287,0.7647058823529411,4,False,,Corrected Invoice Received | Duplicate Check Failed | Invoice Rejected,Invoice Duplicate Check
P2P-008288,1.0,0,True,,,
P2P-008289,0.7857142857142857,3,False,,Three-Way Match Failed,
P2P-008290,1.0,0,True,,,
P2P-008291,0.8666666666666667,2,False,,Request Reworked,Manager Approval
P2P-008292,0.7647058823529411,4,False,,Corrected Invoice Received | Duplicate Check Failed | Invoice Rejected,Invoice Duplicate Check
P2P-008293,0.9230769230769231,1,False,Manager Approval,,
P2P-008294,1.0,0,True,,,
P2P-008295,1.0,0,True,,,
P2P-008296,0.8666666666666667,2,False,,Invoice Blocked | Invoice Corrected,
P2P-008297,0.8125,3,False,,Payment Rejected,Invoice Matched | Payment Authorized
P2P-008298,0.7857142857142857,3,False,,Three-Way Match Failed,
P2P-008299,1.0,0,True,,,
P2P-008300,1.0,0,True,,,
P2P-008301,0.7222222222222222,5,False,,Corrected Invoice Received | Delivery Delayed | Duplicate Check Failed | Invoice Rejected,Invoice Duplicate Check
P2P-008302,1.0,0,True,,,
P2P-008303,0.9285714285714286,1,False,,Delivery Delayed,
P2P-008304,1.0,0,True,,,
P2P-008305,1.0,0,True,,,
P2P-008306,0.7647058823529411,4,False,,Corrected Invoice Received | Duplicate Check Failed | Invoice Rejected,Invoice Duplicate Check
P2P-008307,0.8125,3,False,,Payment Rejected,Invoice Matched | Payment Authorized
P2P-008308,1.0,0,True,,,
P2P-008309,0.9285714285714286,1,False,,Delivery Delayed,
P2P-008310,1.0,0,True,,,
P2P-008311,0.9230769230769231,1,False,Manager Approval,,
P2P-008312,0.7857142857142857,3,False,,Three-Way Match Failed,
P2P-008313,0.7857142857142857,3,False,,Three-Way Match Failed,
P2P-008314,0.7857142857142857,3,False,,Three-Way Match Failed,
P2P-008315,1.0,0,True,,,
P2P-008316,0.9285714285714286,1,False,,Delivery Delayed,
P2P-008317,0.8666666666666667,2,False,,Request Reworked,Manager Approval
P2P-008318,1.0,0,True,,,
P2P-008319,1.0,0,True,,,
P2P-008320,0.7857142857142857,3,False,,Three-Way Match Failed,
P2P-008321,0.9285714285714286,1,False,,Delivery Delayed,
P2P-008322,0.8125,3,False,,Payment Rejected,Invoice Matched | Payment Authorized
P2P-008323,0.9230769230769231,1,False,Manager Approval,,
P2P-008324,1.0,0,True,,,
P2P-008325,1.0,0,True,,,
P2P-008326,0.8666666666666667,2,False,,Invoice Blocked | Invoice Corrected,
P2P-008327,1.0,0,True,,,
P2P-008328,0.8666666666666667,2,False,,Invoice Blocked | Invoice Corrected,
P2P-008329,1.0,0,True,,,
P2P-008330,1.0,0,True,,,
P2P-008331,1.0,0,True,,,
P2P-008332,1.0,0,True,,,
P2P-008333,0.8666666666666667,2,False,,Invoice Blocked | Invoice Corrected,
P2P-008334,1.0,0,True,,,
P2P-008335,0.7857142857142857,3,False,,Three-Way Match Failed,
P2P-008336,0.7222222222222222,5,False,,Corrected Invoice Received | Delivery Delayed | Duplicate Check Failed | Invoice Rejected,Invoice Duplicate Check
P2P-008337,0.8461538461538461,2,False,Manager Approval,Delivery Delayed,
P2P-008338,0.8666666666666667,2,False,,Request Reworked,Manager Approval
P2P-008339,1.0,0,True,,,
P2P-008340,1.0,0,True,,,
P2P-008341,1.0,0,True,,,
P2P-008342,0.9230769230769231,1,False,Manager Approval,,
P2P-008343,0.9230769230769231,1,False,Manager Approval,,
P2P-008344,1.0,0,True,,,
P2P-008345,1.0,0,True,,,
P2P-008346,0.8666666666666667,2,False,,Request Reworked,Manager Approval
P2P-008347,0.7647058823529411,4,False,,Corrected Invoice Received | Duplicate Check Failed | Invoice Rejected,Invoice Duplicate Check
P2P-008348,1.0,0,True,,,
P2P-008349,1.0,0,True,,,
P2P-008350,1.0,0,True,,,
P2P-008351,1.0,0,True,,,
P2P-008352,0.7647058823529411,4,False,,Corrected Invoice Received | Duplicate Check Failed | Invoice Rejected,Invoice Duplicate Check
P2P-008353,1.0,0,True,,,
P2P-008354,0.9285714285714286,1,False,,Delivery Delayed,
P2P-008355,1.0,0,True,,,
P2P-008356,1.0,0,True,,,
P2P-008357,0.8125,3,False,,Delivery Delayed | Invoice Blocked | Invoice Corrected,
P2P-008358,1.0,0,True,,,
P2P-008359,1.0,0,True,,,
P2P-008360,0.7222222222222222,5,False,,Corrected Invoice Received | Delivery Delayed | Duplicate Check Failed | Invoice Rejected,Invoice Duplicate Check
P2P-008361,1.0,0,True,,,
P2P-008362,1.0,0,True,,,
P2P-008363,1.0,0,True,,,
P2P-008364,0.8125,3,False,,Payment Rejected,Invoice Matched | Payment Authorized
P2P-008365,0.7647058823529411,4,False,,Corrected Invoice Received | Duplicate Check Failed | Invoice Rejected,Invoice Duplicate Check
P2P-008366,1.0,0,True,,,
P2P-008367,0.9285714285714286,1,False,,Delivery Delayed,
P2P-008368,0.8666666666666667,2,False,,Request Reworked,Manager Approval
P2P-008369,0.8125,3,False,,Delivery Delayed | Invoice Blocked | Invoice Corrected,
P2P-008370,0.8666666666666667,2,False,,Request Reworked,Manager Approval
P2P-008371,1.0,0,True,,,
P2P-008372,0.8666666666666667,2,False,,Invoice Blocked | Invoice Corrected,
P2P-008373,1.0,0,True,,,
P2P-008374,0.7857142857142857,3,False,,Three-Way Match Failed,
P2P-008375,1.0,0,True,,,
P2P-008376,1.0,0,True,,,
P2P-008377,0.9285714285714286,1,False,,Delivery Delayed,
P2P-008378,1.0,0,True,,,
P2P-008379,1.0,0,True,,,
P2P-008380,0.8666666666666667,2,False,,Request Reworked,Manager Approval
P2P-008381,0.8666666666666667,2,False,,Request Reworked,Manager Approval
P2P-008382,1.0,0,True,,,
P2P-008383,1.0,0,True,,,
P2P-008384,0.8666666666666667,2,False,,Invoice Blocked | Invoice Corrected,
P2P-008385,0.8125,3,False,,Payment Rejected,Invoice Matched | Payment Authorized
P2P-008386,1.0,0,True,,,
P2P-008387,0.8461538461538461,2,False,Manager Approval,Delivery Delayed,
P2P-008388,0.7647058823529411,4,False,,Corrected Invoice Received | Duplicate Check Failed | Invoice Rejected,Invoice Duplicate Check
P2P-008389,0.8666666666666667,2,False,,Request Reworked,Manager Approval
P2P-008390,0.7647058823529411,4,False,,Delivery Delayed | Payment Rejected,Invoice Matched | Payment Authorized
P2P-008391,1.0,0,True,,,
P2P-008392,0.9230769230769231,1,False,Manager Approval,,
P2P-008393,0.7647058823529411,4,False,,Corrected Invoice Received | Duplicate Check Failed | Invoice Rejected,Invoice Duplicate Check
P2P-008394,0.7857142857142857,3,False,,Three-Way Match Failed,
P2P-008395,1.0,0,True,,,
P2P-008396,0.8666666666666667,2,False,,Request Reworked,Manager Approval
P2P-008397,1.0,0,True,,,
P2P-008398,1.0,0,True,,,
P2P-008399,1.0,0,True,,,
P2P-008400,0.8461538461538461,2,False,Manager Approval,Delivery Delayed,
P2P-008401,0.9285714285714286,1,False,,Delivery Delayed,
P2P-008402,0.9230769230769231,1,False,Manager Approval,,
P2P-008403,0.8125,3,False,,Delivery Delayed | Request Reworked,Manager Approval
P2P-008404,1.0,0,True,,,
P2P-008405,0.9230769230769231,1,False,Manager Approval,,
P2P-008406,1.0,0,True,,,
P2P-008407,0.9285714285714286,1,False,,Delivery Delayed,
P2P-008408,1.0,0,True,,,
P2P-008409,1.0,0,True,,,
P2P-008410,1.0,0,True,,,
P2P-008411,0.8666666666666667,2,False,,Invoice Blocked | Invoice Corrected,
P2P-008412,1.0,0,True,,,
P2P-008413,1.0,0,True,,,
P2P-008414,0.9230769230769231,1,False,Manager Approval,,
P2P-008415,1.0,0,True,,,
P2P-008416,0.9230769230769231,1,False,Manager Approval,,
P2P-008417,0.8666666666666667,2,False,,Invoice Blocked | Invoice Corrected,
P2P-008418,0.7857142857142857,3,False,,Three-Way Match Failed,
P2P-008419,0.8125,3,False,,Payment Rejected,Invoice Matched | Payment Authorized
P2P-008420,1.0,0,True,,,
P2P-008421,0.7857142857142857,3,False,,Three-Way Match Failed,
P2P-008422,0.8125,3,False,,Payment Rejected,Invoice Matched | Payment Authorized
P2P-008423,1.0,0,True,,,
P2P-008424,0.7647058823529411,4,False,,Corrected Invoice Received | Duplicate Check Failed | Invoice Rejected,Invoice Duplicate Check
P2P-008425,1.0,0,True,,,
P2P-008426,0.9230769230769231,1,False,Manager Approval,,
P2P-008427,1.0,0,True,,,
P2P-008428,0.7857142857142857,3,False,,Three-Way Match Failed,
P2P-008429,0.9230769230769231,1,False,Manager Approval,,
P2P-008430,0.8666666666666667,2,False,,Invoice Blocked | Invoice Corrected,
P2P-008431,0.7647058823529411,4,False,,Corrected Invoice Received | Duplicate Check Failed | Invoice Rejected,Invoice Duplicate Check
P2P-008432,0.7647058823529411,4,False,,Corrected Invoice Received | Duplicate Check Failed | Invoice Rejected,Invoice Duplicate Check
P2P-008433,1.0,0,True,,,
P2P-008434,0.8666666666666667,2,False,,Request Reworked,Manager Approval
P2P-008435,0.7857142857142857,3,False,,Three-Way Match Failed,
P2P-008436,0.9230769230769231,1,False,Manager Approval,,
P2P-008437,1.0,0,True,,,
P2P-008438,0.7647058823529411,4,False,,Corrected Invoice Received | Duplicate Check Failed | Invoice Rejected,Invoice Duplicate Check
P2P-008439,1.0,0,True,,,
P2P-008440,0.7857142857142857,3,False,,Three-Way Match Failed,
P2P-008441,1.0,0,True,,,
P2P-008442,0.8666666666666667,2,False,,Request Reworked,Manager Approval
P2P-008443,0.9230769230769231,1,False,Manager Approval,,
P2P-008444,1.0,0,True,,,
P2P-008445,0.9285714285714286,1,False,,Delivery Delayed,
P2P-008446,0.9230769230769231,1,False,Manager Approval,,
P2P-008447,0.7857142857142857,3,False,,Three-Way Match Failed,
P2P-008448,0.8666666666666667,2,False,,Request Reworked,Manager Approval
P2P-008449,0.9230769230769231,1,False,Manager Approval,,
P2P-008450,1.0,0,True,,,
P2P-008451,0.8666666666666667,2,False,,Invoice Blocked | Invoice Corrected,
P2P-008452,1.0,0,True,,,
P2P-008453,1.0,0,True,,,
P2P-008454,0.9230769230769231,1,False,Manager Approval,,
P2P-008455,0.8,3,False,,Delivery Delayed | Three-Way Match Failed,
P2P-008456,0.8125,3,False,,Delivery Delayed | Invoice Blocked | Invoice Corrected,
P2P-008457,0.9230769230769231,1,False,Manager Approval,,
P2P-008458,1.0,0,True,,,
P2P-008459,0.9230769230769231,1,False,Manager Approval,,
P2P-008460,0.8666666666666667,2,False,,Invoice Blocked | Invoice Corrected,
P2P-008461,1.0,0,True,,,
P2P-008462,0.8666666666666667,2,False,,Request Reworked,Manager Approval
P2P-008463,1.0,0,True,,,
P2P-008464,0.8666666666666667,2,False,,Invoice Blocked | Invoice Corrected,
P2P-008465,1.0,0,True,,,
P2P-008466,1.0,0,True,,,
P2P-008467,1.0,0,True,,,
P2P-008468,1.0,0,True,,,
P2P-008469,1.0,0,True,,,
P2P-008470,1.0,0,True,,,
P2P-008471,1.0,0,True,,,
P2P-008472,1.0,0,True,,,
P2P-008473,0.8125,3,False,,Payment Rejected,Invoice Matched | Payment Authorized
P2P-008474,1.0,0,True,,,
P2P-008475,0.8666666666666667,2,False,,Request Reworked,Manager Approval
P2P-008476,0.8666666666666667,2,False,,Invoice Blocked | Invoice Corrected,
P2P-008477,0.9230769230769231,1,False,Manager Approval,,
P2P-008478,1.0,0,True,,,
P2P-008479,0.9285714285714286,1,False,,Delivery Delayed,
P2P-008480,1.0,0,True,,,
P2P-008481,1.0,0,True,,,
P2P-008482,1.0,0,True,,,
P2P-008483,0.8666666666666667,2,False,,Request Reworked,Manager Approval
P2P-008484,0.8666666666666667,2,False,,Invoice Blocked | Invoice Corrected,
P2P-008485,0.8666666666666667,2,False,,Request Reworked,Manager Approval
P2P-008486,0.9230769230769231,1,False,Manager Approval,,
P2P-008487,1.0,0,True,,,
P2P-008488,1.0,0,True,,,
P2P-008489,0.7647058823529411,4,False,,Corrected Invoice Received | Duplicate Check Failed | Invoice Rejected,Invoice Duplicate Check
P2P-008490,1.0,0,True,,,
P2P-008491,0.9230769230769231,1,False,Manager Approval,,
P2P-008492,0.7857142857142857,3,False,,Three-Way Match Failed,
P2P-008493,0.8666666666666667,2,False,,Invoice Blocked | Invoice Corrected,
P2P-008494,1.0,0,True,,,
P2P-008495,1.0,0,True,,,
P2P-008496,0.8666666666666667,2,False,,Invoice Blocked | Invoice Corrected,
P2P-008497,0.7647058823529411,4,False,,Delivery Delayed | Payment Rejected,Invoice Matched | Payment Authorized
P2P-008498,1.0,0,True,,,
P2P-008499,1.0,0,True,,,
P2P-008500,1.0,0,True,,,
P2P-008501,1.0,0,True,,,
P2P-008502,0.7857142857142857,3,False,,Three-Way Match Failed,
P2P-008503,0.7857142857142857,3,False,,Three-Way Match Failed,
P2P-008504,1.0,0,True,,,
P2P-008505,0.9285714285714286,1,False,,Delivery Delayed,
P2P-008506,0.7857142857142857,3,False,,Three-Way Match Failed,
P2P-008507,0.8125,3,False,,Delivery Delayed | Invoice Blocked | Invoice Corrected,
P2P-008508,1.0,0,True,,,
P2P-008509,0.9285714285714286,1,False,,Delivery Delayed,
P2P-008510,0.7857142857142857,3,False,,Three-Way Match Failed,
P2P-008511,0.9285714285714286,1,False,,Delivery Delayed,
P2P-008512,0.8125,3,False,,Delivery Delayed | Invoice Blocked | Invoice Corrected,
P2P-008513,1.0,0,True,,,
P2P-008514,1.0,0,True,,,
P2P-008515,1.0,0,True,,,
P2P-008516,1.0,0,True,,,
P2P-008517,1.0,0,True,,,
P2P-008518,0.9230769230769231,1,False,Manager Approval,,
P2P-008519,0.8461538461538461,2,False,Manager Approval,Delivery Delayed,
P2P-008520,1.0,0,True,,,
P2P-008521,0.7647058823529411,4,False,,Delivery Delayed | Payment Rejected,Invoice Matched | Payment Authorized
P2P-008522,1.0,0,True,,,
P2P-008523,1.0,0,True,,,
P2P-008524,1.0,0,True,,,
P2P-008525,0.8,3,False,,Delivery Delayed | Three-Way Match Failed,
P2P-008526,0.8666666666666667,2,False,,Request Reworked,Manager Approval
P2P-008527,1.0,0,True,,,
P2P-008528,1.0,0,True,,,
P2P-008529,1.0,0,True,,,
P2P-008530,0.9230769230769231,1,False,Manager Approval,,
P2P-008531,1.0,0,True,,,
P2P-008532,1.0,0,True,,,
P2P-008533,0.8666666666666667,2,False,,Invoice Blocked | Invoice Corrected,
P2P-008534,0.8666666666666667,2,False,,Invoice Blocked | Invoice Corrected,
P2P-008535,1.0,0,True,,,
P2P-008536,1.0,0,True,,,
P2P-008537,1.0,0,True,,,
P2P-008538,0.9230769230769231,1,False,Manager Approval,,
P2P-008539,0.8666666666666667,2,False,,Invoice Blocked | Invoice Corrected,
P2P-008540,1.0,0,True,,,
P2P-008541,0.8125,3,False,,Payment Rejected,Invoice Matched | Payment Authorized
P2P-008542,0.7647058823529411,4,False,,Corrected Invoice Received | Duplicate Check Failed | Invoice Rejected,Invoice Duplicate Check
P2P-008543,1.0,0,True,,,
P2P-008544,1.0,0,True,,,
P2P-008545,1.0,0,True,,,
P2P-008546,0.7857142857142857,3,False,,Three-Way Match Failed,
P2P-008547,1.0,0,True,,,
P2P-008548,0.8666666666666667,2,False,,Request Reworked,Manager Approval
P2P-008549,0.8666666666666667,2,False,,Request Reworked,Manager Approval
P2P-008550,1.0,0,True,,,
P2P-008551,0.7647058823529411,4,False,,Corrected Invoice Received | Duplicate Check Failed | Invoice Rejected,Invoice Duplicate Check
P2P-008552,0.9285714285714286,1,False,,Delivery Delayed,
P2P-008553,0.8125,3,False,,Payment Rejected,Invoice Matched | Payment Authorized
P2P-008554,1.0,0,True,,,
P2P-008555,0.8666666666666667,2,False,,Request Reworked,Manager Approval
P2P-008556,0.7222222222222222,5,False,,Corrected Invoice Received | Delivery Delayed | Duplicate Check Failed | Invoice Rejected,Invoice Duplicate Check
P2P-008557,0.7647058823529411,4,False,,Corrected Invoice Received | Duplicate Check Failed | Invoice Rejected,Invoice Duplicate Check
P2P-008558,1.0,0,True,,,
P2P-008559,0.7857142857142857,3,False,,Three-Way Match Failed,
P2P-008560,0.9230769230769231,1,False,Manager Approval,,
P2P-008561,0.9230769230769231,1,False,Manager Approval,,
P2P-008562,1.0,0,True,,,
P2P-008563,0.8125,3,False,,Payment Rejected,Invoice Matched | Payment Authorized
P2P-008564,1.0,0,True,,,
P2P-008565,0.7857142857142857,3,False,,Three-Way Match Failed,
P2P-008566,0.9285714285714286,1,False,,Delivery Delayed,
P2P-008567,0.8666666666666667,2,False,,Request Reworked,Manager Approval
P2P-008568,0.8666666666666667,2,False,,Request Reworked,Manager Approval
P2P-008569,0.8666666666666667,2,False,,Request Reworked,Manager Approval
P2P-008570,1.0,0,True,,,
P2P-008571,0.9230769230769231,1,False,Manager Approval,,
P2P-008572,0.8125,3,False,,Delivery Delayed | Request Reworked,Manager Approval
P2P-008573,1.0,0,True,,,
P2P-008574,1.0,0,True,,,
P2P-008575,0.9230769230769231,1,False,Manager Approval,,
P2P-008576,0.9230769230769231,1,False,Manager Approval,,
P2P-008577,1.0,0,True,,,
P2P-008578,1.0,0,True,,,
P2P-008579,0.8125,3,False,,Payment Rejected,Invoice Matched | Payment Authorized
P2P-008580,0.7647058823529411,4,False,,Corrected Invoice Received | Duplicate Check Failed | Invoice Rejected,Invoice Duplicate Check
P2P-008581,1.0,0,True,,,
P2P-008582,1.0,0,True,,,
P2P-008583,0.8666666666666667,2,False,,Invoice Blocked | Invoice Corrected,
P2P-008584,1.0,0,True,,,
P2P-008585,1.0,0,True,,,
P2P-008586,0.8666666666666667,2,False,,Invoice Blocked | Invoice Corrected,
P2P-008587,1.0,0,True,,,
P2P-008588,1.0,0,True,,,
P2P-008589,0.7857142857142857,3,False,,Three-Way Match Failed,
P2P-008590,0.8666666666666667,2,False,,Invoice Blocked | Invoice Corrected,
P2P-008591,0.8666666666666667,2,False,,Request Reworked,Manager Approval
P2P-008592,0.7857142857142857,3,False,,Three-Way Match Failed,
P2P-008593,0.8125,3,False,,Payment Rejected,Invoice Matched | Payment Authorized
P2P-008594,0.8666666666666667,2,False,,Request Reworked,Manager Approval
P2P-008595,0.9230769230769231,1,False,Manager Approval,,
P2P-008596,1.0,0,True,,,
P2P-008597,0.7647058823529411,4,False,,Corrected Invoice Received | Duplicate Check Failed | Invoice Rejected,Invoice Duplicate Check
P2P-008598,1.0,0,True,,,
P2P-008599,0.8125,3,False,,Delivery Delayed | Invoice Blocked | Invoice Corrected,
P2P-008600,0.8461538461538461,2,False,Manager Approval,Delivery Delayed,
P2P-008601,0.8125,3,False,,Payment Rejected,Invoice Matched | Payment Authorized
P2P-008602,0.8666666666666667,2,False,,Invoice Blocked | Invoice Corrected,
P2P-008603,1.0,0,True,,,
P2P-008604,0.8125,3,False,,Payment Rejected,Invoice Matched | Payment Authorized
P2P-008605,1.0,0,True,,,
P2P-008606,0.9285714285714286,1,False,,Delivery Delayed,
P2P-008607,1.0,0,True,,,
P2P-008608,1.0,0,True,,,
P2P-008609,1.0,0,True,,,
P2P-008610,1.0,0,True,,,
P2P-008611,1.0,0,True,,,
P2P-008612,1.0,0,True,,,
P2P-008613,0.8666666666666667,2,False,,Request Reworked,Manager Approval
P2P-008614,0.8125,3,False,,Payment Rejected,Invoice Matched | Payment Authorized
P2P-008615,0.9285714285714286,1,False,,Delivery Delayed,
P2P-008616,1.0,0,True,,,
P2P-008617,1.0,0,True,,,
P2P-008618,1.0,0,True,,,
P2P-008619,1.0,0,True,,,
P2P-008620,0.7647058823529411,4,False,,Corrected Invoice Received | Duplicate Check Failed | Invoice Rejected,Invoice Duplicate Check
P2P-008621,1.0,0,True,,,
P2P-008622,0.8666666666666667,2,False,,Invoice Blocked | Invoice Corrected,
P2P-008623,0.9230769230769231,1,False,Manager Approval,,
P2P-008624,1.0,0,True,,,
P2P-008625,0.9285714285714286,1,False,,Delivery Delayed,
P2P-008626,0.8666666666666667,2,False,,Request Reworked,Manager Approval
P2P-008627,1.0,0,True,,,
P2P-008628,0.8666666666666667,2,False,,Request Reworked,Manager Approval
P2P-008629,1.0,0,True,,,
P2P-008630,0.7647058823529411,4,False,,Corrected Invoice Received | Duplicate Check Failed | Invoice Rejected,Invoice Duplicate Check
P2P-008631,0.9230769230769231,1,False,Manager Approval,,
P2P-008632,0.8666666666666667,2,False,,Request Reworked,Manager Approval
P2P-008633,1.0,0,True,,,
P2P-008634,0.8666666666666667,2,False,,Invoice Blocked | Invoice Corrected,
P2P-008635,1.0,0,True,,,
P2P-008636,1.0,0,True,,,
P2P-008637,0.9285714285714286,1,False,,Delivery Delayed,
P2P-008638,1.0,0,True,,,
P2P-008639,0.8125,3,False,,Delivery Delayed | Request Reworked,Manager Approval
P2P-008640,0.8461538461538461,2,False,Manager Approval,Delivery Delayed,
P2P-008641,1.0,0,True,,,
P2P-008642,0.9230769230769231,1,False,Manager Approval,,
P2P-008643,1.0,0,True,,,
P2P-008644,0.7647058823529411,4,False,,Corrected Invoice Received | Duplicate Check Failed | Invoice Rejected,Invoice Duplicate Check
P2P-008645,0.8666666666666667,2,False,,Invoice Blocked | Invoice Corrected,
P2P-008646,1.0,0,True,,,
P2P-008647,1.0,0,True,,,
P2P-008648,0.8666666666666667,2,False,,Request Reworked,Manager Approval
P2P-008649,0.8666666666666667,2,False,,Request Reworked,Manager Approval
P2P-008650,0.8461538461538461,2,False,Manager Approval,Delivery Delayed,
P2P-008651,1.0,0,True,,,
P2P-008652,0.8666666666666667,2,False,,Request Reworked,Manager Approval
P2P-008653,0.8666666666666667,2,False,,Request Reworked,Manager Approval
P2P-008654,1.0,0,True,,,
P2P-008655,0.7647058823529411,4,False,,Corrected Invoice Received | Duplicate Check Failed | Invoice Rejected,Invoice Duplicate Check
P2P-008656,0.8125,3,False,,Payment Rejected,Invoice Matched | Payment Authorized
P2P-008657,1.0,0,True,,,
P2P-008658,1.0,0,True,,,
P2P-008659,0.8666666666666667,2,False,,Invoice Blocked | Invoice Corrected,
P2P-008660,0.8666666666666667,2,False,,Request Reworked,Manager Approval
P2P-008661,0.7647058823529411,4,False,,Corrected Invoice Received | Duplicate Check Failed | Invoice Rejected,Invoice Duplicate Check
P2P-008662,1.0,0,True,,,
P2P-008663,0.7647058823529411,4,False,,Corrected Invoice Received | Duplicate Check Failed | Invoice Rejected,Invoice Duplicate Check
P2P-008664,1.0,0,True,,,
P2P-008665,1.0,0,True,,,
P2P-008666,1.0,0,True,,,
P2P-008667,1.0,0,True,,,
P2P-008668,0.7647058823529411,4,False,,Corrected Invoice Received | Duplicate Check Failed | Invoice Rejected,Invoice Duplicate Check
P2P-008669,0.8666666666666667,2,False,,Request Reworked,Manager Approval
P2P-008670,0.9230769230769231,1,False,Manager Approval,,
P2P-008671,0.7647058823529411,4,False,,Corrected Invoice Received | Duplicate Check Failed | Invoice Rejected,Invoice Duplicate Check
P2P-008672,0.8125,3,False,,Delivery Delayed | Invoice Blocked | Invoice Corrected,
P2P-008673,0.7647058823529411,4,False,,Corrected Invoice Received | Duplicate Check Failed | Invoice Rejected,Invoice Duplicate Check
P2P-008674,0.8,3,False,,Delivery Delayed | Three-Way Match Failed,
P2P-008675,0.8666666666666667,2,False,,Invoice Blocked | Invoice Corrected,
P2P-008676,0.8666666666666667,2,False,,Invoice Blocked | Invoice Corrected,
P2P-008677,1.0,0,True,,,
P2P-008678,1.0,0,True,,,
P2P-008679,0.8666666666666667,2,False,,Invoice Blocked | Invoice Corrected,
P2P-008680,0.7857142857142857,3,False,,Three-Way Match Failed,
P2P-008681,0.9285714285714286,1,False,,Delivery Delayed,
P2P-008682,0.8666666666666667,2,False,,Request Reworked,Manager Approval
P2P-008683,0.8666666666666667,2,False,,Request Reworked,Manager Approval
P2P-008684,1.0,0,True,,,
P2P-008685,1.0,0,True,,,
P2P-008686,1.0,0,True,,,
P2P-008687,0.8125,3,False,,Delivery Delayed | Invoice Blocked | Invoice Corrected,
P2P-008688,0.8666666666666667,2,False,,Invoice Blocked | Invoice Corrected,
P2P-008689,1.0,0,True,,,
P2P-008690,0.7647058823529411,4,False,,Corrected Invoice Received | Duplicate Check Failed | Invoice Rejected,Invoice Duplicate Check
P2P-008691,1.0,0,True,,,
P2P-008692,0.8125,3,False,,Delivery Delayed | Request Reworked,Manager Approval
P2P-008693,0.8125,3,False,,Payment Rejected,Invoice Matched | Payment Authorized
P2P-008694,0.8125,3,False,,Delivery Delayed | Invoice Blocked | Invoice Corrected,
P2P-008695,1.0,0,True,,,
P2P-008696,1.0,0,True,,,
P2P-008697,0.8666666666666667,2,False,,Request Reworked,Manager Approval
P2P-008698,0.7857142857142857,3,False,,Three-Way Match Failed,
P2P-008699,0.9230769230769231,1,False,Manager Approval,,
P2P-008700,1.0,0,True,,,
P2P-008701,0.7857142857142857,3,False,,Three-Way Match Failed,
P2P-008702,0.9285714285714286,1,False,,Delivery Delayed,
P2P-008703,0.7647058823529411,4,False,,Corrected Invoice Received | Duplicate Check Failed | Invoice Rejected,Invoice Duplicate Check
P2P-008704,0.8125,3,False,,Payment Rejected,Invoice Matched | Payment Authorized
P2P-008705,1.0,0,True,,,
P2P-008706,0.7647058823529411,4,False,,Corrected Invoice Received | Duplicate Check Failed | Invoice Rejected,Invoice Duplicate Check
P2P-008707,1.0,0,True,,,
P2P-008708,0.8666666666666667,2,False,,Invoice Blocked | Invoice Corrected,
P2P-008709,0.9230769230769231,1,False,Manager Approval,,
P2P-008710,0.8666666666666667,2,False,,Request Reworked,Manager Approval
P2P-008711,1.0,0,True,,,
P2P-008712,1.0,0,True,,,
P2P-008713,1.0,0,True,,,
P2P-008714,1.0,0,True,,,
P2P-008715,1.0,0,True,,,
P2P-008716,0.8125,3,False,,Payment Rejected,Invoice Matched | Payment Authorized
P2P-008717,1.0,0,True,,,
P2P-008718,0.9230769230769231,1,False,Manager Approval,,
P2P-008719,0.9285714285714286,1,False,,Delivery Delayed,
P2P-008720,1.0,0,True,,,
P2P-008721,1.0,0,True,,,
P2P-008722,0.8666666666666667,2,False,,Invoice Blocked | Invoice Corrected,
P2P-008723,1.0,0,True,,,
P2P-008724,1.0,0,True,,,
P2P-008725,1.0,0,True,,,
P2P-008726,1.0,0,True,,,
P2P-008727,1.0,0,True,,,
P2P-008728,0.8666666666666667,2,False,,Invoice Blocked | Invoice Corrected,
P2P-008729,0.8666666666666667,2,False,,Request Reworked,Manager Approval
P2P-008730,0.9230769230769231,1,False,Manager Approval,,
P2P-008731,0.9230769230769231,1,False,Manager Approval,,
P2P-008732,0.9230769230769231,1,False,Manager Approval,,
P2P-008733,1.0,0,True,,,
P2P-008734,1.0,0,True,,,
P2P-008735,0.8666666666666667,2,False,,Request Reworked,Manager Approval
P2P-008736,1.0,0,True,,,
P2P-008737,1.0,0,True,,,
P2P-008738,1.0,0,True,,,
P2P-008739,0.9285714285714286,1,False,,Delivery Delayed,
P2P-008740,0.8666666666666667,2,False,,Invoice Blocked | Invoice Corrected,
P2P-008741,1.0,0,True,,,
P2P-008742,0.7857142857142857,3,False,,Three-Way Match Failed,
P2P-008743,1.0,0,True,,,
P2P-008744,0.9230769230769231,1,False,Manager Approval,,
P2P-008745,1.0,0,True,,,
P2P-008746,0.9230769230769231,1,False,Manager Approval,,
P2P-008747,0.7857142857142857,3,False,,Three-Way Match Failed,
P2P-008748,0.8666666666666667,2,False,,Request Reworked,Manager Approval
P2P-008749,0.8666666666666667,2,False,,Request Reworked,Manager Approval
P2P-008750,1.0,0,True,,,
P2P-008751,1.0,0,True,,,
P2P-008752,1.0,0,True,,,
P2P-008753,0.8666666666666667,2,False,,Invoice Blocked | Invoice Corrected,
P2P-008754,1.0,0,True,,,
P2P-008755,1.0,0,True,,,
P2P-008756,1.0,0,True,,,
P2P-008757,0.8666666666666667,2,False,,Request Reworked,Manager Approval
P2P-008758,0.7857142857142857,3,False,,Three-Way Match Failed,
P2P-008759,1.0,0,True,,,
P2P-008760,1.0,0,True,,,
P2P-008761,1.0,0,True,,,
P2P-008762,1.0,0,True,,,
P2P-008763,0.9230769230769231,1,False,Manager Approval,,
P2P-008764,0.8666666666666667,2,False,,Invoice Blocked | Invoice Corrected,
P2P-008765,1.0,0,True,,,
P2P-008766,1.0,0,True,,,
P2P-008767,1.0,0,True,,,
P2P-008768,0.9230769230769231,1,False,Manager Approval,,
P2P-008769,0.9230769230769231,1,False,Manager Approval,,
P2P-008770,0.8666666666666667,2,False,,Invoice Blocked | Invoice Corrected,
P2P-008771,0.9230769230769231,1,False,Manager Approval,,
P2P-008772,0.9285714285714286,1,False,,Delivery Delayed,
P2P-008773,1.0,0,True,,,
P2P-008774,1.0,0,True,,,
P2P-008775,0.8666666666666667,2,False,,Request Reworked,Manager Approval
P2P-008776,1.0,0,True,,,
P2P-008777,1.0,0,True,,,
P2P-008778,0.8125,3,False,,Payment Rejected,Invoice Matched | Payment Authorized
P2P-008779,1.0,0,True,,,
P2P-008780,0.9230769230769231,1,False,Manager Approval,,
P2P-008781,0.7647058823529411,4,False,,Corrected Invoice Received | Duplicate Check Failed | Invoice Rejected,Invoice Duplicate Check
P2P-008782,1.0,0,True,,,
P2P-008783,0.8666666666666667,2,False,,Request Reworked,Manager Approval
P2P-008784,1.0,0,True,,,
P2P-008785,0.7857142857142857,3,False,,Three-Way Match Failed,
P2P-008786,1.0,0,True,,,
P2P-008787,1.0,0,True,,,
P2P-008788,0.8666666666666667,2,False,,Request Reworked,Manager Approval
P2P-008789,0.9285714285714286,1,False,,Delivery Delayed,
P2P-008790,0.8666666666666667,2,False,,Request Reworked,Manager Approval
P2P-008791,0.8666666666666667,2,False,,Invoice Blocked | Invoice Corrected,
P2P-008792,1.0,0,True,,,
P2P-008793,0.8666666666666667,2,False,,Invoice Blocked | Invoice Corrected,
P2P-008794,0.8666666666666667,2,False,,Invoice Blocked | Invoice Corrected,
P2P-008795,0.8666666666666667,2,False,,Request Reworked,Manager Approval
P2P-008796,0.8666666666666667,2,False,,Invoice Blocked | Invoice Corrected,
P2P-008797,1.0,0,True,,,
P2P-008798,0.8666666666666667,2,False,,Request Reworked,Manager Approval
P2P-008799,1.0,0,True,,,
P2P-008800,0.7647058823529411,4,False,,Corrected Invoice Received | Duplicate Check Failed | Invoice Rejected,Invoice Duplicate Check
P2P-008801,0.7857142857142857,3,False,,Three-Way Match Failed,
P2P-008802,1.0,0,True,,,
P2P-008803,1.0,0,True,,,
P2P-008804,0.9285714285714286,1,False,,Delivery Delayed,
P2P-008805,0.9230769230769231,1,False,Manager Approval,,
P2P-008806,0.7857142857142857,3,False,,Three-Way Match Failed,
P2P-008807,0.9230769230769231,1,False,Manager Approval,,
P2P-008808,0.9230769230769231,1,False,Manager Approval,,
P2P-008809,1.0,0,True,,,
P2P-008810,0.7647058823529411,4,False,,Corrected Invoice Received | Duplicate Check Failed | Invoice Rejected,Invoice Duplicate Check
P2P-008811,0.7647058823529411,4,False,,Corrected Invoice Received | Duplicate Check Failed | Invoice Rejected,Invoice Duplicate Check
P2P-008812,0.8666666666666667,2,False,,Invoice Blocked | Invoice Corrected,
P2P-008813,0.8666666666666667,2,False,,Request Reworked,Manager Approval
P2P-008814,1.0,0,True,,,
P2P-008815,0.8125,3,False,,Payment Rejected,Invoice Matched | Payment Authorized
P2P-008816,0.8461538461538461,2,False,Manager Approval,Delivery Delayed,
P2P-008817,0.7647058823529411,4,False,,Corrected Invoice Received | Duplicate Check Failed | Invoice Rejected,Invoice Duplicate Check
P2P-008818,0.8666666666666667,2,False,,Invoice Blocked | Invoice Corrected,
P2P-008819,0.9230769230769231,1,False,Manager Approval,,
P2P-008820,0.9285714285714286,1,False,,Delivery Delayed,
P2P-008821,1.0,0,True,,,
P2P-008822,0.9230769230769231,1,False,Manager Approval,,
P2P-008823,0.9230769230769231,1,False,Manager Approval,,
P2P-008824,0.7647058823529411,4,False,,Corrected Invoice Received | Duplicate Check Failed | Invoice Rejected,Invoice Duplicate Check
P2P-008825,1.0,0,True,,,
P2P-008826,0.7647058823529411,4,False,,Corrected Invoice Received | Duplicate Check Failed | Invoice Rejected,Invoice Duplicate Check
P2P-008827,0.7857142857142857,3,False,,Three-Way Match Failed,
P2P-008828,0.8,3,False,,Delivery Delayed | Three-Way Match Failed,
P2P-008829,0.7857142857142857,3,False,,Three-Way Match Failed,
P2P-008830,0.9230769230769231,1,False,Manager Approval,,
P2P-008831,0.9230769230769231,1,False,Manager Approval,,
P2P-008832,0.8461538461538461,2,False,Manager Approval,Delivery Delayed,
P2P-008833,1.0,0,True,,,
P2P-008834,0.7647058823529411,4,False,,Delivery Delayed | Payment Rejected,Invoice Matched | Payment Authorized
P2P-008835,1.0,0,True,,,
P2P-008836,1.0,0,True,,,
P2P-008837,1.0,0,True,,,
P2P-008838,0.8,3,False,,Delivery Delayed | Three-Way Match Failed,
P2P-008839,1.0,0,True,,,
P2P-008840,0.9230769230769231,1,False,Manager Approval,,
P2P-008841,0.9285714285714286,1,False,,Delivery Delayed,
P2P-008842,1.0,0,True,,,
P2P-008843,0.9285714285714286,1,False,,Delivery Delayed,
P2P-008844,0.8125,3,False,,Delivery Delayed | Invoice Blocked | Invoice Corrected,
P2P-008845,1.0,0,True,,,
P2P-008846,0.8666666666666667,2,False,,Invoice Blocked | Invoice Corrected,
P2P-008847,0.7647058823529411,4,False,,Corrected Invoice Received | Duplicate Check Failed | Invoice Rejected,Invoice Duplicate Check
P2P-008848,0.9285714285714286,1,False,,Delivery Delayed,
P2P-008849,0.8125,3,False,,Payment Rejected,Invoice Matched | Payment Authorized
P2P-008850,1.0,0,True,,,
P2P-008851,0.7647058823529411,4,False,,Corrected Invoice Received | Duplicate Check Failed | Invoice Rejected,Invoice Duplicate Check
P2P-008852,0.8125,3,False,,Payment Rejected,Invoice Matched | Payment Authorized
P2P-008853,1.0,0,True,,,
P2P-008854,0.8666666666666667,2,False,,Request Reworked,Manager Approval
P2P-008855,0.9230769230769231,1,False,Manager Approval,,
P2P-008856,1.0,0,True,,,
P2P-008857,1.0,0,True,,,
P2P-008858,0.9230769230769231,1,False,Manager Approval,,
P2P-008859,1.0,0,True,,,
P2P-008860,0.9230769230769231,1,False,Manager Approval,,
P2P-008861,1.0,0,True,,,
P2P-008862,0.7647058823529411,4,False,,Corrected Invoice Received | Duplicate Check Failed | Invoice Rejected,Invoice Duplicate Check
P2P-008863,1.0,0,True,,,
P2P-008864,1.0,0,True,,,
P2P-008865,1.0,0,True,,,
P2P-008866,1.0,0,True,,,
P2P-008867,0.8125,3,False,,Delivery Delayed | Request Reworked,Manager Approval
P2P-008868,0.7647058823529411,4,False,,Corrected Invoice Received | Duplicate Check Failed | Invoice Rejected,Invoice Duplicate Check
P2P-008869,0.8666666666666667,2,False,,Request Reworked,Manager Approval
P2P-008870,0.8666666666666667,2,False,,Invoice Blocked | Invoice Corrected,
P2P-008871,1.0,0,True,,,
P2P-008872,1.0,0,True,,,
P2P-008873,0.9230769230769231,1,False,Manager Approval,,
P2P-008874,0.9285714285714286,1,False,,Delivery Delayed,
P2P-008875,0.7647058823529411,4,False,,Corrected Invoice Received | Duplicate Check Failed | Invoice Rejected,Invoice Duplicate Check
P2P-008876,1.0,0,True,,,
P2P-008877,1.0,0,True,,,
P2P-008878,0.9230769230769231,1,False,Manager Approval,,
P2P-008879,0.8666666666666667,2,False,,Invoice Blocked | Invoice Corrected,
P2P-008880,0.8125,3,False,,Delivery Delayed | Invoice Blocked | Invoice Corrected,
P2P-008881,0.8461538461538461,2,False,Manager Approval,Delivery Delayed,
P2P-008882,0.7647058823529411,4,False,,Corrected Invoice Received | Duplicate Check Failed | Invoice Rejected,Invoice Duplicate Check
P2P-008883,1.0,0,True,,,
P2P-008884,0.7857142857142857,3,False,,Three-Way Match Failed,
P2P-008885,1.0,0,True,,,
P2P-008886,0.8666666666666667,2,False,,Invoice Blocked | Invoice Corrected,
P2P-008887,0.8125,3,False,,Payment Rejected,Invoice Matched | Payment Authorized
P2P-008888,0.7647058823529411,4,False,,Corrected Invoice Received | Duplicate Check Failed | Invoice Rejected,Invoice Duplicate Check
P2P-008889,1.0,0,True,,,
P2P-008890,0.7647058823529411,4,False,,Corrected Invoice Received | Duplicate Check Failed | Invoice Rejected,Invoice Duplicate Check
P2P-008891,1.0,0,True,,,
P2P-008892,0.8666666666666667,2,False,,Invoice Blocked | Invoice Corrected,
P2P-008893,1.0,0,True,,,
P2P-008894,1.0,0,True,,,
P2P-008895,0.8461538461538461,2,False,Manager Approval,Delivery Delayed,
P2P-008896,0.7647058823529411,4,False,,Corrected Invoice Received | Duplicate Check Failed | Invoice Rejected,Invoice Duplicate Check
P2P-008897,1.0,0,True,,,
P2P-008898,0.9285714285714286,1,False,,Delivery Delayed,
P2P-008899,1.0,0,True,,,
P2P-008900,0.8125,3,False,,Payment Rejected,Invoice Matched | Payment Authorized
P2P-008901,0.8666666666666667,2,False,,Request Reworked,Manager Approval
P2P-008902,0.9230769230769231,1,False,Manager Approval,,
P2P-008903,0.7647058823529411,4,False,,Delivery Delayed | Payment Rejected,Invoice Matched | Payment Authorized
P2P-008904,0.8,3,False,,Delivery Delayed | Three-Way Match Failed,
P2P-008905,1.0,0,True,,,
P2P-008906,1.0,0,True,,,
P2P-008907,0.8666666666666667,2,False,,Invoice Blocked | Invoice Corrected,
P2P-008908,1.0,0,True,,,
P2P-008909,1.0,0,True,,,
P2P-008910,0.7857142857142857,3,False,,Three-Way Match Failed,
P2P-008911,0.7857142857142857,3,False,,Three-Way Match Failed,
P2P-008912,1.0,0,True,,,
P2P-008913,0.7647058823529411,4,False,,Corrected Invoice Received | Duplicate Check Failed | Invoice Rejected,Invoice Duplicate Check
P2P-008914,1.0,0,True,,,
P2P-008915,0.8666666666666667,2,False,,Invoice Blocked | Invoice Corrected,
P2P-008916,0.8125,3,False,,Delivery Delayed | Invoice Blocked | Invoice Corrected,
P2P-008917,1.0,0,True,,,
P2P-008918,1.0,0,True,,,
P2P-008919,0.7647058823529411,4,False,,Corrected Invoice Received | Duplicate Check Failed | Invoice Rejected,Invoice Duplicate Check
P2P-008920,0.7222222222222222,5,False,,Corrected Invoice Received | Delivery Delayed | Duplicate Check Failed | Invoice Rejected,Invoice Duplicate Check
P2P-008921,1.0,0,True,,,
P2P-008922,0.9285714285714286,1,False,,Delivery Delayed,
P2P-008923,1.0,0,True,,,
P2P-008924,1.0,0,True,,,
P2P-008925,1.0,0,True,,,
P2P-008926,0.7857142857142857,3,False,,Three-Way Match Failed,
P2P-008927,0.8666666666666667,2,False,,Request Reworked,Manager Approval
P2P-008928,0.9230769230769231,1,False,Manager Approval,,
P2P-008929,0.8666666666666667,2,False,,Request Reworked,Manager Approval
P2P-008930,1.0,0,True,,,
P2P-008931,0.9230769230769231,1,False,Manager Approval,,
P2P-008932,1.0,0,True,,,
P2P-008933,0.8666666666666667,2,False,,Request Reworked,Manager Approval
P2P-008934,0.8125,3,False,,Delivery Delayed | Request Reworked,Manager Approval
P2P-008935,0.8666666666666667,2,False,,Invoice Blocked | Invoice Corrected,
P2P-008936,0.8,3,False,,Delivery Delayed | Three-Way Match Failed,
P2P-008937,0.9285714285714286,1,False,,Delivery Delayed,
P2P-008938,0.8666666666666667,2,False,,Invoice Blocked | Invoice Corrected,
P2P-008939,1.0,0,True,,,
P2P-008940,1.0,0,True,,,
P2P-008941,0.8125,3,False,,Payment Rejected,Invoice Matched | Payment Authorized
P2P-008942,1.0,0,True,,,
P2P-008943,0.8666666666666667,2,False,,Invoice Blocked | Invoice Corrected,
P2P-008944,0.8125,3,False,,Delivery Delayed | Invoice Blocked | Invoice Corrected,
P2P-008945,1.0,0,True,,,
P2P-008946,0.7857142857142857,3,False,,Three-Way Match Failed,
P2P-008947,0.8666666666666667,2,False,,Request Reworked,Manager Approval
P2P-008948,1.0,0,True,,,
P2P-008949,0.9230769230769231,1,False,Manager Approval,,
P2P-008950,1.0,0,True,,,
P2P-008951,1.0,0,True,,,
P2P-008952,1.0,0,True,,,
P2P-008953,1.0,0,True,,,
P2P-008954,0.8666666666666667,2,False,,Invoice Blocked | Invoice Corrected,
P2P-008955,0.9230769230769231,1,False,Manager Approval,,
P2P-008956,0.8666666666666667,2,False,,Request Reworked,Manager Approval
P2P-008957,0.7857142857142857,3,False,,Three-Way Match Failed,
P2P-008958,1.0,0,True,,,
P2P-008959,1.0,0,True,,,
P2P-008960,1.0,0,True,,,
P2P-008961,1.0,0,True,,,
P2P-008962,1.0,0,True,,,
P2P-008963,0.9285714285714286,1,False,,Delivery Delayed,
P2P-008964,1.0,0,True,,,
P2P-008965,0.9285714285714286,1,False,,Delivery Delayed,
P2P-008966,0.8666666666666667,2,False,,Request Reworked,Manager Approval
P2P-008967,1.0,0,True,,,
P2P-008968,1.0,0,True,,,
P2P-008969,0.8666666666666667,2,False,,Request Reworked,Manager Approval
P2P-008970,1.0,0,True,,,
P2P-008971,0.8125,3,False,,Payment Rejected,Invoice Matched | Payment Authorized
P2P-008972,1.0,0,True,,,
P2P-008973,0.7647058823529411,4,False,,Corrected Invoice Received | Duplicate Check Failed | Invoice Rejected,Invoice Duplicate Check
P2P-008974,1.0,0,True,,,
P2P-008975,0.8666666666666667,2,False,,Invoice Blocked | Invoice Corrected,
P2P-008976,0.9230769230769231,1,False,Manager Approval,,
P2P-008977,1.0,0,True,,,
P2P-008978,0.7857142857142857,3,False,,Three-Way Match Failed,
P2P-008979,1.0,0,True,,,
P2P-008980,0.8666666666666667,2,False,,Invoice Blocked | Invoice Corrected,
P2P-008981,0.7857142857142857,3,False,,Three-Way Match Failed,
P2P-008982,0.8125,3,False,,Delivery Delayed | Invoice Blocked | Invoice Corrected,
P2P-008983,0.8125,3,False,,Payment Rejected,Invoice Matched | Payment Authorized
P2P-008984,0.9230769230769231,1,False,Manager Approval,,
P2P-008985,1.0,0,True,,,
P2P-008986,0.8125,3,False,,Delivery Delayed | Invoice Blocked | Invoice Corrected,
P2P-008987,0.9230769230769231,1,False,Manager Approval,,
P2P-008988,1.0,0,True,,,
P2P-008989,0.7647058823529411,4,False,,Corrected Invoice Received | Duplicate Check Failed | Invoice Rejected,Invoice Duplicate Check
P2P-008990,0.9230769230769231,1,False,Manager Approval,,
P2P-008991,0.8666666666666667,2,False,,Request Reworked,Manager Approval
P2P-008992,0.9285714285714286,1,False,,Delivery Delayed,
P2P-008993,0.8125,3,False,,Payment Rejected,Invoice Matched | Payment Authorized
P2P-008994,0.7647058823529411,4,False,,Corrected Invoice Received | Duplicate Check Failed | Invoice Rejected,Invoice Duplicate Check
P2P-008995,1.0,0,True,,,
P2P-008996,0.8125,3,False,,Payment Rejected,Invoice Matched | Payment Authorized
P2P-008997,1.0,0,True,,,
P2P-008998,1.0,0,True,,,
P2P-008999,0.9230769230769231,1,False,Manager Approval,,
P2P-009000,0.8125,3,False,,Payment Rejected,Invoice Matched | Payment Authorized
P2P-009001,0.8666666666666667,2,False,,Request Reworked,Manager Approval
P2P-009002,1.0,0,True,,,
P2P-009003,1.0,0,True,,,
P2P-009004,0.8125,3,False,,Payment Rejected,Invoice Matched | Payment Authorized
P2P-009005,1.0,0,True,,,
P2P-009006,0.7857142857142857,3,False,,Three-Way Match Failed,
P2P-009007,1.0,0,True,,,
P2P-009008,0.8125,3,False,,Payment Rejected,Invoice Matched | Payment Authorized
P2P-009009,0.8666666666666667,2,False,,Invoice Blocked | Invoice Corrected,
P2P-009010,1.0,0,True,,,
P2P-009011,0.9230769230769231,1,False,Manager Approval,,
P2P-009012,0.8666666666666667,2,False,,Request Reworked,Manager Approval
P2P-009013,1.0,0,True,,,
P2P-009014,1.0,0,True,,,
P2P-009015,0.8666666666666667,2,False,,Request Reworked,Manager Approval
P2P-009016,0.9230769230769231,1,False,Manager Approval,,
P2P-009017,1.0,0,True,,,
P2P-009018,1.0,0,True,,,
P2P-009019,0.9230769230769231,1,False,Manager Approval,,
P2P-009020,1.0,0,True,,,
P2P-009021,0.8666666666666667,2,False,,Invoice Blocked | Invoice Corrected,
P2P-009022,1.0,0,True,,,
P2P-009023,0.8461538461538461,2,False,Manager Approval,Delivery Delayed,
P2P-009024,1.0,0,True,,,
P2P-009025,1.0,0,True,,,
P2P-009026,1.0,0,True,,,
P2P-009027,0.8666666666666667,2,False,,Request Reworked,Manager Approval
P2P-009028,0.8125,3,False,,Delivery Delayed | Invoice Blocked | Invoice Corrected,
P2P-009029,0.8461538461538461,2,False,Manager Approval,Delivery Delayed,
P2P-009030,0.9285714285714286,1,False,,Delivery Delayed,
P2P-009031,1.0,0,True,,,
P2P-009032,0.8,3,False,,Delivery Delayed | Three-Way Match Failed,
P2P-009033,0.9230769230769231,1,False,Manager Approval,,
P2P-009034,0.8666666666666667,2,False,,Invoice Blocked | Invoice Corrected,
P2P-009035,0.7647058823529411,4,False,,Corrected Invoice Received | Duplicate Check Failed | Invoice Rejected,Invoice Duplicate Check
P2P-009036,0.8666666666666667,2,False,,Request Reworked,Manager Approval
P2P-009037,1.0,0,True,,,
P2P-009038,1.0,0,True,,,
P2P-009039,0.7647058823529411,4,False,,Corrected Invoice Received | Duplicate Check Failed | Invoice Rejected,Invoice Duplicate Check
P2P-009040,0.9230769230769231,1,False,Manager Approval,,
P2P-009041,1.0,0,True,,,
P2P-009042,0.8125,3,False,,Delivery Delayed | Invoice Blocked | Invoice Corrected,
P2P-009043,1.0,0,True,,,
P2P-009044,0.8666666666666667,2,False,,Invoice Blocked | Invoice Corrected,
P2P-009045,1.0,0,True,,,
P2P-009046,0.8666666666666667,2,False,,Request Reworked,Manager Approval
P2P-009047,1.0,0,True,,,
P2P-009048,1.0,0,True,,,
P2P-009049,0.9230769230769231,1,False,Manager Approval,,
P2P-009050,0.8666666666666667,2,False,,Request Reworked,Manager Approval
P2P-009051,0.9230769230769231,1,False,Manager Approval,,
P2P-009052,0.8125,3,False,,Payment Rejected,Invoice Matched | Payment Authorized
P2P-009053,0.7647058823529411,4,False,,Corrected Invoice Received | Duplicate Check Failed | Invoice Rejected,Invoice Duplicate Check
P2P-009054,1.0,0,True,,,
P2P-009055,0.7857142857142857,3,False,,Three-Way Match Failed,
P2P-009056,1.0,0,True,,,
P2P-009057,1.0,0,True,,,
P2P-009058,0.8125,3,False,,Payment Rejected,Invoice Matched | Payment Authorized
P2P-009059,1.0,0,True,,,
P2P-009060,0.8125,3,False,,Delivery Delayed | Request Reworked,Manager Approval
P2P-009061,0.9230769230769231,1,False,Manager Approval,,
P2P-009062,0.8666666666666667,2,False,,Request Reworked,Manager Approval
P2P-009063,0.7857142857142857,3,False,,Three-Way Match Failed,
P2P-009064,1.0,0,True,,,
P2P-009065,1.0,0,True,,,
P2P-009066,1.0,0,True,,,
P2P-009067,0.8,3,False,,Delivery Delayed | Three-Way Match Failed,
P2P-009068,0.7647058823529411,4,False,,Corrected Invoice Received | Duplicate Check Failed | Invoice Rejected,Invoice Duplicate Check
P2P-009069,0.9230769230769231,1,False,Manager Approval,,
P2P-009070,0.7857142857142857,3,False,,Three-Way Match Failed,
P2P-009071,0.9285714285714286,1,False,,Delivery Delayed,
P2P-009072,1.0,0,True,,,
P2P-009073,0.7857142857142857,3,False,,Three-Way Match Failed,
P2P-009074,0.9285714285714286,1,False,,Delivery Delayed,
P2P-009075,0.7647058823529411,4,False,,Corrected Invoice Received | Duplicate Check Failed | Invoice Rejected,Invoice Duplicate Check
P2P-009076,0.7222222222222222,5,False,,Corrected Invoice Received | Delivery Delayed | Duplicate Check Failed | Invoice Rejected,Invoice Duplicate Check
P2P-009077,1.0,0,True,,,
P2P-009078,0.7857142857142857,3,False,,Three-Way Match Failed,
P2P-009079,1.0,0,True,,,
P2P-009080,0.9285714285714286,1,False,,Delivery Delayed,
P2P-009081,0.7857142857142857,3,False,,Three-Way Match Failed,
P2P-009082,0.8666666666666667,2,False,,Invoice Blocked | Invoice Corrected,
P2P-009083,1.0,0,True,,,
P2P-009084,1.0,0,True,,,
P2P-009085,0.8461538461538461,2,False,Manager Approval,Delivery Delayed,
P2P-009086,1.0,0,True,,,
P2P-009087,0.8461538461538461,2,False,Manager Approval,Delivery Delayed,
P2P-009088,0.9230769230769231,1,False,Manager Approval,,
P2P-009089,0.8666666666666667,2,False,,Invoice Blocked | Invoice Corrected,
P2P-009090,0.9285714285714286,1,False,,Delivery Delayed,
P2P-009091,1.0,0,True,,,
P2P-009092,0.9230769230769231,1,False,Manager Approval,,
P2P-009093,1.0,0,True,,,
P2P-009094,0.7857142857142857,3,False,,Three-Way Match Failed,
P2P-009095,1.0,0,True,,,
P2P-009096,0.8461538461538461,2,False,Manager Approval,Delivery Delayed,
P2P-009097,0.7647058823529411,4,False,,Corrected Invoice Received | Duplicate Check Failed | Invoice Rejected,Invoice Duplicate Check
P2P-009098,0.8666666666666667,2,False,,Request Reworked,Manager Approval
P2P-009099,1.0,0,True,,,
P2P-009100,0.8666666666666667,2,False,,Invoice Blocked | Invoice Corrected,
P2P-009101,0.8125,3,False,,Payment Rejected,Invoice Matched | Payment Authorized
P2P-009102,0.7857142857142857,3,False,,Three-Way Match Failed,
P2P-009103,1.0,0,True,,,
P2P-009104,0.8125,3,False,,Delivery Delayed | Request Reworked,Manager Approval
P2P-009105,1.0,0,True,,,
P2P-009106,1.0,0,True,,,
P2P-009107,0.9230769230769231,1,False,Manager Approval,,
P2P-009108,0.8666666666666667,2,False,,Request Reworked,Manager Approval
P2P-009109,0.9230769230769231,1,False,Manager Approval,,
P2P-009110,1.0,0,True,,,
P2P-009111,0.8666666666666667,2,False,,Request Reworked,Manager Approval
P2P-009112,1.0,0,True,,,
P2P-009113,1.0,0,True,,,
P2P-009114,1.0,0,True,,,
P2P-009115,0.7647058823529411,4,False,,Corrected Invoice Received | Duplicate Check Failed | Invoice Rejected,Invoice Duplicate Check
P2P-009116,0.8666666666666667,2,False,,Invoice Blocked | Invoice Corrected,
P2P-009117,1.0,0,True,,,
P2P-009118,1.0,0,True,,,
P2P-009119,0.8666666666666667,2,False,,Invoice Blocked | Invoice Corrected,
P2P-009120,1.0,0,True,,,
P2P-009121,0.7857142857142857,3,False,,Three-Way Match Failed,
P2P-009122,0.9230769230769231,1,False,Manager Approval,,
P2P-009123,0.8666666666666667,2,False,,Invoice Blocked | Invoice Corrected,
P2P-009124,1.0,0,True,,,
P2P-009125,0.9230769230769231,1,False,Manager Approval,,
P2P-009126,0.8666666666666667,2,False,,Invoice Blocked | Invoice Corrected,
P2P-009127,0.8125,3,False,,Delivery Delayed | Invoice Blocked | Invoice Corrected,
P2P-009128,0.9230769230769231,1,False,Manager Approval,,
P2P-009129,1.0,0,True,,,
P2P-009130,1.0,0,True,,,
P2P-009131,0.8125,3,False,,Delivery Delayed | Invoice Blocked | Invoice Corrected,
P2P-009132,1.0,0,True,,,
P2P-009133,1.0,0,True,,,
P2P-009134,1.0,0,True,,,
P2P-009135,0.9285714285714286,1,False,,Delivery Delayed,
P2P-009136,0.9230769230769231,1,False,Manager Approval,,
P2P-009137,1.0,0,True,,,
P2P-009138,1.0,0,True,,,
P2P-009139,0.9230769230769231,1,False,Manager Approval,,
P2P-009140,0.8666666666666667,2,False,,Request Reworked,Manager Approval
P2P-009141,0.8666666666666667,2,False,,Request Reworked,Manager Approval
P2P-009142,0.8125,3,False,,Payment Rejected,Invoice Matched | Payment Authorized
P2P-009143,1.0,0,True,,,
P2P-009144,1.0,0,True,,,
P2P-009145,1.0,0,True,,,
P2P-009146,0.8125,3,False,,Payment Rejected,Invoice Matched | Payment Authorized
P2P-009147,0.8125,3,False,,Delivery Delayed | Invoice Blocked | Invoice Corrected,
P2P-009148,0.9230769230769231,1,False,Manager Approval,,
P2P-009149,1.0,0,True,,,
P2P-009150,0.9285714285714286,1,False,,Delivery Delayed,
P2P-009151,0.9230769230769231,1,False,Manager Approval,,
P2P-009152,0.8666666666666667,2,False,,Request Reworked,Manager Approval
P2P-009153,1.0,0,True,,,
P2P-009154,0.8,3,False,,Delivery Delayed | Three-Way Match Failed,
P2P-009155,0.8666666666666667,2,False,,Request Reworked,Manager Approval
P2P-009156,0.8666666666666667,2,False,,Request Reworked,Manager Approval
P2P-009157,0.8461538461538461,2,False,Manager Approval,Delivery Delayed,
P2P-009158,1.0,0,True,,,
P2P-009159,0.9230769230769231,1,False,Manager Approval,,
P2P-009160,1.0,0,True,,,
P2P-009161,1.0,0,True,,,
P2P-009162,1.0,0,True,,,
P2P-009163,0.9285714285714286,1,False,,Delivery Delayed,
P2P-009164,1.0,0,True,,,
P2P-009165,0.7857142857142857,3,False,,Three-Way Match Failed,
P2P-009166,0.8666666666666667,2,False,,Request Reworked,Manager Approval
P2P-009167,0.8666666666666667,2,False,,Request Reworked,Manager Approval
P2P-009168,0.9230769230769231,1,False,Manager Approval,,
P2P-009169,0.8666666666666667,2,False,,Request Reworked,Manager Approval
P2P-009170,1.0,0,True,,,
P2P-009171,1.0,0,True,,,
P2P-009172,1.0,0,True,,,
P2P-009173,1.0,0,True,,,
P2P-009174,0.8666666666666667,2,False,,Invoice Blocked | Invoice Corrected,
P2P-009175,1.0,0,True,,,
P2P-009176,1.0,0,True,,,
P2P-009177,0.7647058823529411,4,False,,Corrected Invoice Received | Duplicate Check Failed | Invoice Rejected,Invoice Duplicate Check
P2P-009178,1.0,0,True,,,
P2P-009179,0.8125,3,False,,Payment Rejected,Invoice Matched | Payment Authorized
P2P-009180,0.7647058823529411,4,False,,Corrected Invoice Received | Duplicate Check Failed | Invoice Rejected,Invoice Duplicate Check
P2P-009181,0.9230769230769231,1,False,Manager Approval,,
P2P-009182,0.9230769230769231,1,False,Manager Approval,,
P2P-009183,0.8666666666666667,2,False,,Request Reworked,Manager Approval
P2P-009184,1.0,0,True,,,
P2P-009185,0.8666666666666667,2,False,,Request Reworked,Manager Approval
P2P-009186,0.8666666666666667,2,False,,Invoice Blocked | Invoice Corrected,
P2P-009187,0.9230769230769231,1,False,Manager Approval,,
P2P-009188,0.7647058823529411,4,False,,Corrected Invoice Received | Duplicate Check Failed | Invoice Rejected,Invoice Duplicate Check
P2P-009189,1.0,0,True,,,
P2P-009190,0.7857142857142857,3,False,,Three-Way Match Failed,
P2P-009191,1.0,0,True,,,
P2P-009192,0.8666666666666667,2,False,,Request Reworked,Manager Approval
P2P-009193,0.8125,3,False,,Payment Rejected,Invoice Matched | Payment Authorized
P2P-009194,0.8125,3,False,,Payment Rejected,Invoice Matched | Payment Authorized
P2P-009195,1.0,0,True,,,
P2P-009196,0.8666666666666667,2,False,,Invoice Blocked | Invoice Corrected,
P2P-009197,0.7647058823529411,4,False,,Corrected Invoice Received | Duplicate Check Failed | Invoice Rejected,Invoice Duplicate Check
P2P-009198,0.7857142857142857,3,False,,Three-Way Match Failed,
P2P-009199,0.9230769230769231,1,False,Manager Approval,,
P2P-009200,0.8125,3,False,,Delivery Delayed | Invoice Blocked | Invoice Corrected,
P2P-009201,0.8125,3,False,,Delivery Delayed | Invoice Blocked | Invoice Corrected,
P2P-009202,0.9230769230769231,1,False,Manager Approval,,
P2P-009203,1.0,0,True,,,
P2P-009204,0.8666666666666667,2,False,,Request Reworked,Manager Approval
P2P-009205,1.0,0,True,,,
P2P-009206,1.0,0,True,,,
P2P-009207,1.0,0,True,,,
P2P-009208,0.7647058823529411,4,False,,Corrected Invoice Received | Duplicate Check Failed | Invoice Rejected,Invoice Duplicate Check
P2P-009209,0.8666666666666667,2,False,,Invoice Blocked | Invoice Corrected,
P2P-009210,0.8125,3,False,,Payment Rejected,Invoice Matched | Payment Authorized
P2P-009211,0.7222222222222222,5,False,,Corrected Invoice Received | Delivery Delayed | Duplicate Check Failed | Invoice Rejected,Invoice Duplicate Check
P2P-009212,0.7647058823529411,4,False,,Corrected Invoice Received | Duplicate Check Failed | Invoice Rejected,Invoice Duplicate Check
P2P-009213,0.9285714285714286,1,False,,Delivery Delayed,
P2P-009214,0.8666666666666667,2,False,,Request Reworked,Manager Approval
P2P-009215,1.0,0,True,,,
P2P-009216,0.8125,3,False,,Payment Rejected,Invoice Matched | Payment Authorized
P2P-009217,0.7857142857142857,3,False,,Three-Way Match Failed,
P2P-009218,0.7857142857142857,3,False,,Three-Way Match Failed,
P2P-009219,0.8666666666666667,2,False,,Request Reworked,Manager Approval
P2P-009220,0.9230769230769231,1,False,Manager Approval,,
P2P-009221,1.0,0,True,,,
P2P-009222,0.7647058823529411,4,False,,Corrected Invoice Received | Duplicate Check Failed | Invoice Rejected,Invoice Duplicate Check
P2P-009223,0.8461538461538461,2,False,Manager Approval,Delivery Delayed,
P2P-009224,1.0,0,True,,,
P2P-009225,1.0,0,True,,,
P2P-009226,1.0,0,True,,,
P2P-009227,0.8125,3,False,,Payment Rejected,Invoice Matched | Payment Authorized
P2P-009228,1.0,0,True,,,
P2P-009229,0.8666666666666667,2,False,,Invoice Blocked | Invoice Corrected,
P2P-009230,1.0,0,True,,,
P2P-009231,0.8125,3,False,,Payment Rejected,Invoice Matched | Payment Authorized
P2P-009232,1.0,0,True,,,
P2P-009233,0.8666666666666667,2,False,,Request Reworked,Manager Approval
P2P-009234,0.9285714285714286,1,False,,Delivery Delayed,
P2P-009235,0.7857142857142857,3,False,,Three-Way Match Failed,
P2P-009236,0.9285714285714286,1,False,,Delivery Delayed,
P2P-009237,0.7647058823529411,4,False,,Corrected Invoice Received | Duplicate Check Failed | Invoice Rejected,Invoice Duplicate Check
P2P-009238,1.0,0,True,,,
P2P-009239,0.7647058823529411,4,False,,Corrected Invoice Received | Duplicate Check Failed | Invoice Rejected,Invoice Duplicate Check
P2P-009240,0.9230769230769231,1,False,Manager Approval,,
P2P-009241,0.9285714285714286,1,False,,Delivery Delayed,
P2P-009242,0.7647058823529411,4,False,,Corrected Invoice Received | Duplicate Check Failed | Invoice Rejected,Invoice Duplicate Check
P2P-009243,0.8666666666666667,2,False,,Request Reworked,Manager Approval
P2P-009244,0.9230769230769231,1,False,Manager Approval,,
P2P-009245,1.0,0,True,,,
P2P-009246,0.8666666666666667,2,False,,Request Reworked,Manager Approval
P2P-009247,0.9285714285714286,1,False,,Delivery Delayed,
P2P-009248,1.0,0,True,,,
P2P-009249,1.0,0,True,,,
P2P-009250,1.0,0,True,,,
P2P-009251,1.0,0,True,,,
P2P-009252,0.8666666666666667,2,False,,Invoice Blocked | Invoice Corrected,
P2P-009253,1.0,0,True,,,
P2P-009254,0.9285714285714286,1,False,,Delivery Delayed,
P2P-009255,1.0,0,True,,,
P2P-009256,0.7647058823529411,4,False,,Corrected Invoice Received | Duplicate Check Failed | Invoice Rejected,Invoice Duplicate Check
P2P-009257,0.7647058823529411,4,False,,Corrected Invoice Received | Duplicate Check Failed | Invoice Rejected,Invoice Duplicate Check
P2P-009258,0.8666666666666667,2,False,,Request Reworked,Manager Approval
P2P-009259,1.0,0,True,,,
P2P-009260,0.8666666666666667,2,False,,Invoice Blocked | Invoice Corrected,
P2P-009261,1.0,0,True,,,
P2P-009262,0.9230769230769231,1,False,Manager Approval,,
P2P-009263,1.0,0,True,,,
P2P-009264,0.7222222222222222,5,False,,Corrected Invoice Received | Delivery Delayed | Duplicate Check Failed | Invoice Rejected,Invoice Duplicate Check
P2P-009265,1.0,0,True,,,
P2P-009266,1.0,0,True,,,
P2P-009267,0.9285714285714286,1,False,,Delivery Delayed,
P2P-009268,1.0,0,True,,,
P2P-009269,0.9230769230769231,1,False,Manager Approval,,
P2P-009270,0.7647058823529411,4,False,,Corrected Invoice Received | Duplicate Check Failed | Invoice Rejected,Invoice Duplicate Check
P2P-009271,1.0,0,True,,,
P2P-009272,1.0,0,True,,,
P2P-009273,0.7857142857142857,3,False,,Three-Way Match Failed,
P2P-009274,0.7647058823529411,4,False,,Corrected Invoice Received | Duplicate Check Failed | Invoice Rejected,Invoice Duplicate Check
P2P-009275,0.8125,3,False,,Payment Rejected,Invoice Matched | Payment Authorized
P2P-009276,0.8125,3,False,,Delivery Delayed | Invoice Blocked | Invoice Corrected,
P2P-009277,1.0,0,True,,,
P2P-009278,0.8125,3,False,,Payment Rejected,Invoice Matched | Payment Authorized
P2P-009279,1.0,0,True,,,
P2P-009280,0.7857142857142857,3,False,,Three-Way Match Failed,
P2P-009281,0.7647058823529411,4,False,,Delivery Delayed | Payment Rejected,Invoice Matched | Payment Authorized
P2P-009282,0.9230769230769231,1,False,Manager Approval,,
P2P-009283,0.7647058823529411,4,False,,Corrected Invoice Received | Duplicate Check Failed | Invoice Rejected,Invoice Duplicate Check
P2P-009284,1.0,0,True,,,
P2P-009285,1.0,0,True,,,
P2P-009286,0.8666666666666667,2,False,,Invoice Blocked | Invoice Corrected,
P2P-009287,1.0,0,True,,,
P2P-009288,1.0,0,True,,,
P2P-009289,0.9285714285714286,1,False,,Delivery Delayed,
P2P-009290,1.0,0,True,,,
P2P-009291,0.8666666666666667,2,False,,Invoice Blocked | Invoice Corrected,
P2P-009292,1.0,0,True,,,
P2P-009293,1.0,0,True,,,
P2P-009294,0.8125,3,False,,Delivery Delayed | Request Reworked,Manager Approval
P2P-009295,0.9285714285714286,1,False,,Delivery Delayed,
P2P-009296,1.0,0,True,,,
P2P-009297,1.0,0,True,,,
P2P-009298,0.9230769230769231,1,False,Manager Approval,,
P2P-009299,0.8666666666666667,2,False,,Request Reworked,Manager Approval
P2P-009300,1.0,0,True,,,
P2P-009301,0.8125,3,False,,Payment Rejected,Invoice Matched | Payment Authorized
P2P-009302,1.0,0,True,,,
P2P-009303,0.8666666666666667,2,False,,Invoice Blocked | Invoice Corrected,
P2P-009304,1.0,0,True,,,
P2P-009305,0.7857142857142857,3,False,,Three-Way Match Failed,
P2P-009306,0.7647058823529411,4,False,,Corrected Invoice Received | Duplicate Check Failed | Invoice Rejected,Invoice Duplicate Check
P2P-009307,0.7857142857142857,3,False,,Three-Way Match Failed,
P2P-009308,1.0,0,True,,,
P2P-009309,1.0,0,True,,,
P2P-009310,0.8666666666666667,2,False,,Request Reworked,Manager Approval
P2P-009311,0.8666666666666667,2,False,,Invoice Blocked | Invoice Corrected,
P2P-009312,0.9230769230769231,1,False,Manager Approval,,
P2P-009313,0.7647058823529411,4,False,,Delivery Delayed | Payment Rejected,Invoice Matched | Payment Authorized
P2P-009314,0.9285714285714286,1,False,,Delivery Delayed,
P2P-009315,1.0,0,True,,,
P2P-009316,0.8666666666666667,2,False,,Invoice Blocked | Invoice Corrected,
P2P-009317,0.8666666666666667,2,False,,Request Reworked,Manager Approval
P2P-009318,1.0,0,True,,,
P2P-009319,0.8666666666666667,2,False,,Invoice Blocked | Invoice Corrected,
P2P-009320,0.8666666666666667,2,False,,Invoice Blocked | Invoice Corrected,
P2P-009321,0.9285714285714286,1,False,,Delivery Delayed,
P2P-009322,1.0,0,True,,,
P2P-009323,0.7857142857142857,3,False,,Three-Way Match Failed,
P2P-009324,0.7647058823529411,4,False,,Corrected Invoice Received | Duplicate Check Failed | Invoice Rejected,Invoice Duplicate Check
P2P-009325,1.0,0,True,,,
P2P-009326,1.0,0,True,,,
P2P-009327,1.0,0,True,,,
P2P-009328,1.0,0,True,,,
P2P-009329,0.9285714285714286,1,False,,Delivery Delayed,
P2P-009330,0.9230769230769231,1,False,Manager Approval,,
P2P-009331,0.8125,3,False,,Delivery Delayed | Request Reworked,Manager Approval
P2P-009332,1.0,0,True,,,
P2P-009333,1.0,0,True,,,
P2P-009334,0.8666666666666667,2,False,,Request Reworked,Manager Approval
P2P-009335,0.8666666666666667,2,False,,Request Reworked,Manager Approval
P2P-009336,0.9230769230769231,1,False,Manager Approval,,
P2P-009337,0.8666666666666667,2,False,,Invoice Blocked | Invoice Corrected,
P2P-009338,1.0,0,True,,,
P2P-009339,0.8125,3,False,,Payment Rejected,Invoice Matched | Payment Authorized
P2P-009340,0.7647058823529411,4,False,,Corrected Invoice Received | Duplicate Check Failed | Invoice Rejected,Invoice Duplicate Check
P2P-009341,0.7857142857142857,3,False,,Three-Way Match Failed,
P2P-009342,0.9230769230769231,1,False,Manager Approval,,
P2P-009343,1.0,0,True,,,
P2P-009344,1.0,0,True,,,
P2P-009345,1.0,0,True,,,
P2P-009346,0.8666666666666667,2,False,,Request Reworked,Manager Approval
P2P-009347,0.9285714285714286,1,False,,Delivery Delayed,
P2P-009348,1.0,0,True,,,
P2P-009349,0.8666666666666667,2,False,,Invoice Blocked | Invoice Corrected,
P2P-009350,1.0,0,True,,,
P2P-009351,1.0,0,True,,,
P2P-009352,0.8666666666666667,2,False,,Request Reworked,Manager Approval
P2P-009353,0.8666666666666667,2,False,,Request Reworked,Manager Approval
P2P-009354,0.9230769230769231,1,False,Manager Approval,,
P2P-009355,1.0,0,True,,,
P2P-009356,0.7857142857142857,3,False,,Three-Way Match Failed,
P2P-009357,1.0,0,True,,,
P2P-009358,0.9230769230769231,1,False,Manager Approval,,
P2P-009359,0.8666666666666667,2,False,,Invoice Blocked | Invoice Corrected,
P2P-009360,0.7647058823529411,4,False,,Corrected Invoice Received | Duplicate Check Failed | Invoice Rejected,Invoice Duplicate Check
P2P-009361,0.7857142857142857,3,False,,Three-Way Match Failed,
P2P-009362,0.8666666666666667,2,False,,Request Reworked,Manager Approval
P2P-009363,1.0,0,True,,,
P2P-009364,1.0,0,True,,,
P2P-009365,0.9230769230769231,1,False,Manager Approval,,
P2P-009366,1.0,0,True,,,
P2P-009367,0.8666666666666667,2,False,,Invoice Blocked | Invoice Corrected,
P2P-009368,0.8666666666666667,2,False,,Request Reworked,Manager Approval
P2P-009369,0.7857142857142857,3,False,,Three-Way Match Failed,
P2P-009370,0.8125,3,False,,Payment Rejected,Invoice Matched | Payment Authorized
P2P-009371,1.0,0,True,,,
P2P-009372,0.9230769230769231,1,False,Manager Approval,,
P2P-009373,0.7857142857142857,3,False,,Three-Way Match Failed,
P2P-009374,0.9230769230769231,1,False,Manager Approval,,
P2P-009375,1.0,0,True,,,
P2P-009376,0.9230769230769231,1,False,Manager Approval,,
P2P-009377,0.8666666666666667,2,False,,Invoice Blocked | Invoice Corrected,
P2P-009378,1.0,0,True,,,
P2P-009379,0.8125,3,False,,Payment Rejected,Invoice Matched | Payment Authorized
P2P-009380,0.8666666666666667,2,False,,Request Reworked,Manager Approval
P2P-009381,0.9230769230769231,1,False,Manager Approval,,
P2P-009382,0.8666666666666667,2,False,,Invoice Blocked | Invoice Corrected,
P2P-009383,1.0,0,True,,,
P2P-009384,0.7222222222222222,5,False,,Corrected Invoice Received | Delivery Delayed | Duplicate Check Failed | Invoice Rejected,Invoice Duplicate Check
P2P-009385,1.0,0,True,,,
P2P-009386,0.9285714285714286,1,False,,Delivery Delayed,
P2P-009387,0.8125,3,False,,Payment Rejected,Invoice Matched | Payment Authorized
P2P-009388,0.9285714285714286,1,False,,Delivery Delayed,
P2P-009389,1.0,0,True,,,
P2P-009390,1.0,0,True,,,
P2P-009391,0.8125,3,False,,Delivery Delayed | Request Reworked,Manager Approval
P2P-009392,0.9230769230769231,1,False,Manager Approval,,
P2P-009393,1.0,0,True,,,
P2P-009394,0.9230769230769231,1,False,Manager Approval,,
P2P-009395,0.9230769230769231,1,False,Manager Approval,,
P2P-009396,1.0,0,True,,,
P2P-009397,1.0,0,True,,,
P2P-009398,1.0,0,True,,,
P2P-009399,1.0,0,True,,,
P2P-009400,0.8666666666666667,2,False,,Request Reworked,Manager Approval
P2P-009401,0.8,3,False,,Delivery Delayed | Three-Way Match Failed,
P2P-009402,0.8125,3,False,,Payment Rejected,Invoice Matched | Payment Authorized
P2P-009403,0.8666666666666667,2,False,,Invoice Blocked | Invoice Corrected,
P2P-009404,1.0,0,True,,,
P2P-009405,0.9230769230769231,1,False,Manager Approval,,
P2P-009406,0.8666666666666667,2,False,,Request Reworked,Manager Approval
P2P-009407,1.0,0,True,,,
P2P-009408,0.8666666666666667,2,False,,Request Reworked,Manager Approval
P2P-009409,0.8666666666666667,2,False,,Request Reworked,Manager Approval
P2P-009410,0.8125,3,False,,Delivery Delayed | Request Reworked,Manager Approval
P2P-009411,1.0,0,True,,,
P2P-009412,0.9285714285714286,1,False,,Delivery Delayed,
P2P-009413,1.0,0,True,,,
P2P-009414,0.7222222222222222,5,False,,Corrected Invoice Received | Delivery Delayed | Duplicate Check Failed | Invoice Rejected,Invoice Duplicate Check
P2P-009415,0.7647058823529411,4,False,,Corrected Invoice Received | Duplicate Check Failed | Invoice Rejected,Invoice Duplicate Check
P2P-009416,0.9230769230769231,1,False,Manager Approval,,
P2P-009417,0.8666666666666667,2,False,,Invoice Blocked | Invoice Corrected,
P2P-009418,0.7857142857142857,3,False,,Three-Way Match Failed,
P2P-009419,0.9230769230769231,1,False,Manager Approval,,
P2P-009420,1.0,0,True,,,
P2P-009421,0.8666666666666667,2,False,,Invoice Blocked | Invoice Corrected,
P2P-009422,0.8666666666666667,2,False,,Request Reworked,Manager Approval
P2P-009423,0.9230769230769231,1,False,Manager Approval,,
P2P-009424,0.7647058823529411,4,False,,Corrected Invoice Received | Duplicate Check Failed | Invoice Rejected,Invoice Duplicate Check
P2P-009425,1.0,0,True,,,
P2P-009426,1.0,0,True,,,
P2P-009427,0.8666666666666667,2,False,,Invoice Blocked | Invoice Corrected,
P2P-009428,1.0,0,True,,,
P2P-009429,1.0,0,True,,,
P2P-009430,0.7647058823529411,4,False,,Corrected Invoice Received | Duplicate Check Failed | Invoice Rejected,Invoice Duplicate Check
P2P-009431,0.7647058823529411,4,False,,Corrected Invoice Received | Duplicate Check Failed | Invoice Rejected,Invoice Duplicate Check
P2P-009432,0.8461538461538461,2,False,Manager Approval,Delivery Delayed,
P2P-009433,0.8125,3,False,,Delivery Delayed | Invoice Blocked | Invoice Corrected,
P2P-009434,0.8125,3,False,,Delivery Delayed | Invoice Blocked | Invoice Corrected,
P2P-009435,0.9285714285714286,1,False,,Delivery Delayed,
P2P-009436,0.8666666666666667,2,False,,Request Reworked,Manager Approval
P2P-009437,0.7647058823529411,4,False,,Corrected Invoice Received | Duplicate Check Failed | Invoice Rejected,Invoice Duplicate Check
P2P-009438,0.8125,3,False,,Payment Rejected,Invoice Matched | Payment Authorized
P2P-009439,0.9285714285714286,1,False,,Delivery Delayed,
P2P-009440,0.8666666666666667,2,False,,Request Reworked,Manager Approval
P2P-009441,1.0,0,True,,,
P2P-009442,1.0,0,True,,,
P2P-009443,0.9230769230769231,1,False,Manager Approval,,
P2P-009444,1.0,0,True,,,
P2P-009445,1.0,0,True,,,
P2P-009446,0.8666666666666667,2,False,,Invoice Blocked | Invoice Corrected,
P2P-009447,0.9285714285714286,1,False,,Delivery Delayed,
P2P-009448,0.7647058823529411,4,False,,Corrected Invoice Received | Duplicate Check Failed | Invoice Rejected,Invoice Duplicate Check
P2P-009449,0.8666666666666667,2,False,,Request Reworked,Manager Approval
P2P-009450,1.0,0,True,,,
P2P-009451,1.0,0,True,,,
P2P-009452,0.7857142857142857,3,False,,Three-Way Match Failed,
P2P-009453,0.9285714285714286,1,False,,Delivery Delayed,
P2P-009454,1.0,0,True,,,
P2P-009455,0.8666666666666667,2,False,,Request Reworked,Manager Approval
P2P-009456,1.0,0,True,,,
P2P-009457,1.0,0,True,,,
P2P-009458,0.8666666666666667,2,False,,Request Reworked,Manager Approval
P2P-009459,1.0,0,True,,,
P2P-009460,1.0,0,True,,,
P2P-009461,0.7647058823529411,4,False,,Corrected Invoice Received | Duplicate Check Failed | Invoice Rejected,Invoice Duplicate Check
P2P-009462,0.8125,3,False,,Payment Rejected,Invoice Matched | Payment Authorized
P2P-009463,1.0,0,True,,,
P2P-009464,1.0,0,True,,,
P2P-009465,0.8666666666666667,2,False,,Request Reworked,Manager Approval
P2P-009466,1.0,0,True,,,
P2P-009467,0.8125,3,False,,Delivery Delayed | Request Reworked,Manager Approval
P2P-009468,1.0,0,True,,,
P2P-009469,1.0,0,True,,,
P2P-009470,0.9230769230769231,1,False,Manager Approval,,
P2P-009471,1.0,0,True,,,
P2P-009472,1.0,0,True,,,
P2P-009473,0.8666666666666667,2,False,,Request Reworked,Manager Approval
P2P-009474,0.7857142857142857,3,False,,Three-Way Match Failed,
P2P-009475,0.8666666666666667,2,False,,Request Reworked,Manager Approval
P2P-009476,0.7857142857142857,3,False,,Three-Way Match Failed,
P2P-009477,1.0,0,True,,,
P2P-009478,1.0,0,True,,,
P2P-009479,1.0,0,True,,,
P2P-009480,0.7222222222222222,5,False,,Corrected Invoice Received | Delivery Delayed | Duplicate Check Failed | Invoice Rejected,Invoice Duplicate Check
P2P-009481,0.7857142857142857,3,False,,Three-Way Match Failed,
P2P-009482,1.0,0,True,,,
P2P-009483,1.0,0,True,,,
P2P-009484,1.0,0,True,,,
P2P-009485,0.9285714285714286,1,False,,Delivery Delayed,
P2P-009486,0.9285714285714286,1,False,,Delivery Delayed,
P2P-009487,1.0,0,True,,,
P2P-009488,0.8461538461538461,2,False,Manager Approval,Delivery Delayed,
P2P-009489,0.8666666666666667,2,False,,Request Reworked,Manager Approval
P2P-009490,0.9285714285714286,1,False,,Delivery Delayed,
P2P-009491,1.0,0,True,,,
P2P-009492,1.0,0,True,,,
P2P-009493,1.0,0,True,,,
P2P-009494,1.0,0,True,,,
P2P-009495,0.9230769230769231,1,False,Manager Approval,,
P2P-009496,0.7647058823529411,4,False,,Corrected Invoice Received | Duplicate Check Failed | Invoice Rejected,Invoice Duplicate Check
P2P-009497,0.7857142857142857,3,False,,Three-Way Match Failed,
P2P-009498,0.8666666666666667,2,False,,Invoice Blocked | Invoice Corrected,
P2P-009499,0.8125,3,False,,Payment Rejected,Invoice Matched | Payment Authorized
P2P-009500,1.0,0,True,,,
P2P-009501,0.8666666666666667,2,False,,Request Reworked,Manager Approval
P2P-009502,0.8666666666666667,2,False,,Invoice Blocked | Invoice Corrected,
P2P-009503,1.0,0,True,,,
P2P-009504,0.9230769230769231,1,False,Manager Approval,,
P2P-009505,0.8666666666666667,2,False,,Invoice Blocked | Invoice Corrected,
P2P-009506,0.8125,3,False,,Delivery Delayed | Request Reworked,Manager Approval
P2P-009507,0.7647058823529411,4,False,,Corrected Invoice Received | Duplicate Check Failed | Invoice Rejected,Invoice Duplicate Check
P2P-009508,1.0,0,True,,,
P2P-009509,0.8666666666666667,2,False,,Request Reworked,Manager Approval
P2P-009510,0.7857142857142857,3,False,,Three-Way Match Failed,
P2P-009511,1.0,0,True,,,
P2P-009512,1.0,0,True,,,
P2P-009513,1.0,0,True,,,
P2P-009514,0.8666666666666667,2,False,,Invoice Blocked | Invoice Corrected,
P2P-009515,0.7857142857142857,3,False,,Three-Way Match Failed,
P2P-009516,1.0,0,True,,,
P2P-009517,1.0,0,True,,,
P2P-009518,1.0,0,True,,,
P2P-009519,1.0,0,True,,,
P2P-009520,0.9230769230769231,1,False,Manager Approval,,
P2P-009521,1.0,0,True,,,
P2P-009522,0.9230769230769231,1,False,Manager Approval,,
P2P-009523,1.0,0,True,,,
P2P-009524,0.8461538461538461,2,False,Manager Approval,Delivery Delayed,
P2P-009525,0.9230769230769231,1,False,Manager Approval,,
P2P-009526,1.0,0,True,,,
P2P-009527,1.0,0,True,,,
P2P-009528,1.0,0,True,,,
P2P-009529,1.0,0,True,,,
P2P-009530,0.8461538461538461,2,False,Manager Approval,Delivery Delayed,
P2P-009531,1.0,0,True,,,
P2P-009532,0.8125,3,False,,Payment Rejected,Invoice Matched | Payment Authorized
P2P-009533,0.9230769230769231,1,False,Manager Approval,,
P2P-009534,0.7857142857142857,3,False,,Three-Way Match Failed,
P2P-009535,0.8666666666666667,2,False,,Invoice Blocked | Invoice Corrected,
P2P-009536,0.8666666666666667,2,False,,Invoice Blocked | Invoice Corrected,
P2P-009537,1.0,0,True,,,
P2P-009538,1.0,0,True,,,
P2P-009539,1.0,0,True,,,
P2P-009540,0.7857142857142857,3,False,,Three-Way Match Failed,
P2P-009541,1.0,0,True,,,
P2P-009542,0.9230769230769231,1,False,Manager Approval,,
P2P-009543,1.0,0,True,,,
P2P-009544,0.8125,3,False,,Delivery Delayed | Request Reworked,Manager Approval
P2P-009545,0.9230769230769231,1,False,Manager Approval,,
P2P-009546,0.9230769230769231,1,False,Manager Approval,,
P2P-009547,0.8666666666666667,2,False,,Invoice Blocked | Invoice Corrected,
P2P-009548,1.0,0,True,,,
P2P-009549,1.0,0,True,,,
P2P-009550,0.8666666666666667,2,False,,Invoice Blocked | Invoice Corrected,
P2P-009551,1.0,0,True,,,
P2P-009552,1.0,0,True,,,
P2P-009553,0.8666666666666667,2,False,,Request Reworked,Manager Approval
P2P-009554,1.0,0,True,,,
P2P-009555,0.9230769230769231,1,False,Manager Approval,,
P2P-009556,0.8666666666666667,2,False,,Request Reworked,Manager Approval
P2P-009557,0.9230769230769231,1,False,Manager Approval,,
P2P-009558,0.8666666666666667,2,False,,Invoice Blocked | Invoice Corrected,
P2P-009559,1.0,0,True,,,
P2P-009560,0.8666666666666667,2,False,,Invoice Blocked | Invoice Corrected,
P2P-009561,1.0,0,True,,,
P2P-009562,1.0,0,True,,,
P2P-009563,1.0,0,True,,,
P2P-009564,0.8666666666666667,2,False,,Request Reworked,Manager Approval
P2P-009565,1.0,0,True,,,
P2P-009566,1.0,0,True,,,
P2P-009567,0.7222222222222222,5,False,,Corrected Invoice Received | Delivery Delayed | Duplicate Check Failed | Invoice Rejected,Invoice Duplicate Check
P2P-009568,1.0,0,True,,,
P2P-009569,0.7647058823529411,4,False,,Corrected Invoice Received | Duplicate Check Failed | Invoice Rejected,Invoice Duplicate Check
P2P-009570,1.0,0,True,,,
P2P-009571,0.8125,3,False,,Delivery Delayed | Invoice Blocked | Invoice Corrected,
P2P-009572,1.0,0,True,,,
P2P-009573,0.8666666666666667,2,False,,Invoice Blocked | Invoice Corrected,
P2P-009574,0.7647058823529411,4,False,,Corrected Invoice Received | Duplicate Check Failed | Invoice Rejected,Invoice Duplicate Check
P2P-009575,0.7857142857142857,3,False,,Three-Way Match Failed,
P2P-009576,0.8666666666666667,2,False,,Request Reworked,Manager Approval
P2P-009577,1.0,0,True,,,
P2P-009578,0.8666666666666667,2,False,,Request Reworked,Manager Approval
P2P-009579,0.9285714285714286,1,False,,Delivery Delayed,
P2P-009580,0.9230769230769231,1,False,Manager Approval,,
P2P-009581,0.9230769230769231,1,False,Manager Approval,,
P2P-009582,0.9230769230769231,1,False,Manager Approval,,
P2P-009583,1.0,0,True,,,
P2P-009584,1.0,0,True,,,
P2P-009585,0.7222222222222222,5,False,,Corrected Invoice Received | Delivery Delayed | Duplicate Check Failed | Invoice Rejected,Invoice Duplicate Check
P2P-009586,1.0,0,True,,,
P2P-009587,0.9230769230769231,1,False,Manager Approval,,
P2P-009588,1.0,0,True,,,
P2P-009589,0.7857142857142857,3,False,,Three-Way Match Failed,
P2P-009590,0.9285714285714286,1,False,,Delivery Delayed,
P2P-009591,0.9285714285714286,1,False,,Delivery Delayed,
P2P-009592,1.0,0,True,,,
P2P-009593,1.0,0,True,,,
P2P-009594,0.9285714285714286,1,False,,Delivery Delayed,
P2P-009595,0.7647058823529411,4,False,,Corrected Invoice Received | Duplicate Check Failed | Invoice Rejected,Invoice Duplicate Check
P2P-009596,1.0,0,True,,,
P2P-009597,1.0,0,True,,,
P2P-009598,1.0,0,True,,,
P2P-009599,0.7857142857142857,3,False,,Three-Way Match Failed,
P2P-009600,1.0,0,True,,,
P2P-009601,0.9230769230769231,1,False,Manager Approval,,
P2P-009602,0.8125,3,False,,Payment Rejected,Invoice Matched | Payment Authorized
P2P-009603,1.0,0,True,,,
P2P-009604,1.0,0,True,,,
P2P-009605,0.8666666666666667,2,False,,Invoice Blocked | Invoice Corrected,
P2P-009606,0.9285714285714286,1,False,,Delivery Delayed,
P2P-009607,0.7647058823529411,4,False,,Corrected Invoice Received | Duplicate Check Failed | Invoice Rejected,Invoice Duplicate Check
P2P-009608,0.7647058823529411,4,False,,Delivery Delayed | Payment Rejected,Invoice Matched | Payment Authorized
P2P-009609,1.0,0,True,,,
P2P-009610,0.9285714285714286,1,False,,Delivery Delayed,
P2P-009611,0.8666666666666667,2,False,,Request Reworked,Manager Approval
P2P-009612,0.9230769230769231,1,False,Manager Approval,,
P2P-009613,1.0,0,True,,,
P2P-009614,0.8666666666666667,2,False,,Request Reworked,Manager Approval
P2P-009615,0.8461538461538461,2,False,Manager Approval,Delivery Delayed,
P2P-009616,0.8461538461538461,2,False,Manager Approval,Delivery Delayed,
P2P-009617,1.0,0,True,,,
P2P-009618,1.0,0,True,,,
P2P-009619,0.8666666666666667,2,False,,Invoice Blocked | Invoice Corrected,
P2P-009620,0.7647058823529411,4,False,,Delivery Delayed | Payment Rejected,Invoice Matched | Payment Authorized
P2P-009621,0.8666666666666667,2,False,,Invoice Blocked | Invoice Corrected,
P2P-009622,0.9285714285714286,1,False,,Delivery Delayed,
P2P-009623,1.0,0,True,,,
P2P-009624,1.0,0,True,,,
P2P-009625,1.0,0,True,,,
P2P-009626,0.9285714285714286,1,False,,Delivery Delayed,
P2P-009627,1.0,0,True,,,
P2P-009628,0.7647058823529411,4,False,,Corrected Invoice Received | Duplicate Check Failed | Invoice Rejected,Invoice Duplicate Check
P2P-009629,1.0,0,True,,,
P2P-009630,1.0,0,True,,,
P2P-009631,1.0,0,True,,,
P2P-009632,0.8125,3,False,,Payment Rejected,Invoice Matched | Payment Authorized
P2P-009633,0.8666666666666667,2,False,,Invoice Blocked | Invoice Corrected,
P2P-009634,0.7647058823529411,4,False,,Delivery Delayed | Payment Rejected,Invoice Matched | Payment Authorized
P2P-009635,1.0,0,True,,,
P2P-009636,0.8125,3,False,,Payment Rejected,Invoice Matched | Payment Authorized
P2P-009637,1.0,0,True,,,
P2P-009638,1.0,0,True,,,
P2P-009639,1.0,0,True,,,
P2P-009640,0.9230769230769231,1,False,Manager Approval,,
P2P-009641,0.7647058823529411,4,False,,Delivery Delayed | Payment Rejected,Invoice Matched | Payment Authorized
P2P-009642,0.9230769230769231,1,False,Manager Approval,,
P2P-009643,1.0,0,True,,,
P2P-009644,1.0,0,True,,,
P2P-009645,1.0,0,True,,,
P2P-009646,0.8125,3,False,,Payment Rejected,Invoice Matched | Payment Authorized
P2P-009647,0.8666666666666667,2,False,,Request Reworked,Manager Approval
P2P-009648,1.0,0,True,,,
P2P-009649,0.8666666666666667,2,False,,Request Reworked,Manager Approval
P2P-009650,0.8666666666666667,2,False,,Request Reworked,Manager Approval
P2P-009651,0.8666666666666667,2,False,,Invoice Blocked | Invoice Corrected,
P2P-009652,0.8666666666666667,2,False,,Invoice Blocked | Invoice Corrected,
P2P-009653,0.8666666666666667,2,False,,Request Reworked,Manager Approval
P2P-009654,1.0,0,True,,,
P2P-009655,1.0,0,True,,,
P2P-009656,1.0,0,True,,,
P2P-009657,0.9285714285714286,1,False,,Delivery Delayed,
P2P-009658,0.9285714285714286,1,False,,Delivery Delayed,
P2P-009659,1.0,0,True,,,
P2P-009660,1.0,0,True,,,
P2P-009661,0.9230769230769231,1,False,Manager Approval,,
P2P-009662,0.8125,3,False,,Delivery Delayed | Request Reworked,Manager Approval
P2P-009663,1.0,0,True,,,
P2P-009664,0.8666666666666667,2,False,,Request Reworked,Manager Approval
P2P-009665,0.8666666666666667,2,False,,Request Reworked,Manager Approval
P2P-009666,0.8666666666666667,2,False,,Request Reworked,Manager Approval
P2P-009667,1.0,0,True,,,
P2P-009668,0.8666666666666667,2,False,,Request Reworked,Manager Approval
P2P-009669,1.0,0,True,,,
P2P-009670,0.7647058823529411,4,False,,Corrected Invoice Received | Duplicate Check Failed | Invoice Rejected,Invoice Duplicate Check
P2P-009671,0.8666666666666667,2,False,,Request Reworked,Manager Approval
P2P-009672,1.0,0,True,,,
P2P-009673,0.7857142857142857,3,False,,Three-Way Match Failed,
P2P-009674,0.9230769230769231,1,False,Manager Approval,,
P2P-009675,1.0,0,True,,,
P2P-009676,1.0,0,True,,,
P2P-009677,0.9285714285714286,1,False,,Delivery Delayed,
P2P-009678,1.0,0,True,,,
P2P-009679,1.0,0,True,,,
P2P-009680,1.0,0,True,,,
P2P-009681,1.0,0,True,,,
P2P-009682,0.8125,3,False,,Payment Rejected,Invoice Matched | Payment Authorized
P2P-009683,1.0,0,True,,,
P2P-009684,0.8125,3,False,,Payment Rejected,Invoice Matched | Payment Authorized
P2P-009685,0.9230769230769231,1,False,Manager Approval,,
P2P-009686,0.8461538461538461,2,False,Manager Approval,Delivery Delayed,
P2P-009687,0.8666666666666667,2,False,,Request Reworked,Manager Approval
P2P-009688,1.0,0,True,,,
P2P-009689,1.0,0,True,,,
P2P-009690,0.8,3,False,,Delivery Delayed | Three-Way Match Failed,
P2P-009691,0.9230769230769231,1,False,Manager Approval,,
P2P-009692,1.0,0,True,,,
P2P-009693,0.9230769230769231,1,False,Manager Approval,,
P2P-009694,0.7857142857142857,3,False,,Three-Way Match Failed,
P2P-009695,0.8461538461538461,2,False,Manager Approval,Delivery Delayed,
P2P-009696,1.0,0,True,,,
P2P-009697,1.0,0,True,,,
P2P-009698,0.7857142857142857,3,False,,Three-Way Match Failed,
P2P-009699,1.0,0,True,,,
P2P-009700,1.0,0,True,,,
P2P-009701,1.0,0,True,,,
P2P-009702,0.8666666666666667,2,False,,Request Reworked,Manager Approval
P2P-009703,1.0,0,True,,,
P2P-009704,0.9285714285714286,1,False,,Delivery Delayed,
P2P-009705,0.8666666666666667,2,False,,Invoice Blocked | Invoice Corrected,
P2P-009706,0.9230769230769231,1,False,Manager Approval,,
P2P-009707,1.0,0,True,,,
P2P-009708,1.0,0,True,,,
P2P-009709,0.9285714285714286,1,False,,Delivery Delayed,
P2P-009710,0.8125,3,False,,Delivery Delayed | Request Reworked,Manager Approval
P2P-009711,1.0,0,True,,,
P2P-009712,1.0,0,True,,,
P2P-009713,0.8,3,False,,Delivery Delayed | Three-Way Match Failed,
P2P-009714,0.8666666666666667,2,False,,Invoice Blocked | Invoice Corrected,
P2P-009715,0.9285714285714286,1,False,,Delivery Delayed,
P2P-009716,0.8125,3,False,,Delivery Delayed | Request Reworked,Manager Approval
P2P-009717,1.0,0,True,,,
P2P-009718,0.9230769230769231,1,False,Manager Approval,,
P2P-009719,0.8666666666666667,2,False,,Request Reworked,Manager Approval
P2P-009720,0.7647058823529411,4,False,,Corrected Invoice Received | Duplicate Check Failed | Invoice Rejected,Invoice Duplicate Check
P2P-009721,1.0,0,True,,,
P2P-009722,1.0,0,True,,,
P2P-009723,1.0,0,True,,,
P2P-009724,0.9230769230769231,1,False,Manager Approval,,
P2P-009725,0.9285714285714286,1,False,,Delivery Delayed,
P2P-009726,0.9230769230769231,1,False,Manager Approval,,
P2P-009727,0.7857142857142857,3,False,,Three-Way Match Failed,
P2P-009728,0.8666666666666667,2,False,,Request Reworked,Manager Approval
P2P-009729,0.7857142857142857,3,False,,Three-Way Match Failed,
P2P-009730,0.8666666666666667,2,False,,Invoice Blocked | Invoice Corrected,
P2P-009731,0.9230769230769231,1,False,Manager Approval,,
P2P-009732,1.0,0,True,,,
P2P-009733,0.7857142857142857,3,False,,Three-Way Match Failed,
P2P-009734,1.0,0,True,,,
P2P-009735,1.0,0,True,,,
P2P-009736,0.8666666666666667,2,False,,Invoice Blocked | Invoice Corrected,
P2P-009737,0.8666666666666667,2,False,,Request Reworked,Manager Approval
P2P-009738,0.9230769230769231,1,False,Manager Approval,,
P2P-009739,1.0,0,True,,,
P2P-009740,1.0,0,True,,,
P2P-009741,0.9230769230769231,1,False,Manager Approval,,
P2P-009742,1.0,0,True,,,
P2P-009743,1.0,0,True,,,
P2P-009744,1.0,0,True,,,
P2P-009745,0.8666666666666667,2,False,,Invoice Blocked | Invoice Corrected,
P2P-009746,0.9230769230769231,1,False,Manager Approval,,
P2P-009747,0.8666666666666667,2,False,,Invoice Blocked | Invoice Corrected,
P2P-009748,1.0,0,True,,,
P2P-009749,1.0,0,True,,,
P2P-009750,0.8666666666666667,2,False,,Invoice Blocked | Invoice Corrected,
P2P-009751,0.8666666666666667,2,False,,Invoice Blocked | Invoice Corrected,
P2P-009752,0.7647058823529411,4,False,,Corrected Invoice Received | Duplicate Check Failed | Invoice Rejected,Invoice Duplicate Check
P2P-009753,0.8125,3,False,,Delivery Delayed | Request Reworked,Manager Approval
P2P-009754,1.0,0,True,,,
P2P-009755,0.7647058823529411,4,False,,Corrected Invoice Received | Duplicate Check Failed | Invoice Rejected,Invoice Duplicate Check
P2P-009756,1.0,0,True,,,
P2P-009757,0.8666666666666667,2,False,,Invoice Blocked | Invoice Corrected,
P2P-009758,0.9230769230769231,1,False,Manager Approval,,
P2P-009759,0.7647058823529411,4,False,,Corrected Invoice Received | Duplicate Check Failed | Invoice Rejected,Invoice Duplicate Check
P2P-009760,1.0,0,True,,,
P2P-009761,0.8666666666666667,2,False,,Invoice Blocked | Invoice Corrected,
P2P-009762,0.8666666666666667,2,False,,Request Reworked,Manager Approval
P2P-009763,0.8125,3,False,,Payment Rejected,Invoice Matched | Payment Authorized
P2P-009764,1.0,0,True,,,
P2P-009765,0.8666666666666667,2,False,,Invoice Blocked | Invoice Corrected,
P2P-009766,0.8666666666666667,2,False,,Invoice Blocked | Invoice Corrected,
P2P-009767,0.8125,3,False,,Payment Rejected,Invoice Matched | Payment Authorized
P2P-009768,1.0,0,True,,,
P2P-009769,0.8461538461538461,2,False,Manager Approval,Delivery Delayed,
P2P-009770,0.9230769230769231,1,False,Manager Approval,,
P2P-009771,1.0,0,True,,,
P2P-009772,0.9230769230769231,1,False,Manager Approval,,
P2P-009773,0.9285714285714286,1,False,,Delivery Delayed,
P2P-009774,1.0,0,True,,,
P2P-009775,0.8666666666666667,2,False,,Request Reworked,Manager Approval
P2P-009776,0.9230769230769231,1,False,Manager Approval,,
P2P-009777,0.9230769230769231,1,False,Manager Approval,,
P2P-009778,0.7647058823529411,4,False,,Corrected Invoice Received | Duplicate Check Failed | Invoice Rejected,Invoice Duplicate Check
P2P-009779,0.9230769230769231,1,False,Manager Approval,,
P2P-009780,1.0,0,True,,,
P2P-009781,0.8125,3,False,,Payment Rejected,Invoice Matched | Payment Authorized
P2P-009782,0.7647058823529411,4,False,,Corrected Invoice Received | Duplicate Check Failed | Invoice Rejected,Invoice Duplicate Check
P2P-009783,1.0,0,True,,,
P2P-009784,0.8125,3,False,,Payment Rejected,Invoice Matched | Payment Authorized
P2P-009785,1.0,0,True,,,
P2P-009786,0.9230769230769231,1,False,Manager Approval,,
P2P-009787,1.0,0,True,,,
P2P-009788,0.9285714285714286,1,False,,Delivery Delayed,
P2P-009789,1.0,0,True,,,
P2P-009790,1.0,0,True,,,
P2P-009791,0.8125,3,False,,Delivery Delayed | Request Reworked,Manager Approval
P2P-009792,0.8666666666666667,2,False,,Request Reworked,Manager Approval
P2P-009793,1.0,0,True,,,
P2P-009794,1.0,0,True,,,
P2P-009795,0.8666666666666667,2,False,,Invoice Blocked | Invoice Corrected,
P2P-009796,1.0,0,True,,,
P2P-009797,0.9230769230769231,1,False,Manager Approval,,
P2P-009798,1.0,0,True,,,
P2P-009799,0.9230769230769231,1,False,Manager Approval,,
P2P-009800,0.8461538461538461,2,False,Manager Approval,Delivery Delayed,
P2P-009801,1.0,0,True,,,
P2P-009802,0.9285714285714286,1,False,,Delivery Delayed,
P2P-009803,0.8666666666666667,2,False,,Invoice Blocked | Invoice Corrected,
P2P-009804,0.8666666666666667,2,False,,Invoice Blocked | Invoice Corrected,
P2P-009805,1.0,0,True,,,
P2P-009806,0.7857142857142857,3,False,,Three-Way Match Failed,
P2P-009807,0.8125,3,False,,Payment Rejected,Invoice Matched | Payment Authorized
P2P-009808,1.0,0,True,,,
P2P-009809,0.9285714285714286,1,False,,Delivery Delayed,
P2P-009810,0.7647058823529411,4,False,,Corrected Invoice Received | Duplicate Check Failed | Invoice Rejected,Invoice Duplicate Check
P2P-009811,0.7647058823529411,4,False,,Corrected Invoice Received | Duplicate Check Failed | Invoice Rejected,Invoice Duplicate Check
P2P-009812,0.7647058823529411,4,False,,Corrected Invoice Received | Duplicate Check Failed | Invoice Rejected,Invoice Duplicate Check
P2P-009813,1.0,0,True,,,
P2P-009814,0.8666666666666667,2,False,,Invoice Blocked | Invoice Corrected,
P2P-009815,1.0,0,True,,,
P2P-009816,1.0,0,True,,,
P2P-009817,1.0,0,True,,,
P2P-009818,1.0,0,True,,,
P2P-009819,1.0,0,True,,,
P2P-009820,1.0,0,True,,,
P2P-009821,1.0,0,True,,,
P2P-009822,1.0,0,True,,,
P2P-009823,0.9285714285714286,1,False,,Delivery Delayed,
P2P-009824,0.8666666666666667,2,False,,Request Reworked,Manager Approval
P2P-009825,1.0,0,True,,,
P2P-009826,0.9230769230769231,1,False,Manager Approval,,
P2P-009827,1.0,0,True,,,
P2P-009828,0.9285714285714286,1,False,,Delivery Delayed,
P2P-009829,0.9285714285714286,1,False,,Delivery Delayed,
P2P-009830,1.0,0,True,,,
P2P-009831,0.9230769230769231,1,False,Manager Approval,,
P2P-009832,0.8666666666666667,2,False,,Request Reworked,Manager Approval
P2P-009833,0.8666666666666667,2,False,,Invoice Blocked | Invoice Corrected,
P2P-009834,1.0,0,True,,,
P2P-009835,1.0,0,True,,,
P2P-009836,0.9230769230769231,1,False,Manager Approval,,
P2P-009837,1.0,0,True,,,
P2P-009838,1.0,0,True,,,
P2P-009839,0.8125,3,False,,Payment Rejected,Invoice Matched | Payment Authorized
P2P-009840,1.0,0,True,,,
P2P-009841,1.0,0,True,,,
P2P-009842,1.0,0,True,,,
P2P-009843,1.0,0,True,,,
P2P-009844,1.0,0,True,,,
P2P-009845,0.9285714285714286,1,False,,Delivery Delayed,
P2P-009846,0.8666666666666667,2,False,,Request Reworked,Manager Approval
P2P-009847,0.8666666666666667,2,False,,Invoice Blocked | Invoice Corrected,
P2P-009848,0.7647058823529411,4,False,,Corrected Invoice Received | Duplicate Check Failed | Invoice Rejected,Invoice Duplicate Check
P2P-009849,0.9285714285714286,1,False,,Delivery Delayed,
P2P-009850,0.9285714285714286,1,False,,Delivery Delayed,
P2P-009851,1.0,0,True,,,
P2P-009852,0.7222222222222222,5,False,,Corrected Invoice Received | Delivery Delayed | Duplicate Check Failed | Invoice Rejected,Invoice Duplicate Check
P2P-009853,0.9285714285714286,1,False,,Delivery Delayed,
P2P-009854,1.0,0,True,,,
P2P-009855,1.0,0,True,,,
P2P-009856,1.0,0,True,,,
P2P-009857,0.7647058823529411,4,False,,Corrected Invoice Received | Duplicate Check Failed | Invoice Rejected,Invoice Duplicate Check
P2P-009858,1.0,0,True,,,
P2P-009859,0.9285714285714286,1,False,,Delivery Delayed,
P2P-009860,1.0,0,True,,,
P2P-009861,0.8666666666666667,2,False,,Request Reworked,Manager Approval
P2P-009862,1.0,0,True,,,
P2P-009863,1.0,0,True,,,
P2P-009864,0.7857142857142857,3,False,,Three-Way Match Failed,
P2P-009865,0.7857142857142857,3,False,,Three-Way Match Failed,
P2P-009866,0.8666666666666667,2,False,,Request Reworked,Manager Approval
P2P-009867,0.8666666666666667,2,False,,Invoice Blocked | Invoice Corrected,
P2P-009868,0.8666666666666667,2,False,,Request Reworked,Manager Approval
P2P-009869,1.0,0,True,,,
P2P-009870,0.7857142857142857,3,False,,Three-Way Match Failed,
P2P-009871,1.0,0,True,,,
P2P-009872,0.8666666666666667,2,False,,Request Reworked,Manager Approval
P2P-009873,0.9230769230769231,1,False,Manager Approval,,
P2P-009874,0.7222222222222222,5,False,,Corrected Invoice Received | Delivery Delayed | Duplicate Check Failed | Invoice Rejected,Invoice Duplicate Check
P2P-009875,1.0,0,True,,,
P2P-009876,1.0,0,True,,,
P2P-009877,0.8666666666666667,2,False,,Request Reworked,Manager Approval
P2P-009878,1.0,0,True,,,
P2P-009879,0.8666666666666667,2,False,,Invoice Blocked | Invoice Corrected,
P2P-009880,1.0,0,True,,,
P2P-009881,0.8666666666666667,2,False,,Request Reworked,Manager Approval
P2P-009882,0.7647058823529411,4,False,,Corrected Invoice Received | Duplicate Check Failed | Invoice Rejected,Invoice Duplicate Check
P2P-009883,1.0,0,True,,,
P2P-009884,1.0,0,True,,,
P2P-009885,0.9285714285714286,1,False,,Delivery Delayed,
P2P-009886,1.0,0,True,,,
P2P-009887,0.7857142857142857,3,False,,Three-Way Match Failed,
P2P-009888,0.7857142857142857,3,False,,Three-Way Match Failed,
P2P-009889,1.0,0,True,,,
P2P-009890,0.9285714285714286,1,False,,Delivery Delayed,
P2P-009891,0.7647058823529411,4,False,,Corrected Invoice Received | Duplicate Check Failed | Invoice Rejected,Invoice Duplicate Check
P2P-009892,0.8666666666666667,2,False,,Invoice Blocked | Invoice Corrected,
P2P-009893,1.0,0,True,,,
P2P-009894,1.0,0,True,,,
P2P-009895,0.9230769230769231,1,False,Manager Approval,,
P2P-009896,0.7857142857142857,3,False,,Three-Way Match Failed,
P2P-009897,0.7647058823529411,4,False,,Corrected Invoice Received | Duplicate Check Failed | Invoice Rejected,Invoice Duplicate Check
P2P-009898,0.8666666666666667,2,False,,Invoice Blocked | Invoice Corrected,
P2P-009899,1.0,0,True,,,
P2P-009900,0.9285714285714286,1,False,,Delivery Delayed,
P2P-009901,0.9285714285714286,1,False,,Delivery Delayed,
P2P-009902,0.9230769230769231,1,False,Manager Approval,,
P2P-009903,0.8666666666666667,2,False,,Request Reworked,Manager Approval
P2P-009904,0.9230769230769231,1,False,Manager Approval,,
P2P-009905,0.8461538461538461,2,False,Manager Approval,Delivery Delayed,
P2P-009906,0.9230769230769231,1,False,Manager Approval,,
P2P-009907,1.0,0,True,,,
P2P-009908,1.0,0,True,,,
P2P-009909,0.8461538461538461,2,False,Manager Approval,Delivery Delayed,
P2P-009910,1.0,0,True,,,
P2P-009911,1.0,0,True,,,
P2P-009912,1.0,0,True,,,
P2P-009913,0.9285714285714286,1,False,,Delivery Delayed,
P2P-009914,1.0,0,True,,,
P2P-009915,0.8666666666666667,2,False,,Invoice Blocked | Invoice Corrected,
P2P-009916,1.0,0,True,,,
P2P-009917,1.0,0,True,,,
P2P-009918,1.0,0,True,,,
P2P-009919,1.0,0,True,,,
P2P-009920,1.0,0,True,,,
P2P-009921,0.8666666666666667,2,False,,Request Reworked,Manager Approval
P2P-009922,0.9285714285714286,1,False,,Delivery Delayed,
P2P-009923,1.0,0,True,,,
P2P-009924,0.8125,3,False,,Payment Rejected,Invoice Matched | Payment Authorized
P2P-009925,0.9230769230769231,1,False,Manager Approval,,
P2P-009926,0.8666666666666667,2,False,,Request Reworked,Manager Approval
P2P-009927,0.9230769230769231,1,False,Manager Approval,,
P2P-009928,1.0,0,True,,,
P2P-009929,1.0,0,True,,,
P2P-009930,1.0,0,True,,,
P2P-009931,0.7647058823529411,4,False,,Corrected Invoice Received | Duplicate Check Failed | Invoice Rejected,Invoice Duplicate Check
P2P-009932,1.0,0,True,,,
P2P-009933,0.9285714285714286,1,False,,Delivery Delayed,
P2P-009934,0.9230769230769231,1,False,Manager Approval,,
P2P-009935,1.0,0,True,,,
P2P-009936,1.0,0,True,,,
P2P-009937,1.0,0,True,,,
P2P-009938,0.9285714285714286,1,False,,Delivery Delayed,
P2P-009939,1.0,0,True,,,
P2P-009940,1.0,0,True,,,
P2P-009941,1.0,0,True,,,
P2P-009942,1.0,0,True,,,
P2P-009943,0.8666666666666667,2,False,,Request Reworked,Manager Approval
P2P-009944,1.0,0,True,,,
P2P-009945,0.8666666666666667,2,False,,Invoice Blocked | Invoice Corrected,
P2P-009946,1.0,0,True,,,
P2P-009947,0.7647058823529411,4,False,,Corrected Invoice Received | Duplicate Check Failed | Invoice Rejected,Invoice Duplicate Check
P2P-009948,1.0,0,True,,,
P2P-009949,1.0,0,True,,,
P2P-009950,1.0,0,True,,,
P2P-009951,0.7857142857142857,3,False,,Three-Way Match Failed,
P2P-009952,1.0,0,True,,,
P2P-009953,0.8125,3,False,,Payment Rejected,Invoice Matched | Payment Authorized
P2P-009954,1.0,0,True,,,
P2P-009955,0.8666666666666667,2,False,,Request Reworked,Manager Approval
P2P-009956,0.7857142857142857,3,False,,Three-Way Match Failed,
P2P-009957,1.0,0,True,,,
P2P-009958,1.0,0,True,,,
P2P-009959,0.8666666666666667,2,False,,Invoice Blocked | Invoice Corrected,
P2P-009960,1.0,0,True,,,
P2P-009961,0.9230769230769231,1,False,Manager Approval,,
P2P-009962,0.8125,3,False,,Delivery Delayed | Request Reworked,Manager Approval
P2P-009963,0.8666666666666667,2,False,,Invoice Blocked | Invoice Corrected,
P2P-009964,1.0,0,True,,,
P2P-009965,0.9230769230769231,1,False,Manager Approval,,
P2P-009966,1.0,0,True,,,
P2P-009967,0.7857142857142857,3,False,,Three-Way Match Failed,
P2P-009968,0.7857142857142857,3,False,,Three-Way Match Failed,
P2P-009969,0.7647058823529411,4,False,,Corrected Invoice Received | Duplicate Check Failed | Invoice Rejected,Invoice Duplicate Check
P2P-009970,0.9285714285714286,1,False,,Delivery Delayed,
P2P-009971,0.8461538461538461,2,False,Manager Approval,Delivery Delayed,
P2P-009972,0.8461538461538461,2,False,Manager Approval,Delivery Delayed,
P2P-009973,0.7857142857142857,3,False,,Three-Way Match Failed,
P2P-009974,1.0,0,True,,,
P2P-009975,0.9230769230769231,1,False,Manager Approval,,
P2P-009976,0.8666666666666667,2,False,,Invoice Blocked | Invoice Corrected,
P2P-009977,1.0,0,True,,,
P2P-009978,1.0,0,True,,,
P2P-009979,0.8666666666666667,2,False,,Invoice Blocked | Invoice Corrected,
P2P-009980,0.8125,3,False,,Payment Rejected,Invoice Matched | Payment Authorized
P2P-009981,1.0,0,True,,,
P2P-009982,1.0,0,True,,,
P2P-009983,0.9285714285714286,1,False,,Delivery Delayed,
P2P-009984,0.8666666666666667,2,False,,Request Reworked,Manager Approval
P2P-009985,1.0,0,True,,,
P2P-009986,1.0,0,True,,,
P2P-009987,1.0,0,True,,,
P2P-009988,0.9230769230769231,1,False,Manager Approval,,
P2P-009989,1.0,0,True,,,
P2P-009990,1.0,0,True,,,
P2P-009991,0.8125,3,False,,Payment Rejected,Invoice Matched | Payment Authorized
P2P-009992,0.8666666666666667,2,False,,Request Reworked,Manager Approval
P2P-009993,0.9285714285714286,1,False,,Delivery Delayed,
P2P-009994,0.8666666666666667,2,False,,Request Reworked,Manager Approval
P2P-009995,0.8125,3,False,,Payment Rejected,Invoice Matched | Payment Authorized
P2P-009996,0.7647058823529411,4,False,,Corrected Invoice Received | Duplicate Check Failed | Invoice Rejected,Invoice Duplicate Check
P2P-009997,1.0,0,True,,,
P2P-009998,1.0,0,True,,,
P2P-009999,0.8125,3,False,,Payment Rejected,Invoice Matched | Payment Authorized
P2P-010000,0.8666666666666667,2,False,,Request Reworked,Manager Approval
P2P-010001,0.9230769230769231,1,False,Manager Approval,,
P2P-010002,1.0,0,True,,,
P2P-010003,1.0,0,True,,,
P2P-010004,0.9230769230769231,1,False,Manager Approval,,
P2P-010005,1.0,0,True,,,
P2P-010006,1.0,0,True,,,
P2P-010007,0.9285714285714286,1,False,,Delivery Delayed,
P2P-010008,1.0,0,True,,,
P2P-010009,0.8666666666666667,2,False,,Request Reworked,Manager Approval
P2P-010010,0.8666666666666667,2,False,,Request Reworked,Manager Approval
P2P-010011,0.9230769230769231,1,False,Manager Approval,,
P2P-010012,1.0,0,True,,,
P2P-010013,0.8666666666666667,2,False,,Invoice Blocked | Invoice Corrected,
P2P-010014,0.7857142857142857,3,False,,Three-Way Match Failed,
P2P-010015,0.9230769230769231,1,False,Manager Approval,,
P2P-010016,1.0,0,True,,,
P2P-010017,1.0,0,True,,,
P2P-010018,1.0,0,True,,,
P2P-010019,1.0,0,True,,,
P2P-010020,0.9230769230769231,1,False,Manager Approval,,
P2P-010021,1.0,0,True,,,
P2P-010022,1.0,0,True,,,
P2P-010023,0.9285714285714286,1,False,,Delivery Delayed,
P2P-010024,1.0,0,True,,,
P2P-010025,1.0,0,True,,,
P2P-010026,0.9230769230769231,1,False,Manager Approval,,
P2P-010027,0.8461538461538461,2,False,Manager Approval,Delivery Delayed,
P2P-010028,0.8666666666666667,2,False,,Request Reworked,Manager Approval
P2P-010029,0.9230769230769231,1,False,Manager Approval,,
P2P-010030,1.0,0,True,,,
P2P-010031,0.8125,3,False,,Delivery Delayed | Request Reworked,Manager Approval
P2P-010032,1.0,0,True,,,
P2P-010033,0.8,3,False,,Delivery Delayed | Three-Way Match Failed,
P2P-010034,1.0,0,True,,,
P2P-010035,0.8666666666666667,2,False,,Request Reworked,Manager Approval
P2P-010036,0.8125,3,False,,Payment Rejected,Invoice Matched | Payment Authorized
P2P-010037,1.0,0,True,,,
P2P-010038,1.0,0,True,,,
P2P-010039,0.9285714285714286,1,False,,Delivery Delayed,
P2P-010040,1.0,0,True,,,
P2P-010041,1.0,0,True,,,
P2P-010042,0.8666666666666667,2,False,,Request Reworked,Manager Approval
P2P-010043,1.0,0,True,,,
P2P-010044,0.9230769230769231,1,False,Manager Approval,,
P2P-010045,0.9285714285714286,1,False,,Delivery Delayed,
P2P-010046,0.8666666666666667,2,False,,Invoice Blocked | Invoice Corrected,
P2P-010047,0.9285714285714286,1,False,,Delivery Delayed,
P2P-010048,1.0,0,True,,,
P2P-010049,0.9230769230769231,1,False,Manager Approval,,
P2P-010050,1.0,0,True,,,
P2P-010051,1.0,0,True,,,
P2P-010052,1.0,0,True,,,
P2P-010053,0.8666666666666667,2,False,,Invoice Blocked | Invoice Corrected,
P2P-010054,0.8125,3,False,,Delivery Delayed | Invoice Blocked | Invoice Corrected,
P2P-010055,0.7857142857142857,3,False,,Three-Way Match Failed,
P2P-010056,1.0,0,True,,,
P2P-010057,0.7857142857142857,3,False,,Three-Way Match Failed,
P2P-010058,0.8666666666666667,2,False,,Request Reworked,Manager Approval
P2P-010059,1.0,0,True,,,
P2P-010060,1.0,0,True,,,
P2P-010061,0.8666666666666667,2,False,,Request Reworked,Manager Approval
P2P-010062,1.0,0,True,,,
P2P-010063,0.9285714285714286,1,False,,Delivery Delayed,
P2P-010064,0.8666666666666667,2,False,,Request Reworked,Manager Approval
P2P-010065,0.8666666666666667,2,False,,Invoice Blocked | Invoice Corrected,
P2P-010066,0.7857142857142857,3,False,,Three-Way Match Failed,
P2P-010067,0.7857142857142857,3,False,,Three-Way Match Failed,
P2P-010068,1.0,0,True,,,
P2P-010069,0.9285714285714286,1,False,,Delivery Delayed,
P2P-010070,1.0,0,True,,,
P2P-010071,1.0,0,True,,,
P2P-010072,0.8125,3,False,,Delivery Delayed | Request Reworked,Manager Approval
P2P-010073,0.8666666666666667,2,False,,Request Reworked,Manager Approval
P2P-010074,1.0,0,True,,,
P2P-010075,0.7857142857142857,3,False,,Three-Way Match Failed,
P2P-010076,0.8666666666666667,2,False,,Request Reworked,Manager Approval
P2P-010077,0.8125,3,False,,Payment Rejected,Invoice Matched | Payment Authorized
P2P-010078,0.8666666666666667,2,False,,Invoice Blocked | Invoice Corrected,
P2P-010079,0.8666666666666667,2,False,,Invoice Blocked | Invoice Corrected,
P2P-010080,0.9285714285714286,1,False,,Delivery Delayed,
P2P-010081,1.0,0,True,,,
P2P-010082,1.0,0,True,,,
P2P-010083,0.7647058823529411,4,False,,Delivery Delayed | Payment Rejected,Invoice Matched | Payment Authorized
P2P-010084,1.0,0,True,,,
P2P-010085,0.8666666666666667,2,False,,Invoice Blocked | Invoice Corrected,
P2P-010086,1.0,0,True,,,
P2P-010087,0.8,3,False,,Delivery Delayed | Three-Way Match Failed,
P2P-010088,0.7647058823529411,4,False,,Corrected Invoice Received | Duplicate Check Failed | Invoice Rejected,Invoice Duplicate Check
P2P-010089,1.0,0,True,,,
P2P-010090,1.0,0,True,,,
P2P-010091,0.8666666666666667,2,False,,Invoice Blocked | Invoice Corrected,
P2P-010092,0.7647058823529411,4,False,,Corrected Invoice Received | Duplicate Check Failed | Invoice Rejected,Invoice Duplicate Check
P2P-010093,1.0,0,True,,,
P2P-010094,1.0,0,True,,,
P2P-010095,1.0,0,True,,,
P2P-010096,0.8666666666666667,2,False,,Invoice Blocked | Invoice Corrected,
P2P-010097,0.8666666666666667,2,False,,Request Reworked,Manager Approval
P2P-010098,0.8461538461538461,2,False,Manager Approval,Delivery Delayed,
P2P-010099,0.9230769230769231,1,False,Manager Approval,,
P2P-010100,1.0,0,True,,,
P2P-010101,0.9230769230769231,1,False,Manager Approval,,
P2P-010102,1.0,0,True,,,
P2P-010103,1.0,0,True,,,
P2P-010104,0.8125,3,False,,Payment Rejected,Invoice Matched | Payment Authorized
P2P-010105,0.7857142857142857,3,False,,Three-Way Match Failed,
P2P-010106,0.8666666666666667,2,False,,Request Reworked,Manager Approval
P2P-010107,0.8125,3,False,,Payment Rejected,Invoice Matched | Payment Authorized
P2P-010108,0.9230769230769231,1,False,Manager Approval,,
P2P-010109,0.9230769230769231,1,False,Manager Approval,,
P2P-010110,1.0,0,True,,,
P2P-010111,0.8666666666666667,2,False,,Invoice Blocked | Invoice Corrected,
P2P-010112,1.0,0,True,,,
P2P-010113,0.8666666666666667,2,False,,Invoice Blocked | Invoice Corrected,
P2P-010114,1.0,0,True,,,
P2P-010115,0.7647058823529411,4,False,,Corrected Invoice Received | Duplicate Check Failed | Invoice Rejected,Invoice Duplicate Check
P2P-010116,0.8666666666666667,2,False,,Invoice Blocked | Invoice Corrected,
P2P-010117,0.8666666666666667,2,False,,Request Reworked,Manager Approval
P2P-010118,0.8125,3,False,,Payment Rejected,Invoice Matched | Payment Authorized
P2P-010119,1.0,0,True,,,
P2P-010120,1.0,0,True,,,
P2P-010121,0.8125,3,False,,Payment Rejected,Invoice Matched | Payment Authorized
P2P-010122,0.8666666666666667,2,False,,Request Reworked,Manager Approval
P2P-010123,0.8666666666666667,2,False,,Request Reworked,Manager Approval
P2P-010124,0.9285714285714286,1,False,,Delivery Delayed,
P2P-010125,1.0,0,True,,,
P2P-010126,0.8666666666666667,2,False,,Invoice Blocked | Invoice Corrected,
P2P-010127,1.0,0,True,,,
P2P-010128,0.9285714285714286,1,False,,Delivery Delayed,
P2P-010129,1.0,0,True,,,
P2P-010130,0.8666666666666667,2,False,,Invoice Blocked | Invoice Corrected,
P2P-010131,1.0,0,True,,,
P2P-010132,1.0,0,True,,,
P2P-010133,0.9285714285714286,1,False,,Delivery Delayed,
P2P-010134,1.0,0,True,,,
P2P-010135,1.0,0,True,,,
P2P-010136,0.9230769230769231,1,False,Manager Approval,,
P2P-010137,1.0,0,True,,,
P2P-010138,0.7647058823529411,4,False,,Corrected Invoice Received | Duplicate Check Failed | Invoice Rejected,Invoice Duplicate Check
P2P-010139,0.8666666666666667,2,False,,Request Reworked,Manager Approval
P2P-010140,0.8461538461538461,2,False,Manager Approval,Delivery Delayed,
P2P-010141,0.7857142857142857,3,False,,Three-Way Match Failed,
P2P-010142,0.8666666666666667,2,False,,Invoice Blocked | Invoice Corrected,
P2P-010143,0.8666666666666667,2,False,,Invoice Blocked | Invoice Corrected,
P2P-010144,0.9230769230769231,1,False,Manager Approval,,
P2P-010145,0.9230769230769231,1,False,Manager Approval,,
P2P-010146,1.0,0,True,,,
P2P-010147,0.9230769230769231,1,False,Manager Approval,,
P2P-010148,1.0,0,True,,,
P2P-010149,1.0,0,True,,,
P2P-010150,0.9230769230769231,1,False,Manager Approval,,
P2P-010151,0.8666666666666667,2,False,,Invoice Blocked | Invoice Corrected,
P2P-010152,0.8125,3,False,,Payment Rejected,Invoice Matched | Payment Authorized
P2P-010153,1.0,0,True,,,
P2P-010154,1.0,0,True,,,
P2P-010155,0.8666666666666667,2,False,,Invoice Blocked | Invoice Corrected,
P2P-010156,0.7647058823529411,4,False,,Delivery Delayed | Payment Rejected,Invoice Matched | Payment Authorized
P2P-010157,0.9285714285714286,1,False,,Delivery Delayed,
P2P-010158,1.0,0,True,,,
P2P-010159,1.0,0,True,,,
P2P-010160,0.7647058823529411,4,False,,Corrected Invoice Received | Duplicate Check Failed | Invoice Rejected,Invoice Duplicate Check
P2P-010161,1.0,0,True,,,
P2P-010162,0.8125,3,False,,Payment Rejected,Invoice Matched | Payment Authorized
P2P-010163,1.0,0,True,,,
P2P-010164,0.8125,3,False,,Payment Rejected,Invoice Matched | Payment Authorized
P2P-010165,0.8125,3,False,,Delivery Delayed | Invoice Blocked | Invoice Corrected,
P2P-010166,1.0,0,True,,,
P2P-010167,0.7647058823529411,4,False,,Corrected Invoice Received | Duplicate Check Failed | Invoice Rejected,Invoice Duplicate Check
P2P-010168,0.9230769230769231,1,False,Manager Approval,,
P2P-010169,1.0,0,True,,,
P2P-010170,1.0,0,True,,,
P2P-010171,1.0,0,True,,,
P2P-010172,1.0,0,True,,,
P2P-010173,0.8666666666666667,2,False,,Request Reworked,Manager Approval
P2P-010174,1.0,0,True,,,
P2P-010175,0.9230769230769231,1,False,Manager Approval,,
P2P-010176,0.7857142857142857,3,False,,Three-Way Match Failed,
P2P-010177,1.0,0,True,,,
P2P-010178,1.0,0,True,,,
P2P-010179,0.9230769230769231,1,False,Manager Approval,,
P2P-010180,0.7647058823529411,4,False,,Corrected Invoice Received | Duplicate Check Failed | Invoice Rejected,Invoice Duplicate Check
P2P-010181,1.0,0,True,,,
P2P-010182,0.9230769230769231,1,False,Manager Approval,,
P2P-010183,0.9230769230769231,1,False,Manager Approval,,
P2P-010184,0.7857142857142857,3,False,,Three-Way Match Failed,
P2P-010185,0.8666666666666667,2,False,,Invoice Blocked | Invoice Corrected,
P2P-010186,0.8666666666666667,2,False,,Invoice Blocked | Invoice Corrected,
P2P-010187,1.0,0,True,,,
P2P-010188,1.0,0,True,,,
P2P-010189,1.0,0,True,,,
P2P-010190,1.0,0,True,,,
P2P-010191,1.0,0,True,,,
P2P-010192,1.0,0,True,,,
P2P-010193,1.0,0,True,,,
P2P-010194,1.0,0,True,,,
P2P-010195,0.9285714285714286,1,False,,Delivery Delayed,
P2P-010196,1.0,0,True,,,
P2P-010197,0.7647058823529411,4,False,,Delivery Delayed | Payment Rejected,Invoice Matched | Payment Authorized
P2P-010198,0.9230769230769231,1,False,Manager Approval,,
P2P-010199,0.8125,3,False,,Payment Rejected,Invoice Matched | Payment Authorized
P2P-010200,0.8666666666666667,2,False,,Request Reworked,Manager Approval
P2P-010201,1.0,0,True,,,
P2P-010202,1.0,0,True,,,
P2P-010203,1.0,0,True,,,
P2P-010204,1.0,0,True,,,
P2P-010205,0.9285714285714286,1,False,,Delivery Delayed,
P2P-010206,1.0,0,True,,,
P2P-010207,0.8666666666666667,2,False,,Invoice Blocked | Invoice Corrected,
P2P-010208,0.8666666666666667,2,False,,Request Reworked,Manager Approval
P2P-010209,0.9230769230769231,1,False,Manager Approval,,
P2P-010210,0.8666666666666667,2,False,,Request Reworked,Manager Approval
P2P-010211,1.0,0,True,,,
P2P-010212,0.9230769230769231,1,False,Manager Approval,,
P2P-010213,1.0,0,True,,,
P2P-010214,0.9230769230769231,1,False,Manager Approval,,
P2P-010215,1.0,0,True,,,
P2P-010216,0.9230769230769231,1,False,Manager Approval,,
P2P-010217,1.0,0,True,,,
P2P-010218,1.0,0,True,,,
P2P-010219,1.0,0,True,,,
P2P-010220,0.8666666666666667,2,False,,Request Reworked,Manager Approval
P2P-010221,1.0,0,True,,,
P2P-010222,0.8666666666666667,2,False,,Request Reworked,Manager Approval
P2P-010223,0.9230769230769231,1,False,Manager Approval,,
P2P-010224,0.9285714285714286,1,False,,Delivery Delayed,
P2P-010225,1.0,0,True,,,
P2P-010226,1.0,0,True,,,
P2P-010227,1.0,0,True,,,
P2P-010228,1.0,0,True,,,
P2P-010229,1.0,0,True,,,
P2P-010230,0.7857142857142857,3,False,,Three-Way Match Failed,
P2P-010231,0.8666666666666667,2,False,,Request Reworked,Manager Approval
P2P-010232,0.8666666666666667,2,False,,Request Reworked,Manager Approval
P2P-010233,1.0,0,True,,,
P2P-010234,0.8,3,False,,Delivery Delayed | Three-Way Match Failed,
P2P-010235,1.0,0,True,,,
P2P-010236,1.0,0,True,,,
P2P-010237,0.7857142857142857,3,False,,Three-Way Match Failed,
P2P-010238,0.9230769230769231,1,False,Manager Approval,,
P2P-010239,0.8666666666666667,2,False,,Invoice Blocked | Invoice Corrected,
P2P-010240,0.7647058823529411,4,False,,Corrected Invoice Received | Duplicate Check Failed | Invoice Rejected,Invoice Duplicate Check
P2P-010241,0.9230769230769231,1,False,Manager Approval,,
P2P-010242,0.7647058823529411,4,False,,Corrected Invoice Received | Duplicate Check Failed | Invoice Rejected,Invoice Duplicate Check
P2P-010243,0.8666666666666667,2,False,,Request Reworked,Manager Approval
P2P-010244,0.9285714285714286,1,False,,Delivery Delayed,
P2P-010245,1.0,0,True,,,
P2P-010246,1.0,0,True,,,
P2P-010247,1.0,0,True,,,
P2P-010248,1.0,0,True,,,
P2P-010249,1.0,0,True,,,
P2P-010250,1.0,0,True,,,
P2P-010251,1.0,0,True,,,
P2P-010252,1.0,0,True,,,
P2P-010253,1.0,0,True,,,
P2P-010254,1.0,0,True,,,
P2P-010255,0.7647058823529411,4,False,,Corrected Invoice Received | Duplicate Check Failed | Invoice Rejected,Invoice Duplicate Check
P2P-010256,0.9285714285714286,1,False,,Delivery Delayed,
P2P-010257,1.0,0,True,,,
P2P-010258,0.8,3,False,,Delivery Delayed | Three-Way Match Failed,
P2P-010259,1.0,0,True,,,
P2P-010260,0.9230769230769231,1,False,Manager Approval,,
P2P-010261,0.7857142857142857,3,False,,Three-Way Match Failed,
P2P-010262,0.8666666666666667,2,False,,Request Reworked,Manager Approval
P2P-010263,0.9230769230769231,1,False,Manager Approval,,
P2P-010264,0.9230769230769231,1,False,Manager Approval,,
P2P-010265,1.0,0,True,,,
P2P-010266,0.7857142857142857,3,False,,Three-Way Match Failed,
P2P-010267,0.9285714285714286,1,False,,Delivery Delayed,
P2P-010268,0.8125,3,False,,Payment Rejected,Invoice Matched | Payment Authorized
P2P-010269,0.8666666666666667,2,False,,Invoice Blocked | Invoice Corrected,
P2P-010270,0.8666666666666667,2,False,,Request Reworked,Manager Approval
P2P-010271,1.0,0,True,,,
P2P-010272,0.8666666666666667,2,False,,Invoice Blocked | Invoice Corrected,
P2P-010273,0.7857142857142857,3,False,,Three-Way Match Failed,
P2P-010274,0.7857142857142857,3,False,,Three-Way Match Failed,
P2P-010275,1.0,0,True,,,
P2P-010276,1.0,0,True,,,
P2P-010277,0.8666666666666667,2,False,,Request Reworked,Manager Approval
P2P-010278,1.0,0,True,,,
P2P-010279,0.9285714285714286,1,False,,Delivery Delayed,
P2P-010280,0.9285714285714286,1,False,,Delivery Delayed,
P2P-010281,0.8666666666666667,2,False,,Invoice Blocked | Invoice Corrected,
P2P-010282,0.8666666666666667,2,False,,Invoice Blocked | Invoice Corrected,
P2P-010283,0.9230769230769231,1,False,Manager Approval,,
P2P-010284,0.9230769230769231,1,False,Manager Approval,,
P2P-010285,0.7647058823529411,4,False,,Corrected Invoice Received | Duplicate Check Failed | Invoice Rejected,Invoice Duplicate Check
P2P-010286,1.0,0,True,,,
P2P-010287,0.7647058823529411,4,False,,Corrected Invoice Received | Duplicate Check Failed | Invoice Rejected,Invoice Duplicate Check
P2P-010288,0.8666666666666667,2,False,,Request Reworked,Manager Approval
P2P-010289,1.0,0,True,,,
P2P-010290,0.7857142857142857,3,False,,Three-Way Match Failed,
P2P-010291,0.9230769230769231,1,False,Manager Approval,,
P2P-010292,1.0,0,True,,,
P2P-010293,0.8666666666666667,2,False,,Invoice Blocked | Invoice Corrected,
P2P-010294,0.9230769230769231,1,False,Manager Approval,,
P2P-010295,1.0,0,True,,,
P2P-010296,0.7857142857142857,3,False,,Three-Way Match Failed,
P2P-010297,1.0,0,True,,,
P2P-010298,1.0,0,True,,,
P2P-010299,0.8666666666666667,2,False,,Invoice Blocked | Invoice Corrected,
P2P-010300,1.0,0,True,,,
P2P-010301,1.0,0,True,,,
P2P-010302,0.9230769230769231,1,False,Manager Approval,,
P2P-010303,0.9285714285714286,1,False,,Delivery Delayed,
P2P-010304,0.8125,3,False,,Payment Rejected,Invoice Matched | Payment Authorized
P2P-010305,0.9230769230769231,1,False,Manager Approval,,
P2P-010306,0.9285714285714286,1,False,,Delivery Delayed,
P2P-010307,0.8666666666666667,2,False,,Invoice Blocked | Invoice Corrected,
P2P-010308,1.0,0,True,,,
P2P-010309,0.8666666666666667,2,False,,Invoice Blocked | Invoice Corrected,
P2P-010310,1.0,0,True,,,
P2P-010311,1.0,0,True,,,
P2P-010312,1.0,0,True,,,
P2P-010313,1.0,0,True,,,
P2P-010314,1.0,0,True,,,
P2P-010315,0.8666666666666667,2,False,,Invoice Blocked | Invoice Corrected,
P2P-010316,0.8666666666666667,2,False,,Request Reworked,Manager Approval
P2P-010317,0.7647058823529411,4,False,,Corrected Invoice Received | Duplicate Check Failed | Invoice Rejected,Invoice Duplicate Check
P2P-010318,0.9285714285714286,1,False,,Delivery Delayed,
P2P-010319,1.0,0,True,,,
P2P-010320,0.8666666666666667,2,False,,Request Reworked,Manager Approval
P2P-010321,0.9230769230769231,1,False,Manager Approval,,
P2P-010322,0.7647058823529411,4,False,,Corrected Invoice Received | Duplicate Check Failed | Invoice Rejected,Invoice Duplicate Check
P2P-010323,1.0,0,True,,,
P2P-010324,0.7857142857142857,3,False,,Three-Way Match Failed,
P2P-010325,0.8666666666666667,2,False,,Invoice Blocked | Invoice Corrected,
P2P-010326,0.8,3,False,,Delivery Delayed | Three-Way Match Failed,
P2P-010327,0.8125,3,False,,Payment Rejected,Invoice Matched | Payment Authorized
P2P-010328,0.7857142857142857,3,False,,Three-Way Match Failed,
P2P-010329,0.9285714285714286,1,False,,Delivery Delayed,
P2P-010330,1.0,0,True,,,
P2P-010331,1.0,0,True,,,
P2P-010332,0.8461538461538461,2,False,Manager Approval,Delivery Delayed,
P2P-010333,1.0,0,True,,,
P2P-010334,0.9285714285714286,1,False,,Delivery Delayed,
P2P-010335,0.9285714285714286,1,False,,Delivery Delayed,
P2P-010336,0.9230769230769231,1,False,Manager Approval,,
P2P-010337,1.0,0,True,,,
P2P-010338,0.8666666666666667,2,False,,Request Reworked,Manager Approval
P2P-010339,0.8125,3,False,,Payment Rejected,Invoice Matched | Payment Authorized
P2P-010340,1.0,0,True,,,
P2P-010341,0.8461538461538461,2,False,Manager Approval,Delivery Delayed,
P2P-010342,1.0,0,True,,,
P2P-010343,0.8666666666666667,2,False,,Request Reworked,Manager Approval
P2P-010344,1.0,0,True,,,
P2P-010345,1.0,0,True,,,
P2P-010346,1.0,0,True,,,
P2P-010347,0.8125,3,False,,Payment Rejected,Invoice Matched | Payment Authorized
P2P-010348,1.0,0,True,,,
P2P-010349,1.0,0,True,,,
P2P-010350,0.7857142857142857,3,False,,Three-Way Match Failed,
P2P-010351,1.0,0,True,,,
P2P-010352,1.0,0,True,,,
P2P-010353,0.9285714285714286,1,False,,Delivery Delayed,
P2P-010354,1.0,0,True,,,
P2P-010355,1.0,0,True,,,
P2P-010356,0.9285714285714286,1,False,,Delivery Delayed,
P2P-010357,1.0,0,True,,,
P2P-010358,1.0,0,True,,,
P2P-010359,0.8125,3,False,,Payment Rejected,Invoice Matched | Payment Authorized
P2P-010360,0.8125,3,False,,Payment Rejected,Invoice Matched | Payment Authorized
P2P-010361,0.9230769230769231,1,False,Manager Approval,,
P2P-010362,1.0,0,True,,,
P2P-010363,0.8666666666666667,2,False,,Invoice Blocked | Invoice Corrected,
P2P-010364,0.9230769230769231,1,False,Manager Approval,,
P2P-010365,0.8666666666666667,2,False,,Invoice Blocked | Invoice Corrected,
P2P-010366,0.8125,3,False,,Payment Rejected,Invoice Matched | Payment Authorized
P2P-010367,1.0,0,True,,,
P2P-010368,0.7647058823529411,4,False,,Corrected Invoice Received | Duplicate Check Failed | Invoice Rejected,Invoice Duplicate Check
P2P-010369,1.0,0,True,,,
P2P-010370,1.0,0,True,,,
P2P-010371,0.8666666666666667,2,False,,Invoice Blocked | Invoice Corrected,
P2P-010372,0.8125,3,False,,Payment Rejected,Invoice Matched | Payment Authorized
P2P-010373,0.9285714285714286,1,False,,Delivery Delayed,
P2P-010374,1.0,0,True,,,
P2P-010375,0.9285714285714286,1,False,,Delivery Delayed,
P2P-010376,0.8125,3,False,,Payment Rejected,Invoice Matched | Payment Authorized
P2P-010377,1.0,0,True,,,
P2P-010378,0.8666666666666667,2,False,,Request Reworked,Manager Approval
P2P-010379,0.8666666666666667,2,False,,Request Reworked,Manager Approval
P2P-010380,0.8666666666666667,2,False,,Request Reworked,Manager Approval
P2P-010381,1.0,0,True,,,
P2P-010382,0.9230769230769231,1,False,Manager Approval,,
P2P-010383,0.9285714285714286,1,False,,Delivery Delayed,
P2P-010384,0.7857142857142857,3,False,,Three-Way Match Failed,
P2P-010385,1.0,0,True,,,
P2P-010386,0.8666666666666667,2,False,,Invoice Blocked | Invoice Corrected,
P2P-010387,0.8125,3,False,,Payment Rejected,Invoice Matched | Payment Authorized
P2P-010388,1.0,0,True,,,
P2P-010389,1.0,0,True,,,
P2P-010390,1.0,0,True,,,
P2P-010391,0.7857142857142857,3,False,,Three-Way Match Failed,
P2P-010392,0.8461538461538461,2,False,Manager Approval,Delivery Delayed,
P2P-010393,0.7647058823529411,4,False,,Corrected Invoice Received | Duplicate Check Failed | Invoice Rejected,Invoice Duplicate Check
P2P-010394,0.8666666666666667,2,False,,Invoice Blocked | Invoice Corrected,
P2P-010395,1.0,0,True,,,
P2P-010396,0.9285714285714286,1,False,,Delivery Delayed,
P2P-010397,0.9230769230769231,1,False,Manager Approval,,
P2P-010398,0.9230769230769231,1,False,Manager Approval,,
P2P-010399,0.7647058823529411,4,False,,Delivery Delayed | Payment Rejected,Invoice Matched | Payment Authorized
P2P-010400,0.7647058823529411,4,False,,Corrected Invoice Received | Duplicate Check Failed | Invoice Rejected,Invoice Duplicate Check
P2P-010401,0.7222222222222222,5,False,,Corrected Invoice Received | Delivery Delayed | Duplicate Check Failed | Invoice Rejected,Invoice Duplicate Check
P2P-010402,0.9230769230769231,1,False,Manager Approval,,
P2P-010403,1.0,0,True,,,
P2P-010404,0.8,3,False,,Delivery Delayed | Three-Way Match Failed,
P2P-010405,1.0,0,True,,,
P2P-010406,1.0,0,True,,,
P2P-010407,0.8666666666666667,2,False,,Request Reworked,Manager Approval
P2P-010408,0.7857142857142857,3,False,,Three-Way Match Failed,
P2P-010409,1.0,0,True,,,
P2P-010410,0.8666666666666667,2,False,,Invoice Blocked | Invoice Corrected,
P2P-010411,0.8461538461538461,2,False,Manager Approval,Delivery Delayed,
P2P-010412,0.7857142857142857,3,False,,Three-Way Match Failed,
P2P-010413,0.8666666666666667,2,False,,Request Reworked,Manager Approval
P2P-010414,0.7222222222222222,5,False,,Corrected Invoice Received | Delivery Delayed | Duplicate Check Failed | Invoice Rejected,Invoice Duplicate Check
P2P-010415,1.0,0,True,,,
P2P-010416,1.0,0,True,,,
P2P-010417,0.8666666666666667,2,False,,Request Reworked,Manager Approval
P2P-010418,0.8666666666666667,2,False,,Invoice Blocked | Invoice Corrected,
P2P-010419,0.7647058823529411,4,False,,Corrected Invoice Received | Duplicate Check Failed | Invoice Rejected,Invoice Duplicate Check
P2P-010420,0.7857142857142857,3,False,,Three-Way Match Failed,
P2P-010421,0.8666666666666667,2,False,,Invoice Blocked | Invoice Corrected,
P2P-010422,0.9230769230769231,1,False,Manager Approval,,
P2P-010423,1.0,0,True,,,
P2P-010424,0.8666666666666667,2,False,,Request Reworked,Manager Approval
P2P-010425,0.8125,3,False,,Delivery Delayed | Invoice Blocked | Invoice Corrected,
P2P-010426,0.7857142857142857,3,False,,Three-Way Match Failed,
P2P-010427,1.0,0,True,,,
P2P-010428,1.0,0,True,,,
P2P-010429,0.8666666666666667,2,False,,Request Reworked,Manager Approval
P2P-010430,0.9230769230769231,1,False,Manager Approval,,
P2P-010431,0.8666666666666667,2,False,,Invoice Blocked | Invoice Corrected,
P2P-010432,1.0,0,True,,,
P2P-010433,1.0,0,True,,,
P2P-010434,1.0,0,True,,,
P2P-010435,1.0,0,True,,,
P2P-010436,1.0,0,True,,,
P2P-010437,1.0,0,True,,,
P2P-010438,1.0,0,True,,,
P2P-010439,0.8666666666666667,2,False,,Invoice Blocked | Invoice Corrected,
P2P-010440,0.8,3,False,,Delivery Delayed | Three-Way Match Failed,
P2P-010441,1.0,0,True,,,
P2P-010442,1.0,0,True,,,
P2P-010443,1.0,0,True,,,
P2P-010444,1.0,0,True,,,
P2P-010445,1.0,0,True,,,
P2P-010446,0.9230769230769231,1,False,Manager Approval,,
P2P-010447,1.0,0,True,,,
P2P-010448,1.0,0,True,,,
P2P-010449,1.0,0,True,,,
P2P-010450,1.0,0,True,,,
P2P-010451,0.7647058823529411,4,False,,Corrected Invoice Received | Duplicate Check Failed | Invoice Rejected,Invoice Duplicate Check
P2P-010452,0.7647058823529411,4,False,,Corrected Invoice Received | Duplicate Check Failed | Invoice Rejected,Invoice Duplicate Check
P2P-010453,0.7647058823529411,4,False,,Corrected Invoice Received | Duplicate Check Failed | Invoice Rejected,Invoice Duplicate Check
P2P-010454,0.9230769230769231,1,False,Manager Approval,,
P2P-010455,1.0,0,True,,,
P2P-010456,0.9230769230769231,1,False,Manager Approval,,
P2P-010457,0.9285714285714286,1,False,,Delivery Delayed,
P2P-010458,1.0,0,True,,,
P2P-010459,1.0,0,True,,,
P2P-010460,0.8666666666666667,2,False,,Invoice Blocked | Invoice Corrected,
P2P-010461,1.0,0,True,,,
P2P-010462,1.0,0,True,,,
P2P-010463,0.7857142857142857,3,False,,Three-Way Match Failed,
P2P-010464,0.9285714285714286,1,False,,Delivery Delayed,
P2P-010465,0.7222222222222222,5,False,,Corrected Invoice Received | Delivery Delayed | Duplicate Check Failed | Invoice Rejected,Invoice Duplicate Check
P2P-010466,0.8666666666666667,2,False,,Invoice Blocked | Invoice Corrected,
P2P-010467,0.7647058823529411,4,False,,Corrected Invoice Received | Duplicate Check Failed | Invoice Rejected,Invoice Duplicate Check
P2P-010468,0.9230769230769231,1,False,Manager Approval,,
P2P-010469,1.0,0,True,,,
P2P-010470,0.8666666666666667,2,False,,Request Reworked,Manager Approval
P2P-010471,0.8666666666666667,2,False,,Request Reworked,Manager Approval
P2P-010472,1.0,0,True,,,
P2P-010473,1.0,0,True,,,
P2P-010474,0.8125,3,False,,Payment Rejected,Invoice Matched | Payment Authorized
P2P-010475,1.0,0,True,,,
P2P-010476,0.9285714285714286,1,False,,Delivery Delayed,
P2P-010477,1.0,0,True,,,
P2P-010478,0.7647058823529411,4,False,,Corrected Invoice Received | Duplicate Check Failed | Invoice Rejected,Invoice Duplicate Check
P2P-010479,0.9230769230769231,1,False,Manager Approval,,
P2P-010480,1.0,0,True,,,
P2P-010481,0.7647058823529411,4,False,,Corrected Invoice Received | Duplicate Check Failed | Invoice Rejected,Invoice Duplicate Check
P2P-010482,0.8666666666666667,2,False,,Invoice Blocked | Invoice Corrected,
P2P-010483,1.0,0,True,,,
P2P-010484,1.0,0,True,,,
P2P-010485,1.0,0,True,,,
P2P-010486,1.0,0,True,,,
P2P-010487,0.7857142857142857,3,False,,Three-Way Match Failed,
P2P-010488,1.0,0,True,,,
P2P-010489,0.9230769230769231,1,False,Manager Approval,,
P2P-010490,0.8666666666666667,2,False,,Request Reworked,Manager Approval
P2P-010491,1.0,0,True,,,
P2P-010492,0.9285714285714286,1,False,,Delivery Delayed,
P2P-010493,0.8666666666666667,2,False,,Request Reworked,Manager Approval
P2P-010494,0.8125,3,False,,Payment Rejected,Invoice Matched | Payment Authorized
P2P-010495,1.0,0,True,,,
P2P-010496,0.8125,3,False,,Delivery Delayed | Request Reworked,Manager Approval
P2P-010497,0.8666666666666667,2,False,,Request Reworked,Manager Approval
P2P-010498,1.0,0,True,,,
P2P-010499,0.9285714285714286,1,False,,Delivery Delayed,
P2P-010500,0.7857142857142857,3,False,,Three-Way Match Failed,
P2P-010501,0.9230769230769231,1,False,Manager Approval,,
P2P-010502,0.9230769230769231,1,False,Manager Approval,,
P2P-010503,0.8666666666666667,2,False,,Request Reworked,Manager Approval
P2P-010504,0.8666666666666667,2,False,,Invoice Blocked | Invoice Corrected,
P2P-010505,0.9285714285714286,1,False,,Delivery Delayed,
P2P-010506,1.0,0,True,,,
P2P-010507,1.0,0,True,,,
P2P-010508,0.9230769230769231,1,False,Manager Approval,,
P2P-010509,1.0,0,True,,,
P2P-010510,1.0,0,True,,,
P2P-010511,1.0,0,True,,,
P2P-010512,0.8666666666666667,2,False,,Request Reworked,Manager Approval
P2P-010513,1.0,0,True,,,
P2P-010514,0.8666666666666667,2,False,,Request Reworked,Manager Approval
P2P-010515,0.8666666666666667,2,False,,Request Reworked,Manager Approval
P2P-010516,0.8666666666666667,2,False,,Request Reworked,Manager Approval
P2P-010517,0.8666666666666667,2,False,,Request Reworked,Manager Approval
P2P-010518,0.7857142857142857,3,False,,Three-Way Match Failed,
P2P-010519,0.8666666666666667,2,False,,Invoice Blocked | Invoice Corrected,
P2P-010520,0.8666666666666667,2,False,,Request Reworked,Manager Approval
P2P-010521,0.8125,3,False,,Payment Rejected,Invoice Matched | Payment Authorized
P2P-010522,1.0,0,True,,,
P2P-010523,0.9230769230769231,1,False,Manager Approval,,
P2P-010524,1.0,0,True,,,
P2P-010525,1.0,0,True,,,
P2P-010526,0.8666666666666667,2,False,,Invoice Blocked | Invoice Corrected,
P2P-010527,1.0,0,True,,,
P2P-010528,1.0,0,True,,,
P2P-010529,0.7647058823529411,4,False,,Corrected Invoice Received | Duplicate Check Failed | Invoice Rejected,Invoice Duplicate Check
P2P-010530,0.8666666666666667,2,False,,Invoice Blocked | Invoice Corrected,
P2P-010531,0.9285714285714286,1,False,,Delivery Delayed,
P2P-010532,1.0,0,True,,,
P2P-010533,1.0,0,True,,,
P2P-010534,0.8666666666666667,2,False,,Request Reworked,Manager Approval
P2P-010535,1.0,0,True,,,
P2P-010536,0.8666666666666667,2,False,,Request Reworked,Manager Approval
P2P-010537,0.9230769230769231,1,False,Manager Approval,,
P2P-010538,0.8666666666666667,2,False,,Request Reworked,Manager Approval
P2P-010539,0.8666666666666667,2,False,,Request Reworked,Manager Approval
P2P-010540,0.8125,3,False,,Payment Rejected,Invoice Matched | Payment Authorized
P2P-010541,0.8666666666666667,2,False,,Invoice Blocked | Invoice Corrected,
P2P-010542,0.8461538461538461,2,False,Manager Approval,Delivery Delayed,
P2P-010543,1.0,0,True,,,
P2P-010544,0.8666666666666667,2,False,,Request Reworked,Manager Approval
P2P-010545,1.0,0,True,,,
P2P-010546,1.0,0,True,,,
P2P-010547,1.0,0,True,,,
P2P-010548,0.9230769230769231,1,False,Manager Approval,,
P2P-010549,0.8666666666666667,2,False,,Request Reworked,Manager Approval
P2P-010550,1.0,0,True,,,
P2P-010551,0.8666666666666667,2,False,,Request Reworked,Manager Approval
P2P-010552,1.0,0,True,,,
P2P-010553,1.0,0,True,,,
P2P-010554,1.0,0,True,,,
P2P-010555,0.9285714285714286,1,False,,Delivery Delayed,
P2P-010556,0.8125,3,False,,Payment Rejected,Invoice Matched | Payment Authorized
P2P-010557,1.0,0,True,,,
P2P-010558,0.8666666666666667,2,False,,Request Reworked,Manager Approval
P2P-010559,1.0,0,True,,,
P2P-010560,0.7857142857142857,3,False,,Three-Way Match Failed,
P2P-010561,0.8125,3,False,,Payment Rejected,Invoice Matched | Payment Authorized
P2P-010562,0.8666666666666667,2,False,,Invoice Blocked | Invoice Corrected,
P2P-010563,0.9230769230769231,1,False,Manager Approval,,
P2P-010564,0.9230769230769231,1,False,Manager Approval,,
P2P-010565,0.8666666666666667,2,False,,Invoice Blocked | Invoice Corrected,
P2P-010566,1.0,0,True,,,
P2P-010567,0.8125,3,False,,Delivery Delayed | Request Reworked,Manager Approval
P2P-010568,0.8666666666666667,2,False,,Request Reworked,Manager Approval
P2P-010569,0.7857142857142857,3,False,,Three-Way Match Failed,
P2P-010570,0.8666666666666667,2,False,,Request Reworked,Manager Approval
P2P-010571,1.0,0,True,,,
P2P-010572,0.7647058823529411,4,False,,Corrected Invoice Received | Duplicate Check Failed | Invoice Rejected,Invoice Duplicate Check
P2P-010573,0.8,3,False,,Delivery Delayed | Three-Way Match Failed,
P2P-010574,0.8666666666666667,2,False,,Invoice Blocked | Invoice Corrected,
P2P-010575,0.8666666666666667,2,False,,Request Reworked,Manager Approval
P2P-010576,0.8666666666666667,2,False,,Request Reworked,Manager Approval
P2P-010577,1.0,0,True,,,
P2P-010578,1.0,0,True,,,
P2P-010579,1.0,0,True,,,
P2P-010580,1.0,0,True,,,
P2P-010581,0.9230769230769231,1,False,Manager Approval,,
P2P-010582,0.9285714285714286,1,False,,Delivery Delayed,
P2P-010583,0.9230769230769231,1,False,Manager Approval,,
P2P-010584,0.8125,3,False,,Delivery Delayed | Request Reworked,Manager Approval
P2P-010585,1.0,0,True,,,
P2P-010586,1.0,0,True,,,
P2P-010587,0.9230769230769231,1,False,Manager Approval,,
P2P-010588,0.7857142857142857,3,False,,Three-Way Match Failed,
P2P-010589,1.0,0,True,,,
P2P-010590,0.8125,3,False,,Delivery Delayed | Invoice Blocked | Invoice Corrected,
P2P-010591,1.0,0,True,,,
P2P-010592,1.0,0,True,,,
P2P-010593,1.0,0,True,,,
P2P-010594,0.9230769230769231,1,False,Manager Approval,,
P2P-010595,1.0,0,True,,,
P2P-010596,0.9285714285714286,1,False,,Delivery Delayed,
P2P-010597,1.0,0,True,,,
P2P-010598,1.0,0,True,,,
P2P-010599,0.9230769230769231,1,False,Manager Approval,,
P2P-010600,0.8666666666666667,2,False,,Request Reworked,Manager Approval
P2P-010601,0.8666666666666667,2,False,,Request Reworked,Manager Approval
P2P-010602,1.0,0,True,,,
P2P-010603,0.8666666666666667,2,False,,Invoice Blocked | Invoice Corrected,
P2P-010604,1.0,0,True,,,
P2P-010605,1.0,0,True,,,
P2P-010606,1.0,0,True,,,
P2P-010607,1.0,0,True,,,
P2P-010608,1.0,0,True,,,
P2P-010609,0.9285714285714286,1,False,,Delivery Delayed,
P2P-010610,0.8461538461538461,2,False,Manager Approval,Delivery Delayed,
P2P-010611,1.0,0,True,,,
P2P-010612,1.0,0,True,,,
P2P-010613,0.9230769230769231,1,False,Manager Approval,,
P2P-010614,1.0,0,True,,,
P2P-010615,0.9230769230769231,1,False,Manager Approval,,
P2P-010616,1.0,0,True,,,
P2P-010617,1.0,0,True,,,
P2P-010618,0.8125,3,False,,Payment Rejected,Invoice Matched | Payment Authorized
P2P-010619,1.0,0,True,,,
P2P-010620,0.8666666666666667,2,False,,Invoice Blocked | Invoice Corrected,
P2P-010621,0.9230769230769231,1,False,Manager Approval,,
P2P-010622,0.7647058823529411,4,False,,Corrected Invoice Received | Duplicate Check Failed | Invoice Rejected,Invoice Duplicate Check
P2P-010623,1.0,0,True,,,
P2P-010624,1.0,0,True,,,
P2P-010625,0.9285714285714286,1,False,,Delivery Delayed,
P2P-010626,0.9230769230769231,1,False,Manager Approval,,
P2P-010627,1.0,0,True,,,
P2P-010628,1.0,0,True,,,
P2P-010629,0.8666666666666667,2,False,,Request Reworked,Manager Approval
P2P-010630,1.0,0,True,,,
P2P-010631,1.0,0,True,,,
P2P-010632,0.9230769230769231,1,False,Manager Approval,,
P2P-010633,1.0,0,True,,,
P2P-010634,1.0,0,True,,,
P2P-010635,1.0,0,True,,,
P2P-010636,1.0,0,True,,,
P2P-010637,1.0,0,True,,,
P2P-010638,1.0,0,True,,,
P2P-010639,0.8125,3,False,,Delivery Delayed | Invoice Blocked | Invoice Corrected,
P2P-010640,1.0,0,True,,,
P2P-010641,0.7857142857142857,3,False,,Three-Way Match Failed,
P2P-010642,0.8666666666666667,2,False,,Request Reworked,Manager Approval
P2P-010643,0.8666666666666667,2,False,,Invoice Blocked | Invoice Corrected,
P2P-010644,0.8461538461538461,2,False,Manager Approval,Delivery Delayed,
P2P-010645,1.0,0,True,,,
P2P-010646,1.0,0,True,,,
P2P-010647,0.8666666666666667,2,False,,Invoice Blocked | Invoice Corrected,
P2P-010648,0.7857142857142857,3,False,,Three-Way Match Failed,
P2P-010649,0.7647058823529411,4,False,,Corrected Invoice Received | Duplicate Check Failed | Invoice Rejected,Invoice Duplicate Check
P2P-010650,0.9230769230769231,1,False,Manager Approval,,
P2P-010651,0.8125,3,False,,Delivery Delayed | Request Reworked,Manager Approval
P2P-010652,1.0,0,True,,,
P2P-010653,0.7647058823529411,4,False,,Corrected Invoice Received | Duplicate Check Failed | Invoice Rejected,Invoice Duplicate Check
P2P-010654,0.9285714285714286,1,False,,Delivery Delayed,
P2P-010655,0.8666666666666667,2,False,,Invoice Blocked | Invoice Corrected,
P2P-010656,1.0,0,True,,,
P2P-010657,1.0,0,True,,,
P2P-010658,1.0,0,True,,,
P2P-010659,0.9285714285714286,1,False,,Delivery Delayed,
P2P-010660,1.0,0,True,,,
P2P-010661,0.7222222222222222,5,False,,Corrected Invoice Received | Delivery Delayed | Duplicate Check Failed | Invoice Rejected,Invoice Duplicate Check
P2P-010662,1.0,0,True,,,
P2P-010663,0.8666666666666667,2,False,,Request Reworked,Manager Approval
P2P-010664,1.0,0,True,,,
P2P-010665,0.8666666666666667,2,False,,Request Reworked,Manager Approval
P2P-010666,0.8666666666666667,2,False,,Request Reworked,Manager Approval
P2P-010667,1.0,0,True,,,
P2P-010668,1.0,0,True,,,
P2P-010669,1.0,0,True,,,
P2P-010670,0.8125,3,False,,Payment Rejected,Invoice Matched | Payment Authorized
P2P-010671,0.9230769230769231,1,False,Manager Approval,,
P2P-010672,0.8666666666666667,2,False,,Request Reworked,Manager Approval
P2P-010673,1.0,0,True,,,
P2P-010674,1.0,0,True,,,
P2P-010675,1.0,0,True,,,
P2P-010676,1.0,0,True,,,
P2P-010677,0.9285714285714286,1,False,,Delivery Delayed,
P2P-010678,1.0,0,True,,,
P2P-010679,1.0,0,True,,,
P2P-010680,0.7647058823529411,4,False,,Delivery Delayed | Payment Rejected,Invoice Matched | Payment Authorized
P2P-010681,1.0,0,True,,,
P2P-010682,1.0,0,True,,,
P2P-010683,1.0,0,True,,,
P2P-010684,0.7647058823529411,4,False,,Corrected Invoice Received | Duplicate Check Failed | Invoice Rejected,Invoice Duplicate Check
P2P-010685,1.0,0,True,,,
P2P-010686,0.9285714285714286,1,False,,Delivery Delayed,
P2P-010687,1.0,0,True,,,
P2P-010688,0.7857142857142857,3,False,,Three-Way Match Failed,
P2P-010689,1.0,0,True,,,
P2P-010690,0.8666666666666667,2,False,,Request Reworked,Manager Approval
P2P-010691,1.0,0,True,,,
P2P-010692,0.8666666666666667,2,False,,Invoice Blocked | Invoice Corrected,
P2P-010693,1.0,0,True,,,
P2P-010694,0.7647058823529411,4,False,,Corrected Invoice Received | Duplicate Check Failed | Invoice Rejected,Invoice Duplicate Check
P2P-010695,0.9285714285714286,1,False,,Delivery Delayed,
P2P-010696,0.8125,3,False,,Delivery Delayed | Invoice Blocked | Invoice Corrected,
P2P-010697,0.9285714285714286,1,False,,Delivery Delayed,
P2P-010698,0.8666666666666667,2,False,,Invoice Blocked | Invoice Corrected,
P2P-010699,0.7857142857142857,3,False,,Three-Way Match Failed,
P2P-010700,0.7647058823529411,4,False,,Corrected Invoice Received | Duplicate Check Failed | Invoice Rejected,Invoice Duplicate Check
P2P-010701,1.0,0,True,,,
P2P-010702,0.8125,3,False,,Payment Rejected,Invoice Matched | Payment Authorized
P2P-010703,1.0,0,True,,,
P2P-010704,0.7647058823529411,4,False,,Corrected Invoice Received | Duplicate Check Failed | Invoice Rejected,Invoice Duplicate Check
P2P-010705,1.0,0,True,,,
P2P-010706,0.7647058823529411,4,False,,Corrected Invoice Received | Duplicate Check Failed | Invoice Rejected,Invoice Duplicate Check
P2P-010707,0.8666666666666667,2,False,,Request Reworked,Manager Approval
P2P-010708,1.0,0,True,,,
P2P-010709,0.7857142857142857,3,False,,Three-Way Match Failed,
P2P-010710,1.0,0,True,,,
P2P-010711,1.0,0,True,,,
P2P-010712,1.0,0,True,,,
P2P-010713,1.0,0,True,,,
P2P-010714,0.8461538461538461,2,False,Manager Approval,Delivery Delayed,
P2P-010715,0.8666666666666667,2,False,,Invoice Blocked | Invoice Corrected,
P2P-010716,0.7647058823529411,4,False,,Corrected Invoice Received | Duplicate Check Failed | Invoice Rejected,Invoice Duplicate Check
P2P-010717,0.8666666666666667,2,False,,Invoice Blocked | Invoice Corrected,
P2P-010718,0.9230769230769231,1,False,Manager Approval,,
P2P-010719,0.8666666666666667,2,False,,Request Reworked,Manager Approval
P2P-010720,0.9230769230769231,1,False,Manager Approval,,
P2P-010721,1.0,0,True,,,
P2P-010722,0.8125,3,False,,Delivery Delayed | Request Reworked,Manager Approval
P2P-010723,1.0,0,True,,,
P2P-010724,0.8461538461538461,2,False,Manager Approval,Delivery Delayed,
P2P-010725,1.0,0,True,,,
P2P-010726,1.0,0,True,,,
P2P-010727,1.0,0,True,,,
P2P-010728,0.7222222222222222,5,False,,Corrected Invoice Received | Delivery Delayed | Duplicate Check Failed | Invoice Rejected,Invoice Duplicate Check
P2P-010729,0.9285714285714286,1,False,,Delivery Delayed,
P2P-010730,0.9285714285714286,1,False,,Delivery Delayed,
P2P-010731,0.8125,3,False,,Delivery Delayed | Invoice Blocked | Invoice Corrected,
P2P-010732,1.0,0,True,,,
P2P-010733,1.0,0,True,,,
P2P-010734,0.9230769230769231,1,False,Manager Approval,,
P2P-010735,1.0,0,True,,,
P2P-010736,0.8666666666666667,2,False,,Invoice Blocked | Invoice Corrected,
P2P-010737,0.8125,3,False,,Delivery Delayed | Invoice Blocked | Invoice Corrected,
P2P-010738,1.0,0,True,,,
P2P-010739,0.9230769230769231,1,False,Manager Approval,,
P2P-010740,1.0,0,True,,,
P2P-010741,0.9230769230769231,1,False,Manager Approval,,
P2P-010742,0.7647058823529411,4,False,,Corrected Invoice Received | Duplicate Check Failed | Invoice Rejected,Invoice Duplicate Check
P2P-010743,1.0,0,True,,,
P2P-010744,0.8125,3,False,,Payment Rejected,Invoice Matched | Payment Authorized
P2P-010745,0.8125,3,False,,Delivery Delayed | Invoice Blocked | Invoice Corrected,
P2P-010746,0.7857142857142857,3,False,,Three-Way Match Failed,
P2P-010747,0.8666666666666667,2,False,,Request Reworked,Manager Approval
P2P-010748,1.0,0,True,,,
P2P-010749,1.0,0,True,,,
P2P-010750,1.0,0,True,,,
P2P-010751,0.8666666666666667,2,False,,Invoice Blocked | Invoice Corrected,
P2P-010752,1.0,0,True,,,
P2P-010753,0.8666666666666667,2,False,,Invoice Blocked | Invoice Corrected,
P2P-010754,0.9230769230769231,1,False,Manager Approval,,
P2P-010755,0.8125,3,False,,Payment Rejected,Invoice Matched | Payment Authorized
P2P-010756,0.8666666666666667,2,False,,Request Reworked,Manager Approval
P2P-010757,0.8666666666666667,2,False,,Invoice Blocked | Invoice Corrected,
P2P-010758,0.7222222222222222,5,False,,Corrected Invoice Received | Delivery Delayed | Duplicate Check Failed | Invoice Rejected,Invoice Duplicate Check
P2P-010759,0.7647058823529411,4,False,,Corrected Invoice Received | Duplicate Check Failed | Invoice Rejected,Invoice Duplicate Check
P2P-010760,0.8666666666666667,2,False,,Invoice Blocked | Invoice Corrected,
P2P-010761,1.0,0,True,,,
P2P-010762,1.0,0,True,,,
P2P-010763,1.0,0,True,,,
P2P-010764,1.0,0,True,,,
P2P-010765,0.9285714285714286,1,False,,Delivery Delayed,
P2P-010766,1.0,0,True,,,
P2P-010767,1.0,0,True,,,
P2P-010768,0.9230769230769231,1,False,Manager Approval,,
P2P-010769,1.0,0,True,,,
P2P-010770,1.0,0,True,,,
P2P-010771,0.9230769230769231,1,False,Manager Approval,,
P2P-010772,1.0,0,True,,,
P2P-010773,0.8666666666666667,2,False,,Invoice Blocked | Invoice Corrected,
P2P-010774,0.8125,3,False,,Payment Rejected,Invoice Matched | Payment Authorized
P2P-010775,0.8461538461538461,2,False,Manager Approval,Delivery Delayed,
P2P-010776,1.0,0,True,,,
P2P-010777,1.0,0,True,,,
P2P-010778,0.8666666666666667,2,False,,Invoice Blocked | Invoice Corrected,
P2P-010779,1.0,0,True,,,
P2P-010780,0.7647058823529411,4,False,,Corrected Invoice Received | Duplicate Check Failed | Invoice Rejected,Invoice Duplicate Check
P2P-010781,0.7647058823529411,4,False,,Delivery Delayed | Payment Rejected,Invoice Matched | Payment Authorized
P2P-010782,1.0,0,True,,,
P2P-010783,1.0,0,True,,,
P2P-010784,0.8461538461538461,2,False,Manager Approval,Delivery Delayed,
P2P-010785,0.7647058823529411,4,False,,Corrected Invoice Received | Duplicate Check Failed | Invoice Rejected,Invoice Duplicate Check
P2P-010786,1.0,0,True,,,
P2P-010787,1.0,0,True,,,
P2P-010788,1.0,0,True,,,
P2P-010789,0.9285714285714286,1,False,,Delivery Delayed,
P2P-010790,0.9230769230769231,1,False,Manager Approval,,
P2P-010791,0.9230769230769231,1,False,Manager Approval,,
P2P-010792,1.0,0,True,,,
P2P-010793,0.9230769230769231,1,False,Manager Approval,,
P2P-010794,0.8125,3,False,,Payment Rejected,Invoice Matched | Payment Authorized
P2P-010795,0.9230769230769231,1,False,Manager Approval,,
P2P-010796,0.8666666666666667,2,False,,Request Reworked,Manager Approval
P2P-010797,0.8125,3,False,,Payment Rejected,Invoice Matched | Payment Authorized
P2P-010798,0.8666666666666667,2,False,,Invoice Blocked | Invoice Corrected,
P2P-010799,0.7857142857142857,3,False,,Three-Way Match Failed,
P2P-010800,0.8666666666666667,2,False,,Invoice Blocked | Invoice Corrected,
P2P-010801,0.7857142857142857,3,False,,Three-Way Match Failed,
P2P-010802,1.0,0,True,,,
P2P-010803,0.8666666666666667,2,False,,Invoice Blocked | Invoice Corrected,
P2P-010804,1.0,0,True,,,
P2P-010805,1.0,0,True,,,
P2P-010806,0.7857142857142857,3,False,,Three-Way Match Failed,
P2P-010807,1.0,0,True,,,
P2P-010808,0.8125,3,False,,Delivery Delayed | Request Reworked,Manager Approval
P2P-010809,1.0,0,True,,,
P2P-010810,0.8666666666666667,2,False,,Request Reworked,Manager Approval
P2P-010811,1.0,0,True,,,
P2P-010812,1.0,0,True,,,
P2P-010813,1.0,0,True,,,
P2P-010814,1.0,0,True,,,
P2P-010815,0.7647058823529411,4,False,,Corrected Invoice Received | Duplicate Check Failed | Invoice Rejected,Invoice Duplicate Check
P2P-010816,0.8125,3,False,,Payment Rejected,Invoice Matched | Payment Authorized
P2P-010817,1.0,0,True,,,
P2P-010818,1.0,0,True,,,
P2P-010819,1.0,0,True,,,
P2P-010820,1.0,0,True,,,
P2P-010821,0.8666666666666667,2,False,,Invoice Blocked | Invoice Corrected,
P2P-010822,0.9230769230769231,1,False,Manager Approval,,
P2P-010823,1.0,0,True,,,
P2P-010824,0.8666666666666667,2,False,,Request Reworked,Manager Approval
P2P-010825,1.0,0,True,,,
P2P-010826,0.8125,3,False,,Payment Rejected,Invoice Matched | Payment Authorized
P2P-010827,1.0,0,True,,,
P2P-010828,1.0,0,True,,,
P2P-010829,0.8666666666666667,2,False,,Invoice Blocked | Invoice Corrected,
P2P-010830,0.9230769230769231,1,False,Manager Approval,,
P2P-010831,1.0,0,True,,,
P2P-010832,0.7647058823529411,4,False,,Corrected Invoice Received | Duplicate Check Failed | Invoice Rejected,Invoice Duplicate Check
P2P-010833,1.0,0,True,,,
P2P-010834,0.7647058823529411,4,False,,Corrected Invoice Received | Duplicate Check Failed | Invoice Rejected,Invoice Duplicate Check
P2P-010835,1.0,0,True,,,
P2P-010836,0.8666666666666667,2,False,,Invoice Blocked | Invoice Corrected,
P2P-010837,1.0,0,True,,,
P2P-010838,1.0,0,True,,,
P2P-010839,0.8666666666666667,2,False,,Invoice Blocked | Invoice Corrected,
P2P-010840,1.0,0,True,,,
P2P-010841,1.0,0,True,,,
P2P-010842,0.9230769230769231,1,False,Manager Approval,,
P2P-010843,1.0,0,True,,,
P2P-010844,1.0,0,True,,,
P2P-010845,0.9230769230769231,1,False,Manager Approval,,
P2P-010846,0.9285714285714286,1,False,,Delivery Delayed,
P2P-010847,1.0,0,True,,,
P2P-010848,1.0,0,True,,,
P2P-010849,0.8666666666666667,2,False,,Invoice Blocked | Invoice Corrected,
P2P-010850,0.9285714285714286,1,False,,Delivery Delayed,
P2P-010851,1.0,0,True,,,
P2P-010852,0.9285714285714286,1,False,,Delivery Delayed,
P2P-010853,0.9285714285714286,1,False,,Delivery Delayed,
P2P-010854,1.0,0,True,,,
P2P-010855,1.0,0,True,,,
P2P-010856,1.0,0,True,,,
P2P-010857,0.8461538461538461,2,False,Manager Approval,Delivery Delayed,
P2P-010858,1.0,0,True,,,
P2P-010859,0.8666666666666667,2,False,,Request Reworked,Manager Approval
P2P-010860,1.0,0,True,,,
P2P-010861,0.8666666666666667,2,False,,Invoice Blocked | Invoice Corrected,
P2P-010862,1.0,0,True,,,
P2P-010863,1.0,0,True,,,
P2P-010864,1.0,0,True,,,
P2P-010865,0.9230769230769231,1,False,Manager Approval,,
P2P-010866,0.8666666666666667,2,False,,Request Reworked,Manager Approval
P2P-010867,0.8125,3,False,,Delivery Delayed | Invoice Blocked | Invoice Corrected,
P2P-010868,0.7647058823529411,4,False,,Corrected Invoice Received | Duplicate Check Failed | Invoice Rejected,Invoice Duplicate Check
P2P-010869,1.0,0,True,,,
P2P-010870,0.9230769230769231,1,False,Manager Approval,,
P2P-010871,1.0,0,True,,,
P2P-010872,0.8,3,False,,Delivery Delayed | Three-Way Match Failed,
P2P-010873,0.8666666666666667,2,False,,Invoice Blocked | Invoice Corrected,
P2P-010874,0.8666666666666667,2,False,,Invoice Blocked | Invoice Corrected,
P2P-010875,1.0,0,True,,,
P2P-010876,0.8666666666666667,2,False,,Invoice Blocked | Invoice Corrected,
P2P-010877,0.9230769230769231,1,False,Manager Approval,,
P2P-010878,0.8666666666666667,2,False,,Request Reworked,Manager Approval
P2P-010879,1.0,0,True,,,
P2P-010880,0.8666666666666667,2,False,,Request Reworked,Manager Approval
P2P-010881,0.7222222222222222,5,False,,Corrected Invoice Received | Delivery Delayed | Duplicate Check Failed | Invoice Rejected,Invoice Duplicate Check
P2P-010882,0.8666666666666667,2,False,,Invoice Blocked | Invoice Corrected,
P2P-010883,0.7857142857142857,3,False,,Three-Way Match Failed,
P2P-010884,1.0,0,True,,,
P2P-010885,0.8666666666666667,2,False,,Request Reworked,Manager Approval
P2P-010886,1.0,0,True,,,
P2P-010887,1.0,0,True,,,
P2P-010888,0.8666666666666667,2,False,,Invoice Blocked | Invoice Corrected,
P2P-010889,1.0,0,True,,,
P2P-010890,0.7857142857142857,3,False,,Three-Way Match Failed,
P2P-010891,1.0,0,True,,,
P2P-010892,0.8666666666666667,2,False,,Request Reworked,Manager Approval
P2P-010893,0.8666666666666667,2,False,,Request Reworked,Manager Approval
P2P-010894,1.0,0,True,,,
P2P-010895,0.8,3,False,,Delivery Delayed | Three-Way Match Failed,
P2P-010896,0.7857142857142857,3,False,,Three-Way Match Failed,
P2P-010897,0.7857142857142857,3,False,,Three-Way Match Failed,
P2P-010898,1.0,0,True,,,
P2P-010899,0.8666666666666667,2,False,,Request Reworked,Manager Approval
P2P-010900,1.0,0,True,,,
P2P-010901,0.9230769230769231,1,False,Manager Approval,,
P2P-010902,1.0,0,True,,,
P2P-010903,0.7857142857142857,3,False,,Three-Way Match Failed,
P2P-010904,1.0,0,True,,,
P2P-010905,0.8666666666666667,2,False,,Invoice Blocked | Invoice Corrected,
P2P-010906,1.0,0,True,,,
P2P-010907,1.0,0,True,,,
P2P-010908,0.7857142857142857,3,False,,Three-Way Match Failed,
P2P-010909,1.0,0,True,,,
P2P-010910,1.0,0,True,,,
P2P-010911,0.8666666666666667,2,False,,Request Reworked,Manager Approval
P2P-010912,0.8125,3,False,,Payment Rejected,Invoice Matched | Payment Authorized
P2P-010913,0.8666666666666667,2,False,,Request Reworked,Manager Approval
P2P-010914,1.0,0,True,,,
P2P-010915,1.0,0,True,,,
P2P-010916,0.8666666666666667,2,False,,Invoice Blocked | Invoice Corrected,
P2P-010917,1.0,0,True,,,
P2P-010918,0.8666666666666667,2,False,,Invoice Blocked | Invoice Corrected,
P2P-010919,0.8125,3,False,,Delivery Delayed | Request Reworked,Manager Approval
P2P-010920,0.9230769230769231,1,False,Manager Approval,,
P2P-010921,0.9285714285714286,1,False,,Delivery Delayed,
P2P-010922,0.9285714285714286,1,False,,Delivery Delayed,
P2P-010923,0.9230769230769231,1,False,Manager Approval,,
P2P-010924,1.0,0,True,,,
P2P-010925,0.8666666666666667,2,False,,Invoice Blocked | Invoice Corrected,
P2P-010926,0.8666666666666667,2,False,,Invoice Blocked | Invoice Corrected,
P2P-010927,1.0,0,True,,,
P2P-010928,0.9285714285714286,1,False,,Delivery Delayed,
P2P-010929,0.7647058823529411,4,False,,Corrected Invoice Received | Duplicate Check Failed | Invoice Rejected,Invoice Duplicate Check
P2P-010930,0.9285714285714286,1,False,,Delivery Delayed,
P2P-010931,0.8666666666666667,2,False,,Request Reworked,Manager Approval
P2P-010932,1.0,0,True,,,
P2P-010933,0.8666666666666667,2,False,,Request Reworked,Manager Approval
P2P-010934,0.8,3,False,,Delivery Delayed | Three-Way Match Failed,
P2P-010935,0.8666666666666667,2,False,,Request Reworked,Manager Approval
P2P-010936,0.7647058823529411,4,False,,Corrected Invoice Received | Duplicate Check Failed | Invoice Rejected,Invoice Duplicate Check
P2P-010937,1.0,0,True,,,
P2P-010938,1.0,0,True,,,
P2P-010939,1.0,0,True,,,
P2P-010940,0.7857142857142857,3,False,,Three-Way Match Failed,
P2P-010941,1.0,0,True,,,
P2P-010942,1.0,0,True,,,
P2P-010943,1.0,0,True,,,
P2P-010944,1.0,0,True,,,
P2P-010945,1.0,0,True,,,
P2P-010946,0.8125,3,False,,Payment Rejected,Invoice Matched | Payment Authorized
P2P-010947,0.8666666666666667,2,False,,Invoice Blocked | Invoice Corrected,
P2P-010948,1.0,0,True,,,
P2P-010949,0.7647058823529411,4,False,,Delivery Delayed | Payment Rejected,Invoice Matched | Payment Authorized
P2P-010950,0.8666666666666667,2,False,,Request Reworked,Manager Approval
P2P-010951,0.8666666666666667,2,False,,Invoice Blocked | Invoice Corrected,
P2P-010952,0.9285714285714286,1,False,,Delivery Delayed,
P2P-010953,0.7647058823529411,4,False,,Corrected Invoice Received | Duplicate Check Failed | Invoice Rejected,Invoice Duplicate Check
P2P-010954,0.9285714285714286,1,False,,Delivery Delayed,
P2P-010955,0.9285714285714286,1,False,,Delivery Delayed,
P2P-010956,0.8461538461538461,2,False,Manager Approval,Delivery Delayed,
P2P-010957,0.8125,3,False,,Delivery Delayed | Invoice Blocked | Invoice Corrected,
P2P-010958,1.0,0,True,,,
P2P-010959,0.9230769230769231,1,False,Manager Approval,,
P2P-010960,1.0,0,True,,,
P2P-010961,0.8666666666666667,2,False,,Request Reworked,Manager Approval
P2P-010962,1.0,0,True,,,
P2P-010963,1.0,0,True,,,
P2P-010964,1.0,0,True,,,
P2P-010965,1.0,0,True,,,
P2P-010966,0.8666666666666667,2,False,,Invoice Blocked | Invoice Corrected,
P2P-010967,0.8666666666666667,2,False,,Request Reworked,Manager Approval
P2P-010968,1.0,0,True,,,
P2P-010969,1.0,0,True,,,
P2P-010970,1.0,0,True,,,
P2P-010971,0.8666666666666667,2,False,,Request Reworked,Manager Approval
P2P-010972,1.0,0,True,,,
P2P-010973,0.7857142857142857,3,False,,Three-Way Match Failed,
P2P-010974,1.0,0,True,,,
P2P-010975,0.8125,3,False,,Delivery Delayed | Invoice Blocked | Invoice Corrected,
P2P-010976,1.0,0,True,,,
P2P-010977,1.0,0,True,,,
P2P-010978,0.7647058823529411,4,False,,Corrected Invoice Received | Duplicate Check Failed | Invoice Rejected,Invoice Duplicate Check
P2P-010979,1.0,0,True,,,
P2P-010980,0.8666666666666667,2,False,,Request Reworked,Manager Approval
P2P-010981,0.9230769230769231,1,False,Manager Approval,,
P2P-010982,1.0,0,True,,,
P2P-010983,0.7857142857142857,3,False,,Three-Way Match Failed,
P2P-010984,1.0,0,True,,,
P2P-010985,1.0,0,True,,,
P2P-010986,1.0,0,True,,,
P2P-010987,1.0,0,True,,,
P2P-010988,1.0,0,True,,,
P2P-010989,0.8666666666666667,2,False,,Request Reworked,Manager Approval
P2P-010990,0.9230769230769231,1,False,Manager Approval,,
P2P-010991,0.7857142857142857,3,False,,Three-Way Match Failed,
P2P-010992,1.0,0,True,,,
P2P-010993,0.8666666666666667,2,False,,Invoice Blocked | Invoice Corrected,
P2P-010994,1.0,0,True,,,
P2P-010995,0.8125,3,False,,Payment Rejected,Invoice Matched | Payment Authorized
P2P-010996,1.0,0,True,,,
P2P-010997,0.7857142857142857,3,False,,Three-Way Match Failed,
P2P-010998,0.7647058823529411,4,False,,Corrected Invoice Received | Duplicate Check Failed | Invoice Rejected,Invoice Duplicate Check
P2P-010999,1.0,0,True,,,
P2P-011000,1.0,0,True,,,
P2P-011001,1.0,0,True,,,
P2P-011002,0.8666666666666667,2,False,,Invoice Blocked | Invoice Corrected,
P2P-011003,1.0,0,True,,,
P2P-011004,1.0,0,True,,,
P2P-011005,0.9285714285714286,1,False,,Delivery Delayed,
P2P-011006,1.0,0,True,,,
P2P-011007,1.0,0,True,,,
P2P-011008,0.8666666666666667,2,False,,Invoice Blocked | Invoice Corrected,
P2P-011009,0.8666666666666667,2,False,,Request Reworked,Manager Approval
P2P-011010,0.7857142857142857,3,False,,Three-Way Match Failed,
P2P-011011,0.8125,3,False,,Payment Rejected,Invoice Matched | Payment Authorized
P2P-011012,0.8125,3,False,,Payment Rejected,Invoice Matched | Payment Authorized
P2P-011013,0.9230769230769231,1,False,Manager Approval,,
P2P-011014,1.0,0,True,,,
P2P-011015,0.9230769230769231,1,False,Manager Approval,,
P2P-011016,0.7647058823529411,4,False,,Corrected Invoice Received | Duplicate Check Failed | Invoice Rejected,Invoice Duplicate Check
P2P-011017,1.0,0,True,,,
P2P-011018,1.0,0,True,,,
P2P-011019,1.0,0,True,,,
P2P-011020,0.8125,3,False,,Delivery Delayed | Invoice Blocked | Invoice Corrected,
P2P-011021,1.0,0,True,,,
P2P-011022,0.8666666666666667,2,False,,Invoice Blocked | Invoice Corrected,
P2P-011023,0.9230769230769231,1,False,Manager Approval,,
P2P-011024,1.0,0,True,,,
P2P-011025,1.0,0,True,,,
P2P-011026,0.8666666666666667,2,False,,Request Reworked,Manager Approval
P2P-011027,1.0,0,True,,,
P2P-011028,1.0,0,True,,,
P2P-011029,0.9230769230769231,1,False,Manager Approval,,
P2P-011030,0.8461538461538461,2,False,Manager Approval,Delivery Delayed,
P2P-011031,0.8461538461538461,2,False,Manager Approval,Delivery Delayed,
P2P-011032,1.0,0,True,,,
P2P-011033,1.0,0,True,,,
P2P-011034,0.8125,3,False,,Payment Rejected,Invoice Matched | Payment Authorized
P2P-011035,0.9230769230769231,1,False,Manager Approval,,
P2P-011036,1.0,0,True,,,
P2P-011037,1.0,0,True,,,
P2P-011038,1.0,0,True,,,
P2P-011039,0.9230769230769231,1,False,Manager Approval,,
P2P-011040,0.8666666666666667,2,False,,Request Reworked,Manager Approval
P2P-011041,0.9230769230769231,1,False,Manager Approval,,
P2P-011042,1.0,0,True,,,
P2P-011043,1.0,0,True,,,
P2P-011044,1.0,0,True,,,
P2P-011045,0.8666666666666667,2,False,,Request Reworked,Manager Approval
P2P-011046,0.8666666666666667,2,False,,Request Reworked,Manager Approval
P2P-011047,0.9230769230769231,1,False,Manager Approval,,
P2P-011048,0.9285714285714286,1,False,,Delivery Delayed,
P2P-011049,1.0,0,True,,,
P2P-011050,0.7647058823529411,4,False,,Corrected Invoice Received | Duplicate Check Failed | Invoice Rejected,Invoice Duplicate Check
P2P-011051,0.9285714285714286,1,False,,Delivery Delayed,
P2P-011052,0.8125,3,False,,Payment Rejected,Invoice Matched | Payment Authorized
P2P-011053,1.0,0,True,,,
P2P-011054,1.0,0,True,,,
P2P-011055,0.8666666666666667,2,False,,Request Reworked,Manager Approval
P2P-011056,1.0,0,True,,,
P2P-011057,0.9285714285714286,1,False,,Delivery Delayed,
P2P-011058,1.0,0,True,,,
P2P-011059,1.0,0,True,,,
P2P-011060,1.0,0,True,,,
P2P-011061,0.7857142857142857,3,False,,Three-Way Match Failed,
P2P-011062,0.9230769230769231,1,False,Manager Approval,,
P2P-011063,1.0,0,True,,,
P2P-011064,1.0,0,True,,,
P2P-011065,1.0,0,True,,,
P2P-011066,0.8666666666666667,2,False,,Request Reworked,Manager Approval
P2P-011067,0.9285714285714286,1,False,,Delivery Delayed,
P2P-011068,0.7647058823529411,4,False,,Corrected Invoice Received | Duplicate Check Failed | Invoice Rejected,Invoice Duplicate Check
P2P-011069,0.8666666666666667,2,False,,Invoice Blocked | Invoice Corrected,
P2P-011070,1.0,0,True,,,
P2P-011071,0.9230769230769231,1,False,Manager Approval,,
P2P-011072,1.0,0,True,,,
P2P-011073,1.0,0,True,,,
P2P-011074,1.0,0,True,,,
P2P-011075,0.8666666666666667,2,False,,Invoice Blocked | Invoice Corrected,
P2P-011076,0.8125,3,False,,Payment Rejected,Invoice Matched | Payment Authorized
P2P-011077,1.0,0,True,,,
P2P-011078,1.0,0,True,,,
P2P-011079,1.0,0,True,,,
P2P-011080,1.0,0,True,,,
P2P-011081,1.0,0,True,,,
P2P-011082,0.9230769230769231,1,False,Manager Approval,,
P2P-011083,0.8125,3,False,,Delivery Delayed | Request Reworked,Manager Approval
P2P-011084,1.0,0,True,,,
P2P-011085,0.8666666666666667,2,False,,Invoice Blocked | Invoice Corrected,
P2P-011086,1.0,0,True,,,
P2P-011087,0.8666666666666667,2,False,,Request Reworked,Manager Approval
P2P-011088,1.0,0,True,,,
P2P-011089,1.0,0,True,,,
P2P-011090,0.8666666666666667,2,False,,Request Reworked,Manager Approval
P2P-011091,1.0,0,True,,,
P2P-011092,0.9230769230769231,1,False,Manager Approval,,
P2P-011093,0.9285714285714286,1,False,,Delivery Delayed,
P2P-011094,0.8666666666666667,2,False,,Request Reworked,Manager Approval
P2P-011095,1.0,0,True,,,
P2P-011096,1.0,0,True,,,
P2P-011097,0.8666666666666667,2,False,,Request Reworked,Manager Approval
P2P-011098,0.8666666666666667,2,False,,Invoice Blocked | Invoice Corrected,
P2P-011099,1.0,0,True,,,
P2P-011100,1.0,0,True,,,
P2P-011101,1.0,0,True,,,
P2P-011102,0.8461538461538461,2,False,Manager Approval,Delivery Delayed,
P2P-011103,0.7857142857142857,3,False,,Three-Way Match Failed,
P2P-011104,0.8125,3,False,,Delivery Delayed | Invoice Blocked | Invoice Corrected,
P2P-011105,0.9230769230769231,1,False,Manager Approval,,
P2P-011106,0.9230769230769231,1,False,Manager Approval,,
P2P-011107,0.9230769230769231,1,False,Manager Approval,,
P2P-011108,0.8666666666666667,2,False,,Request Reworked,Manager Approval
P2P-011109,1.0,0,True,,,
P2P-011110,1.0,0,True,,,
P2P-011111,0.9285714285714286,1,False,,Delivery Delayed,
P2P-011112,1.0,0,True,,,
P2P-011113,0.7647058823529411,4,False,,Corrected Invoice Received | Duplicate Check Failed | Invoice Rejected,Invoice Duplicate Check
P2P-011114,0.9230769230769231,1,False,Manager Approval,,
P2P-011115,0.8125,3,False,,Payment Rejected,Invoice Matched | Payment Authorized
P2P-011116,0.7857142857142857,3,False,,Three-Way Match Failed,
P2P-011117,1.0,0,True,,,
P2P-011118,0.8666666666666667,2,False,,Request Reworked,Manager Approval
P2P-011119,0.8666666666666667,2,False,,Invoice Blocked | Invoice Corrected,
P2P-011120,1.0,0,True,,,
P2P-011121,0.9230769230769231,1,False,Manager Approval,,
P2P-011122,0.8125,3,False,,Payment Rejected,Invoice Matched | Payment Authorized
P2P-011123,0.9230769230769231,1,False,Manager Approval,,
P2P-011124,0.9230769230769231,1,False,Manager Approval,,
P2P-011125,0.8666666666666667,2,False,,Invoice Blocked | Invoice Corrected,
P2P-011126,0.8666666666666667,2,False,,Request Reworked,Manager Approval
P2P-011127,0.8666666666666667,2,False,,Request Reworked,Manager Approval
P2P-011128,0.9230769230769231,1,False,Manager Approval,,
P2P-011129,1.0,0,True,,,
P2P-011130,0.8125,3,False,,Payment Rejected,Invoice Matched | Payment Authorized
P2P-011131,0.9230769230769231,1,False,Manager Approval,,
P2P-011132,1.0,0,True,,,
P2P-011133,1.0,0,True,,,
P2P-011134,1.0,0,True,,,
P2P-011135,1.0,0,True,,,
P2P-011136,1.0,0,True,,,
P2P-011137,1.0,0,True,,,
P2P-011138,0.8666666666666667,2,False,,Invoice Blocked | Invoice Corrected,
P2P-011139,0.8125,3,False,,Delivery Delayed | Request Reworked,Manager Approval
P2P-011140,0.8666666666666667,2,False,,Request Reworked,Manager Approval
P2P-011141,0.9285714285714286,1,False,,Delivery Delayed,
P2P-011142,1.0,0,True,,,
P2P-011143,1.0,0,True,,,
P2P-011144,1.0,0,True,,,
P2P-011145,0.8666666666666667,2,False,,Invoice Blocked | Invoice Corrected,
P2P-011146,0.8666666666666667,2,False,,Request Reworked,Manager Approval
P2P-011147,0.8666666666666667,2,False,,Request Reworked,Manager Approval
P2P-011148,1.0,0,True,,,
P2P-011149,1.0,0,True,,,
P2P-011150,1.0,0,True,,,
P2P-011151,0.9230769230769231,1,False,Manager Approval,,
P2P-011152,1.0,0,True,,,
P2P-011153,0.9285714285714286,1,False,,Delivery Delayed,
P2P-011154,1.0,0,True,,,
P2P-011155,1.0,0,True,,,
P2P-011156,1.0,0,True,,,
P2P-011157,1.0,0,True,,,
P2P-011158,0.8666666666666667,2,False,,Invoice Blocked | Invoice Corrected,
P2P-011159,1.0,0,True,,,
P2P-011160,1.0,0,True,,,
P2P-011161,0.7647058823529411,4,False,,Corrected Invoice Received | Duplicate Check Failed | Invoice Rejected,Invoice Duplicate Check
P2P-011162,1.0,0,True,,,
P2P-011163,1.0,0,True,,,
P2P-011164,0.8125,3,False,,Payment Rejected,Invoice Matched | Payment Authorized
P2P-011165,1.0,0,True,,,
P2P-011166,1.0,0,True,,,
P2P-011167,0.8666666666666667,2,False,,Request Reworked,Manager Approval
P2P-011168,0.9230769230769231,1,False,Manager Approval,,
P2P-011169,0.7647058823529411,4,False,,Corrected Invoice Received | Duplicate Check Failed | Invoice Rejected,Invoice Duplicate Check
P2P-011170,0.8666666666666667,2,False,,Request Reworked,Manager Approval
P2P-011171,1.0,0,True,,,
P2P-011172,0.8666666666666667,2,False,,Invoice Blocked | Invoice Corrected,
P2P-011173,0.7647058823529411,4,False,,Corrected Invoice Received | Duplicate Check Failed | Invoice Rejected,Invoice Duplicate Check
P2P-011174,1.0,0,True,,,
P2P-011175,0.7857142857142857,3,False,,Three-Way Match Failed,
P2P-011176,0.9285714285714286,1,False,,Delivery Delayed,
P2P-011177,1.0,0,True,,,
P2P-011178,0.9230769230769231,1,False,Manager Approval,,
P2P-011179,1.0,0,True,,,
P2P-011180,1.0,0,True,,,
P2P-011181,0.7857142857142857,3,False,,Three-Way Match Failed,
P2P-011182,0.9230769230769231,1,False,Manager Approval,,
P2P-011183,1.0,0,True,,,
P2P-011184,1.0,0,True,,,
P2P-011185,1.0,0,True,,,
P2P-011186,0.9285714285714286,1,False,,Delivery Delayed,
P2P-011187,1.0,0,True,,,
P2P-011188,0.8461538461538461,2,False,Manager Approval,Delivery Delayed,
P2P-011189,1.0,0,True,,,
P2P-011190,0.8125,3,False,,Payment Rejected,Invoice Matched | Payment Authorized
P2P-011191,0.8125,3,False,,Delivery Delayed | Invoice Blocked | Invoice Corrected,
P2P-011192,0.7647058823529411,4,False,,Corrected Invoice Received | Duplicate Check Failed | Invoice Rejected,Invoice Duplicate Check
P2P-011193,1.0,0,True,,,
P2P-011194,1.0,0,True,,,
P2P-011195,0.8666666666666667,2,False,,Request Reworked,Manager Approval
P2P-011196,0.8666666666666667,2,False,,Request Reworked,Manager Approval
P2P-011197,1.0,0,True,,,
P2P-011198,1.0,0,True,,,
P2P-011199,0.8125,3,False,,Payment Rejected,Invoice Matched | Payment Authorized
P2P-011200,0.9230769230769231,1,False,Manager Approval,,
P2P-011201,1.0,0,True,,,
P2P-011202,1.0,0,True,,,
P2P-011203,0.8461538461538461,2,False,Manager Approval,Delivery Delayed,
P2P-011204,0.8666666666666667,2,False,,Request Reworked,Manager Approval
P2P-011205,1.0,0,True,,,
P2P-011206,1.0,0,True,,,
P2P-011207,0.8666666666666667,2,False,,Request Reworked,Manager Approval
P2P-011208,0.7857142857142857,3,False,,Three-Way Match Failed,
P2P-011209,0.8666666666666667,2,False,,Invoice Blocked | Invoice Corrected,
P2P-011210,0.7647058823529411,4,False,,Corrected Invoice Received | Duplicate Check Failed | Invoice Rejected,Invoice Duplicate Check
P2P-011211,0.8461538461538461,2,False,Manager Approval,Delivery Delayed,
P2P-011212,0.9285714285714286,1,False,,Delivery Delayed,
P2P-011213,1.0,0,True,,,
P2P-011214,1.0,0,True,,,
P2P-011215,0.8666666666666667,2,False,,Invoice Blocked | Invoice Corrected,
P2P-011216,0.7857142857142857,3,False,,Three-Way Match Failed,
P2P-011217,0.7857142857142857,3,False,,Three-Way Match Failed,
P2P-011218,0.8125,3,False,,Payment Rejected,Invoice Matched | Payment Authorized
P2P-011219,1.0,0,True,,,
P2P-011220,1.0,0,True,,,
P2P-011221,0.8666666666666667,2,False,,Request Reworked,Manager Approval
P2P-011222,0.8666666666666667,2,False,,Invoice Blocked | Invoice Corrected,
P2P-011223,0.7857142857142857,3,False,,Three-Way Match Failed,
P2P-011224,0.9230769230769231,1,False,Manager Approval,,
P2P-011225,0.8666666666666667,2,False,,Request Reworked,Manager Approval
P2P-011226,0.8666666666666667,2,False,,Request Reworked,Manager Approval
P2P-011227,1.0,0,True,,,
P2P-011228,1.0,0,True,,,
P2P-011229,0.8666666666666667,2,False,,Request Reworked,Manager Approval
P2P-011230,1.0,0,True,,,
P2P-011231,0.9230769230769231,1,False,Manager Approval,,
P2P-011232,0.8666666666666667,2,False,,Request Reworked,Manager Approval
P2P-011233,0.8666666666666667,2,False,,Request Reworked,Manager Approval
P2P-011234,1.0,0,True,,,
P2P-011235,0.9230769230769231,1,False,Manager Approval,,
P2P-011236,1.0,0,True,,,
P2P-011237,0.9285714285714286,1,False,,Delivery Delayed,
P2P-011238,1.0,0,True,,,
P2P-011239,0.8666666666666667,2,False,,Invoice Blocked | Invoice Corrected,
P2P-011240,0.8461538461538461,2,False,Manager Approval,Delivery Delayed,
P2P-011241,0.8666666666666667,2,False,,Request Reworked,Manager Approval
P2P-011242,0.9285714285714286,1,False,,Delivery Delayed,
P2P-011243,1.0,0,True,,,
P2P-011244,1.0,0,True,,,
P2P-011245,0.7647058823529411,4,False,,Corrected Invoice Received | Duplicate Check Failed | Invoice Rejected,Invoice Duplicate Check
P2P-011246,0.8666666666666667,2,False,,Invoice Blocked | Invoice Corrected,
P2P-011247,0.7857142857142857,3,False,,Three-Way Match Failed,
P2P-011248,1.0,0,True,,,
P2P-011249,1.0,0,True,,,
P2P-011250,1.0,0,True,,,
P2P-011251,0.7857142857142857,3,False,,Three-Way Match Failed,
P2P-011252,0.8125,3,False,,Delivery Delayed | Request Reworked,Manager Approval
P2P-011253,0.8666666666666667,2,False,,Request Reworked,Manager Approval
P2P-011254,1.0,0,True,,,
P2P-011255,0.8666666666666667,2,False,,Invoice Blocked | Invoice Corrected,
P2P-011256,0.8125,3,False,,Payment Rejected,Invoice Matched | Payment Authorized
P2P-011257,0.9230769230769231,1,False,Manager Approval,,
P2P-011258,1.0,0,True,,,
P2P-011259,1.0,0,True,,,
P2P-011260,0.9230769230769231,1,False,Manager Approval,,
P2P-011261,1.0,0,True,,,
P2P-011262,1.0,0,True,,,
P2P-011263,0.7647058823529411,4,False,,Corrected Invoice Received | Duplicate Check Failed | Invoice Rejected,Invoice Duplicate Check
P2P-011264,0.7857142857142857,3,False,,Three-Way Match Failed,
P2P-011265,0.9285714285714286,1,False,,Delivery Delayed,
P2P-011266,1.0,0,True,,,
P2P-011267,0.8666666666666667,2,False,,Request Reworked,Manager Approval
P2P-011268,0.8666666666666667,2,False,,Invoice Blocked | Invoice Corrected,
P2P-011269,0.9230769230769231,1,False,Manager Approval,,
P2P-011270,0.7647058823529411,4,False,,Corrected Invoice Received | Duplicate Check Failed | Invoice Rejected,Invoice Duplicate Check
P2P-011271,1.0,0,True,,,
P2P-011272,0.8125,3,False,,Payment Rejected,Invoice Matched | Payment Authorized
P2P-011273,0.8666666666666667,2,False,,Invoice Blocked | Invoice Corrected,
P2P-011274,0.8125,3,False,,Payment Rejected,Invoice Matched | Payment Authorized
P2P-011275,0.8666666666666667,2,False,,Request Reworked,Manager Approval
P2P-011276,0.7857142857142857,3,False,,Three-Way Match Failed,
P2P-011277,0.8666666666666667,2,False,,Invoice Blocked | Invoice Corrected,
P2P-011278,1.0,0,True,,,
P2P-011279,1.0,0,True,,,
P2P-011280,1.0,0,True,,,
P2P-011281,1.0,0,True,,,
P2P-011282,0.7647058823529411,4,False,,Corrected Invoice Received | Duplicate Check Failed | Invoice Rejected,Invoice Duplicate Check
P2P-011283,0.7857142857142857,3,False,,Three-Way Match Failed,
P2P-011284,0.9285714285714286,1,False,,Delivery Delayed,
P2P-011285,0.9285714285714286,1,False,,Delivery Delayed,
P2P-011286,0.8125,3,False,,Payment Rejected,Invoice Matched | Payment Authorized
P2P-011287,1.0,0,True,,,
P2P-011288,0.7857142857142857,3,False,,Three-Way Match Failed,
P2P-011289,0.7857142857142857,3,False,,Three-Way Match Failed,
P2P-011290,1.0,0,True,,,
P2P-011291,1.0,0,True,,,
P2P-011292,1.0,0,True,,,
P2P-011293,0.8666666666666667,2,False,,Invoice Blocked | Invoice Corrected,
P2P-011294,0.9230769230769231,1,False,Manager Approval,,
P2P-011295,1.0,0,True,,,
P2P-011296,1.0,0,True,,,
P2P-011297,0.8666666666666667,2,False,,Invoice Blocked | Invoice Corrected,
P2P-011298,1.0,0,True,,,
P2P-011299,0.8666666666666667,2,False,,Invoice Blocked | Invoice Corrected,
P2P-011300,0.7857142857142857,3,False,,Three-Way Match Failed,
P2P-011301,0.7857142857142857,3,False,,Three-Way Match Failed,
P2P-011302,0.8666666666666667,2,False,,Invoice Blocked | Invoice Corrected,
P2P-011303,1.0,0,True,,,
P2P-011304,1.0,0,True,,,
P2P-011305,1.0,0,True,,,
P2P-011306,1.0,0,True,,,
P2P-011307,1.0,0,True,,,
P2P-011308,0.8666666666666667,2,False,,Invoice Blocked | Invoice Corrected,
P2P-011309,0.8666666666666667,2,False,,Request Reworked,Manager Approval
P2P-011310,0.8666666666666667,2,False,,Request Reworked,Manager Approval
P2P-011311,1.0,0,True,,,
P2P-011312,0.8666666666666667,2,False,,Invoice Blocked | Invoice Corrected,
P2P-011313,0.8461538461538461,2,False,Manager Approval,Delivery Delayed,
P2P-011314,0.7647058823529411,4,False,,Corrected Invoice Received | Duplicate Check Failed | Invoice Rejected,Invoice Duplicate Check
P2P-011315,0.9230769230769231,1,False,Manager Approval,,
P2P-011316,0.8666666666666667,2,False,,Request Reworked,Manager Approval
P2P-011317,0.9285714285714286,1,False,,Delivery Delayed,
P2P-011318,0.9285714285714286,1,False,,Delivery Delayed,
P2P-011319,1.0,0,True,,,
P2P-011320,1.0,0,True,,,
P2P-011321,1.0,0,True,,,
P2P-011322,0.7857142857142857,3,False,,Three-Way Match Failed,
P2P-011323,0.7647058823529411,4,False,,Corrected Invoice Received | Duplicate Check Failed | Invoice Rejected,Invoice Duplicate Check
P2P-011324,0.7857142857142857,3,False,,Three-Way Match Failed,
P2P-011325,1.0,0,True,,,
P2P-011326,0.9230769230769231,1,False,Manager Approval,,
P2P-011327,1.0,0,True,,,
P2P-011328,0.8125,3,False,,Payment Rejected,Invoice Matched | Payment Authorized
P2P-011329,1.0,0,True,,,
P2P-011330,1.0,0,True,,,
P2P-011331,1.0,0,True,,,
P2P-011332,0.8461538461538461,2,False,Manager Approval,Delivery Delayed,
P2P-011333,0.7857142857142857,3,False,,Three-Way Match Failed,
P2P-011334,0.8666666666666667,2,False,,Request Reworked,Manager Approval
P2P-011335,0.8666666666666667,2,False,,Request Reworked,Manager Approval
P2P-011336,1.0,0,True,,,
P2P-011337,1.0,0,True,,,
P2P-011338,0.7857142857142857,3,False,,Three-Way Match Failed,
P2P-011339,0.8666666666666667,2,False,,Request Reworked,Manager Approval
P2P-011340,1.0,0,True,,,
P2P-011341,0.7647058823529411,4,False,,Corrected Invoice Received | Duplicate Check Failed | Invoice Rejected,Invoice Duplicate Check
P2P-011342,0.8666666666666667,2,False,,Invoice Blocked | Invoice Corrected,
P2P-011343,1.0,0,True,,,
P2P-011344,0.9230769230769231,1,False,Manager Approval,,
P2P-011345,0.8666666666666667,2,False,,Request Reworked,Manager Approval
P2P-011346,1.0,0,True,,,
P2P-011347,0.9285714285714286,1,False,,Delivery Delayed,
P2P-011348,1.0,0,True,,,
P2P-011349,1.0,0,True,,,
P2P-011350,0.7647058823529411,4,False,,Corrected Invoice Received | Duplicate Check Failed | Invoice Rejected,Invoice Duplicate Check
P2P-011351,0.9285714285714286,1,False,,Delivery Delayed,
P2P-011352,1.0,0,True,,,
P2P-011353,1.0,0,True,,,
P2P-011354,0.9285714285714286,1,False,,Delivery Delayed,
P2P-011355,0.8666666666666667,2,False,,Invoice Blocked | Invoice Corrected,
P2P-011356,1.0,0,True,,,
P2P-011357,0.8125,3,False,,Payment Rejected,Invoice Matched | Payment Authorized
P2P-011358,1.0,0,True,,,
P2P-011359,0.7857142857142857,3,False,,Three-Way Match Failed,
P2P-011360,1.0,0,True,,,
P2P-011361,1.0,0,True,,,
P2P-011362,1.0,0,True,,,
P2P-011363,1.0,0,True,,,
P2P-011364,0.8666666666666667,2,False,,Invoice Blocked | Invoice Corrected,
P2P-011365,1.0,0,True,,,
P2P-011366,0.9230769230769231,1,False,Manager Approval,,
P2P-011367,0.9230769230769231,1,False,Manager Approval,,
P2P-011368,0.8666666666666667,2,False,,Request Reworked,Manager Approval
P2P-011369,0.7857142857142857,3,False,,Three-Way Match Failed,
P2P-011370,0.9230769230769231,1,False,Manager Approval,,
P2P-011371,1.0,0,True,,,
P2P-011372,1.0,0,True,,,
P2P-011373,1.0,0,True,,,
P2P-011374,0.9230769230769231,1,False,Manager Approval,,
P2P-011375,1.0,0,True,,,
P2P-011376,0.8666666666666667,2,False,,Invoice Blocked | Invoice Corrected,
P2P-011377,0.8125,3,False,,Delivery Delayed | Request Reworked,Manager Approval
P2P-011378,1.0,0,True,,,
P2P-011379,1.0,0,True,,,
P2P-011380,0.7857142857142857,3,False,,Three-Way Match Failed,
P2P-011381,1.0,0,True,,,
P2P-011382,0.8666666666666667,2,False,,Invoice Blocked | Invoice Corrected,
P2P-011383,1.0,0,True,,,
P2P-011384,0.8666666666666667,2,False,,Invoice Blocked | Invoice Corrected,
P2P-011385,1.0,0,True,,,
P2P-011386,0.8666666666666667,2,False,,Invoice Blocked | Invoice Corrected,
P2P-011387,0.9230769230769231,1,False,Manager Approval,,
P2P-011388,1.0,0,True,,,
P2P-011389,1.0,0,True,,,
P2P-011390,1.0,0,True,,,
P2P-011391,1.0,0,True,,,
P2P-011392,0.9285714285714286,1,False,,Delivery Delayed,
P2P-011393,1.0,0,True,,,
P2P-011394,0.9230769230769231,1,False,Manager Approval,,
P2P-011395,1.0,0,True,,,
P2P-011396,0.8666666666666667,2,False,,Invoice Blocked | Invoice Corrected,
P2P-011397,0.7857142857142857,3,False,,Three-Way Match Failed,
P2P-011398,0.8666666666666667,2,False,,Invoice Blocked | Invoice Corrected,
P2P-011399,1.0,0,True,,,
P2P-011400,1.0,0,True,,,
P2P-011401,0.8666666666666667,2,False,,Request Reworked,Manager Approval
P2P-011402,1.0,0,True,,,
P2P-011403,1.0,0,True,,,
P2P-011404,0.7857142857142857,3,False,,Three-Way Match Failed,
P2P-011405,1.0,0,True,,,
P2P-011406,0.7647058823529411,4,False,,Corrected Invoice Received | Duplicate Check Failed | Invoice Rejected,Invoice Duplicate Check
P2P-011407,1.0,0,True,,,
P2P-011408,1.0,0,True,,,
P2P-011409,1.0,0,True,,,
P2P-011410,0.8666666666666667,2,False,,Invoice Blocked | Invoice Corrected,
P2P-011411,0.9230769230769231,1,False,Manager Approval,,
P2P-011412,0.8666666666666667,2,False,,Request Reworked,Manager Approval
P2P-011413,0.9285714285714286,1,False,,Delivery Delayed,
P2P-011414,0.8666666666666667,2,False,,Request Reworked,Manager Approval
P2P-011415,1.0,0,True,,,
P2P-011416,0.9285714285714286,1,False,,Delivery Delayed,
P2P-011417,0.8666666666666667,2,False,,Request Reworked,Manager Approval
P2P-011418,1.0,0,True,,,
P2P-011419,0.8125,3,False,,Payment Rejected,Invoice Matched | Payment Authorized
P2P-011420,0.9230769230769231,1,False,Manager Approval,,
P2P-011421,1.0,0,True,,,
P2P-011422,0.7222222222222222,5,False,,Corrected Invoice Received | Delivery Delayed | Duplicate Check Failed | Invoice Rejected,Invoice Duplicate Check
P2P-011423,0.9285714285714286,1,False,,Delivery Delayed,
P2P-011424,1.0,0,True,,,
P2P-011425,1.0,0,True,,,
P2P-011426,1.0,0,True,,,
P2P-011427,0.9230769230769231,1,False,Manager Approval,,
P2P-011428,0.8461538461538461,2,False,Manager Approval,Delivery Delayed,
P2P-011429,1.0,0,True,,,
P2P-011430,1.0,0,True,,,
P2P-011431,0.7857142857142857,3,False,,Three-Way Match Failed,
P2P-011432,0.9230769230769231,1,False,Manager Approval,,
P2P-011433,1.0,0,True,,,
P2P-011434,1.0,0,True,,,
P2P-011435,0.7857142857142857,3,False,,Three-Way Match Failed,
P2P-011436,0.8666666666666667,2,False,,Request Reworked,Manager Approval
P2P-011437,1.0,0,True,,,
P2P-011438,1.0,0,True,,,
P2P-011439,0.8125,3,False,,Delivery Delayed | Invoice Blocked | Invoice Corrected,
P2P-011440,0.7857142857142857,3,False,,Three-Way Match Failed,
P2P-011441,1.0,0,True,,,
P2P-011442,0.7857142857142857,3,False,,Three-Way Match Failed,
P2P-011443,1.0,0,True,,,
P2P-011444,0.8666666666666667,2,False,,Request Reworked,Manager Approval
P2P-011445,0.8666666666666667,2,False,,Invoice Blocked | Invoice Corrected,
P2P-011446,0.8666666666666667,2,False,,Invoice Blocked | Invoice Corrected,
P2P-011447,0.8666666666666667,2,False,,Invoice Blocked | Invoice Corrected,
P2P-011448,1.0,0,True,,,
P2P-011449,0.9230769230769231,1,False,Manager Approval,,
P2P-011450,1.0,0,True,,,
P2P-011451,1.0,0,True,,,
P2P-011452,0.7647058823529411,4,False,,Corrected Invoice Received | Duplicate Check Failed | Invoice Rejected,Invoice Duplicate Check
P2P-011453,0.8666666666666667,2,False,,Request Reworked,Manager Approval
P2P-011454,0.8666666666666667,2,False,,Request Reworked,Manager Approval
P2P-011455,1.0,0,True,,,
P2P-011456,0.8666666666666667,2,False,,Request Reworked,Manager Approval
P2P-011457,1.0,0,True,,,
P2P-011458,0.8666666666666667,2,False,,Request Reworked,Manager Approval
P2P-011459,0.9230769230769231,1,False,Manager Approval,,
P2P-011460,0.9230769230769231,1,False,Manager Approval,,
P2P-011461,0.8666666666666667,2,False,,Request Reworked,Manager Approval
P2P-011462,1.0,0,True,,,
P2P-011463,0.8666666666666667,2,False,,Request Reworked,Manager Approval
P2P-011464,1.0,0,True,,,
P2P-011465,1.0,0,True,,,
P2P-011466,0.7647058823529411,4,False,,Corrected Invoice Received | Duplicate Check Failed | Invoice Rejected,Invoice Duplicate Check
P2P-011467,1.0,0,True,,,
P2P-011468,0.9230769230769231,1,False,Manager Approval,,
P2P-011469,0.8666666666666667,2,False,,Invoice Blocked | Invoice Corrected,
P2P-011470,0.7647058823529411,4,False,,Corrected Invoice Received | Duplicate Check Failed | Invoice Rejected,Invoice Duplicate Check
P2P-011471,0.8125,3,False,,Payment Rejected,Invoice Matched | Payment Authorized
P2P-011472,1.0,0,True,,,
P2P-011473,0.8125,3,False,,Payment Rejected,Invoice Matched | Payment Authorized
P2P-011474,0.8666666666666667,2,False,,Request Reworked,Manager Approval
P2P-011475,0.7647058823529411,4,False,,Corrected Invoice Received | Duplicate Check Failed | Invoice Rejected,Invoice Duplicate Check
P2P-011476,1.0,0,True,,,
P2P-011477,0.8666666666666667,2,False,,Invoice Blocked | Invoice Corrected,
P2P-011478,0.8666666666666667,2,False,,Request Reworked,Manager Approval
P2P-011479,0.9230769230769231,1,False,Manager Approval,,
P2P-011480,1.0,0,True,,,
P2P-011481,0.9230769230769231,1,False,Manager Approval,,
P2P-011482,1.0,0,True,,,
P2P-011483,1.0,0,True,,,
P2P-011484,0.8666666666666667,2,False,,Invoice Blocked | Invoice Corrected,
P2P-011485,1.0,0,True,,,
P2P-011486,1.0,0,True,,,
P2P-011487,1.0,0,True,,,
P2P-011488,0.8666666666666667,2,False,,Request Reworked,Manager Approval
P2P-011489,1.0,0,True,,,
P2P-011490,1.0,0,True,,,
P2P-011491,1.0,0,True,,,
P2P-011492,0.7857142857142857,3,False,,Three-Way Match Failed,
P2P-011493,1.0,0,True,,,
P2P-011494,0.9230769230769231,1,False,Manager Approval,,
P2P-011495,1.0,0,True,,,
P2P-011496,1.0,0,True,,,
P2P-011497,0.8125,3,False,,Delivery Delayed | Request Reworked,Manager Approval
P2P-011498,0.8125,3,False,,Delivery Delayed | Invoice Blocked | Invoice Corrected,
P2P-011499,1.0,0,True,,,
P2P-011500,1.0,0,True,,,
P2P-011501,0.9230769230769231,1,False,Manager Approval,,
P2P-011502,1.0,0,True,,,
P2P-011503,1.0,0,True,,,
P2P-011504,0.7857142857142857,3,False,,Three-Way Match Failed,
P2P-011505,0.8666666666666667,2,False,,Invoice Blocked | Invoice Corrected,
P2P-011506,1.0,0,True,,,
P2P-011507,0.7647058823529411,4,False,,Corrected Invoice Received | Duplicate Check Failed | Invoice Rejected,Invoice Duplicate Check
P2P-011508,0.9230769230769231,1,False,Manager Approval,,
P2P-011509,1.0,0,True,,,
P2P-011510,1.0,0,True,,,
P2P-011511,0.7857142857142857,3,False,,Three-Way Match Failed,
P2P-011512,1.0,0,True,,,
P2P-011513,0.8666666666666667,2,False,,Invoice Blocked | Invoice Corrected,
P2P-011514,0.9285714285714286,1,False,,Delivery Delayed,
P2P-011515,0.8666666666666667,2,False,,Request Reworked,Manager Approval
P2P-011516,0.8666666666666667,2,False,,Invoice Blocked | Invoice Corrected,
P2P-011517,0.9230769230769231,1,False,Manager Approval,,
P2P-011518,0.8666666666666667,2,False,,Invoice Blocked | Invoice Corrected,
P2P-011519,0.9230769230769231,1,False,Manager Approval,,
P2P-011520,0.9285714285714286,1,False,,Delivery Delayed,
P2P-011521,0.8666666666666667,2,False,,Request Reworked,Manager Approval
P2P-011522,1.0,0,True,,,
P2P-011523,1.0,0,True,,,
P2P-011524,1.0,0,True,,,
P2P-011525,0.8666666666666667,2,False,,Invoice Blocked | Invoice Corrected,
P2P-011526,0.8,3,False,,Delivery Delayed | Three-Way Match Failed,
P2P-011527,1.0,0,True,,,
P2P-011528,1.0,0,True,,,
P2P-011529,1.0,0,True,,,
P2P-011530,1.0,0,True,,,
P2P-011531,1.0,0,True,,,
P2P-011532,1.0,0,True,,,
P2P-011533,1.0,0,True,,,
P2P-011534,1.0,0,True,,,
P2P-011535,1.0,0,True,,,
P2P-011536,0.8125,3,False,,Delivery Delayed | Request Reworked,Manager Approval
P2P-011537,1.0,0,True,,,
P2P-011538,1.0,0,True,,,
P2P-011539,0.8666666666666667,2,False,,Request Reworked,Manager Approval
P2P-011540,1.0,0,True,,,
P2P-011541,0.8666666666666667,2,False,,Invoice Blocked | Invoice Corrected,
P2P-011542,1.0,0,True,,,
P2P-011543,0.7857142857142857,3,False,,Three-Way Match Failed,
P2P-011544,0.8125,3,False,,Payment Rejected,Invoice Matched | Payment Authorized
P2P-011545,1.0,0,True,,,
P2P-011546,0.7647058823529411,4,False,,Corrected Invoice Received | Duplicate Check Failed | Invoice Rejected,Invoice Duplicate Check
P2P-011547,0.9230769230769231,1,False,Manager Approval,,
P2P-011548,0.8461538461538461,2,False,Manager Approval,Delivery Delayed,
P2P-011549,0.8125,3,False,,Payment Rejected,Invoice Matched | Payment Authorized
P2P-011550,1.0,0,True,,,
P2P-011551,1.0,0,True,,,
P2P-011552,0.8666666666666667,2,False,,Request Reworked,Manager Approval
P2P-011553,0.7857142857142857,3,False,,Three-Way Match Failed,
P2P-011554,1.0,0,True,,,
P2P-011555,1.0,0,True,,,
P2P-011556,0.7857142857142857,3,False,,Three-Way Match Failed,
P2P-011557,0.7647058823529411,4,False,,Corrected Invoice Received | Duplicate Check Failed | Invoice Rejected,Invoice Duplicate Check
P2P-011558,0.8125,3,False,,Payment Rejected,Invoice Matched | Payment Authorized
P2P-011559,1.0,0,True,,,
P2P-011560,1.0,0,True,,,
P2P-011561,1.0,0,True,,,
P2P-011562,0.7857142857142857,3,False,,Three-Way Match Failed,
P2P-011563,0.7647058823529411,4,False,,Corrected Invoice Received | Duplicate Check Failed | Invoice Rejected,Invoice Duplicate Check
P2P-011564,1.0,0,True,,,
P2P-011565,1.0,0,True,,,
P2P-011566,0.9285714285714286,1,False,,Delivery Delayed,
P2P-011567,1.0,0,True,,,
P2P-011568,1.0,0,True,,,
P2P-011569,0.9285714285714286,1,False,,Delivery Delayed,
P2P-011570,1.0,0,True,,,
P2P-011571,0.7857142857142857,3,False,,Three-Way Match Failed,
P2P-011572,0.8666666666666667,2,False,,Request Reworked,Manager Approval
P2P-011573,0.8666666666666667,2,False,,Request Reworked,Manager Approval
P2P-011574,1.0,0,True,,,
P2P-011575,1.0,0,True,,,
P2P-011576,0.7857142857142857,3,False,,Three-Way Match Failed,
P2P-011577,1.0,0,True,,,
P2P-011578,0.7857142857142857,3,False,,Three-Way Match Failed,
P2P-011579,0.8666666666666667,2,False,,Request Reworked,Manager Approval
P2P-011580,1.0,0,True,,,
P2P-011581,0.8125,3,False,,Payment Rejected,Invoice Matched | Payment Authorized
P2P-011582,0.9285714285714286,1,False,,Delivery Delayed,
P2P-011583,0.9230769230769231,1,False,Manager Approval,,
P2P-011584,0.8666666666666667,2,False,,Invoice Blocked | Invoice Corrected,
P2P-011585,0.9230769230769231,1,False,Manager Approval,,
P2P-011586,0.7857142857142857,3,False,,Three-Way Match Failed,
P2P-011587,1.0,0,True,,,
P2P-011588,1.0,0,True,,,
P2P-011589,0.8666666666666667,2,False,,Invoice Blocked | Invoice Corrected,
P2P-011590,0.8666666666666667,2,False,,Request Reworked,Manager Approval
P2P-011591,0.8666666666666667,2,False,,Invoice Blocked | Invoice Corrected,
P2P-011592,1.0,0,True,,,
P2P-011593,0.8125,3,False,,Delivery Delayed | Request Reworked,Manager Approval
P2P-011594,0.7647058823529411,4,False,,Corrected Invoice Received | Duplicate Check Failed | Invoice Rejected,Invoice Duplicate Check
P2P-011595,1.0,0,True,,,
P2P-011596,1.0,0,True,,,
P2P-011597,1.0,0,True,,,
P2P-011598,0.9285714285714286,1,False,,Delivery Delayed,
P2P-011599,0.8666666666666667,2,False,,Request Reworked,Manager Approval
P2P-011600,1.0,0,True,,,
P2P-011601,1.0,0,True,,,
P2P-011602,0.8125,3,False,,Payment Rejected,Invoice Matched | Payment Authorized
P2P-011603,0.9285714285714286,1,False,,Delivery Delayed,
P2P-011604,1.0,0,True,,,
P2P-011605,1.0,0,True,,,
P2P-011606,1.0,0,True,,,
P2P-011607,1.0,0,True,,,
P2P-011608,1.0,0,True,,,
P2P-011609,1.0,0,True,,,
P2P-011610,1.0,0,True,,,
P2P-011611,1.0,0,True,,,
P2P-011612,1.0,0,True,,,
P2P-011613,1.0,0,True,,,
P2P-011614,1.0,0,True,,,
P2P-011615,1.0,0,True,,,
P2P-011616,0.8666666666666667,2,False,,Request Reworked,Manager Approval
P2P-011617,0.9285714285714286,1,False,,Delivery Delayed,
P2P-011618,0.7857142857142857,3,False,,Three-Way Match Failed,
P2P-011619,1.0,0,True,,,
P2P-011620,1.0,0,True,,,
P2P-011621,0.9285714285714286,1,False,,Delivery Delayed,
P2P-011622,1.0,0,True,,,
P2P-011623,1.0,0,True,,,
P2P-011624,1.0,0,True,,,
P2P-011625,1.0,0,True,,,
P2P-011626,0.8666666666666667,2,False,,Invoice Blocked | Invoice Corrected,
P2P-011627,0.9230769230769231,1,False,Manager Approval,,
P2P-011628,0.9230769230769231,1,False,Manager Approval,,
P2P-011629,0.8125,3,False,,Payment Rejected,Invoice Matched | Payment Authorized
P2P-011630,0.7857142857142857,3,False,,Three-Way Match Failed,
P2P-011631,0.8125,3,False,,Payment Rejected,Invoice Matched | Payment Authorized
P2P-011632,0.8666666666666667,2,False,,Request Reworked,Manager Approval
P2P-011633,0.7647058823529411,4,False,,Corrected Invoice Received | Duplicate Check Failed | Invoice Rejected,Invoice Duplicate Check
P2P-011634,1.0,0,True,,,
P2P-011635,0.8125,3,False,,Payment Rejected,Invoice Matched | Payment Authorized
P2P-011636,0.7647058823529411,4,False,,Corrected Invoice Received | Duplicate Check Failed | Invoice Rejected,Invoice Duplicate Check
P2P-011637,0.8666666666666667,2,False,,Request Reworked,Manager Approval
P2P-011638,1.0,0,True,,,
P2P-011639,0.8125,3,False,,Payment Rejected,Invoice Matched | Payment Authorized
P2P-011640,0.8666666666666667,2,False,,Request Reworked,Manager Approval
P2P-011641,0.7647058823529411,4,False,,Corrected Invoice Received | Duplicate Check Failed | Invoice Rejected,Invoice Duplicate Check
P2P-011642,0.9230769230769231,1,False,Manager Approval,,
P2P-011643,0.9230769230769231,1,False,Manager Approval,,
P2P-011644,0.8125,3,False,,Delivery Delayed | Request Reworked,Manager Approval
P2P-011645,1.0,0,True,,,
P2P-011646,0.9230769230769231,1,False,Manager Approval,,
P2P-011647,0.7647058823529411,4,False,,Corrected Invoice Received | Duplicate Check Failed | Invoice Rejected,Invoice Duplicate Check
P2P-011648,1.0,0,True,,,
P2P-011649,0.7647058823529411,4,False,,Corrected Invoice Received | Duplicate Check Failed | Invoice Rejected,Invoice Duplicate Check
P2P-011650,0.8666666666666667,2,False,,Request Reworked,Manager Approval
P2P-011651,1.0,0,True,,,
P2P-011652,0.8666666666666667,2,False,,Invoice Blocked | Invoice Corrected,
P2P-011653,1.0,0,True,,,
P2P-011654,1.0,0,True,,,
P2P-011655,1.0,0,True,,,
P2P-011656,0.8666666666666667,2,False,,Request Reworked,Manager Approval
P2P-011657,0.9230769230769231,1,False,Manager Approval,,
P2P-011658,1.0,0,True,,,
P2P-011659,0.8666666666666667,2,False,,Invoice Blocked | Invoice Corrected,
P2P-011660,0.9230769230769231,1,False,Manager Approval,,
P2P-011661,0.8125,3,False,,Payment Rejected,Invoice Matched | Payment Authorized
P2P-011662,1.0,0,True,,,
P2P-011663,0.7857142857142857,3,False,,Three-Way Match Failed,
P2P-011664,1.0,0,True,,,
P2P-011665,0.7647058823529411,4,False,,Delivery Delayed | Payment Rejected,Invoice Matched | Payment Authorized
P2P-011666,1.0,0,True,,,
P2P-011667,0.8666666666666667,2,False,,Invoice Blocked | Invoice Corrected,
P2P-011668,0.7857142857142857,3,False,,Three-Way Match Failed,
P2P-011669,0.7647058823529411,4,False,,Corrected Invoice Received | Duplicate Check Failed | Invoice Rejected,Invoice Duplicate Check
P2P-011670,0.7647058823529411,4,False,,Corrected Invoice Received | Duplicate Check Failed | Invoice Rejected,Invoice Duplicate Check
P2P-011671,1.0,0,True,,,
P2P-011672,0.8666666666666667,2,False,,Request Reworked,Manager Approval
P2P-011673,1.0,0,True,,,
P2P-011674,1.0,0,True,,,
P2P-011675,0.7647058823529411,4,False,,Corrected Invoice Received | Duplicate Check Failed | Invoice Rejected,Invoice Duplicate Check
P2P-011676,0.8125,3,False,,Payment Rejected,Invoice Matched | Payment Authorized
P2P-011677,1.0,0,True,,,
P2P-011678,1.0,0,True,,,
P2P-011679,0.9285714285714286,1,False,,Delivery Delayed,
P2P-011680,0.8666666666666667,2,False,,Invoice Blocked | Invoice Corrected,
P2P-011681,0.9230769230769231,1,False,Manager Approval,,
P2P-011682,0.7222222222222222,5,False,,Corrected Invoice Received | Delivery Delayed | Duplicate Check Failed | Invoice Rejected,Invoice Duplicate Check
P2P-011683,0.7647058823529411,4,False,,Corrected Invoice Received | Duplicate Check Failed | Invoice Rejected,Invoice Duplicate Check
P2P-011684,1.0,0,True,,,
P2P-011685,1.0,0,True,,,
P2P-011686,0.9285714285714286,1,False,,Delivery Delayed,
P2P-011687,0.8666666666666667,2,False,,Request Reworked,Manager Approval
P2P-011688,0.8666666666666667,2,False,,Invoice Blocked | Invoice Corrected,
P2P-011689,1.0,0,True,,,
P2P-011690,0.8125,3,False,,Payment Rejected,Invoice Matched | Payment Authorized
P2P-011691,0.8125,3,False,,Payment Rejected,Invoice Matched | Payment Authorized
P2P-011692,1.0,0,True,,,
P2P-011693,0.9230769230769231,1,False,Manager Approval,,
P2P-011694,0.9285714285714286,1,False,,Delivery Delayed,
P2P-011695,1.0,0,True,,,
P2P-011696,0.7647058823529411,4,False,,Corrected Invoice Received | Duplicate Check Failed | Invoice Rejected,Invoice Duplicate Check
P2P-011697,0.8666666666666667,2,False,,Invoice Blocked | Invoice Corrected,
P2P-011698,1.0,0,True,,,
P2P-011699,0.8666666666666667,2,False,,Request Reworked,Manager Approval
P2P-011700,0.7857142857142857,3,False,,Three-Way Match Failed,
P2P-011701,0.9285714285714286,1,False,,Delivery Delayed,
P2P-011702,0.7857142857142857,3,False,,Three-Way Match Failed,
P2P-011703,0.8666666666666667,2,False,,Invoice Blocked | Invoice Corrected,
P2P-011704,0.7857142857142857,3,False,,Three-Way Match Failed,
P2P-011705,0.9230769230769231,1,False,Manager Approval,,
P2P-011706,0.9230769230769231,1,False,Manager Approval,,
P2P-011707,1.0,0,True,,,
P2P-011708,0.9230769230769231,1,False,Manager Approval,,
P2P-011709,0.7857142857142857,3,False,,Three-Way Match Failed,
P2P-011710,1.0,0,True,,,
P2P-011711,1.0,0,True,,,
P2P-011712,1.0,0,True,,,
P2P-011713,1.0,0,True,,,
P2P-011714,0.9230769230769231,1,False,Manager Approval,,
P2P-011715,1.0,0,True,,,
P2P-011716,0.8666666666666667,2,False,,Request Reworked,Manager Approval
P2P-011717,1.0,0,True,,,
P2P-011718,0.9285714285714286,1,False,,Delivery Delayed,
P2P-011719,0.8666666666666667,2,False,,Invoice Blocked | Invoice Corrected,
P2P-011720,1.0,0,True,,,
P2P-011721,1.0,0,True,,,
P2P-011722,1.0,0,True,,,
P2P-011723,0.8125,3,False,,Delivery Delayed | Request Reworked,Manager Approval
P2P-011724,0.8666666666666667,2,False,,Invoice Blocked | Invoice Corrected,
P2P-011725,1.0,0,True,,,
P2P-011726,1.0,0,True,,,
P2P-011727,1.0,0,True,,,
P2P-011728,0.8125,3,False,,Payment Rejected,Invoice Matched | Payment Authorized
P2P-011729,1.0,0,True,,,
P2P-011730,0.9230769230769231,1,False,Manager Approval,,
P2P-011731,1.0,0,True,,,
P2P-011732,0.9285714285714286,1,False,,Delivery Delayed,
P2P-011733,1.0,0,True,,,
P2P-011734,1.0,0,True,,,
P2P-011735,1.0,0,True,,,
P2P-011736,0.9230769230769231,1,False,Manager Approval,,
P2P-011737,0.8125,3,False,,Payment Rejected,Invoice Matched | Payment Authorized
P2P-011738,0.8666666666666667,2,False,,Request Reworked,Manager Approval
P2P-011739,0.8666666666666667,2,False,,Invoice Blocked | Invoice Corrected,
P2P-011740,0.7647058823529411,4,False,,Corrected Invoice Received | Duplicate Check Failed | Invoice Rejected,Invoice Duplicate Check
P2P-011741,1.0,0,True,,,
P2P-011742,1.0,0,True,,,
P2P-011743,1.0,0,True,,,
P2P-011744,0.7647058823529411,4,False,,Corrected Invoice Received | Duplicate Check Failed | Invoice Rejected,Invoice Duplicate Check
P2P-011745,1.0,0,True,,,
P2P-011746,0.8461538461538461,2,False,Manager Approval,Delivery Delayed,
P2P-011747,0.8125,3,False,,Delivery Delayed | Invoice Blocked | Invoice Corrected,
P2P-011748,1.0,0,True,,,
P2P-011749,0.9230769230769231,1,False,Manager Approval,,
P2P-011750,0.7647058823529411,4,False,,Delivery Delayed | Payment Rejected,Invoice Matched | Payment Authorized
P2P-011751,0.8666666666666667,2,False,,Request Reworked,Manager Approval
P2P-011752,0.8666666666666667,2,False,,Request Reworked,Manager Approval
P2P-011753,0.8125,3,False,,Payment Rejected,Invoice Matched | Payment Authorized
P2P-011754,0.8666666666666667,2,False,,Request Reworked,Manager Approval
P2P-011755,1.0,0,True,,,
P2P-011756,0.8666666666666667,2,False,,Request Reworked,Manager Approval
P2P-011757,0.7857142857142857,3,False,,Three-Way Match Failed,
P2P-011758,0.9285714285714286,1,False,,Delivery Delayed,
P2P-011759,1.0,0,True,,,
P2P-011760,1.0,0,True,,,
P2P-011761,0.8125,3,False,,Delivery Delayed | Invoice Blocked | Invoice Corrected,
P2P-011762,1.0,0,True,,,
P2P-011763,1.0,0,True,,,
P2P-011764,0.7857142857142857,3,False,,Three-Way Match Failed,
P2P-011765,1.0,0,True,,,
P2P-011766,0.7647058823529411,4,False,,Corrected Invoice Received | Duplicate Check Failed | Invoice Rejected,Invoice Duplicate Check
P2P-011767,1.0,0,True,,,
P2P-011768,0.7857142857142857,3,False,,Three-Way Match Failed,
P2P-011769,1.0,0,True,,,
P2P-011770,1.0,0,True,,,
P2P-011771,1.0,0,True,,,
P2P-011772,0.9230769230769231,1,False,Manager Approval,,
P2P-011773,0.8666666666666667,2,False,,Request Reworked,Manager Approval
P2P-011774,0.8666666666666667,2,False,,Invoice Blocked | Invoice Corrected,
P2P-011775,0.7647058823529411,4,False,,Corrected Invoice Received | Duplicate Check Failed | Invoice Rejected,Invoice Duplicate Check
P2P-011776,0.8666666666666667,2,False,,Invoice Blocked | Invoice Corrected,
P2P-011777,1.0,0,True,,,
P2P-011778,0.9230769230769231,1,False,Manager Approval,,
P2P-011779,1.0,0,True,,,
P2P-011780,0.7647058823529411,4,False,,Corrected Invoice Received | Duplicate Check Failed | Invoice Rejected,Invoice Duplicate Check
P2P-011781,1.0,0,True,,,
P2P-011782,0.9285714285714286,1,False,,Delivery Delayed,
P2P-011783,1.0,0,True,,,
P2P-011784,1.0,0,True,,,
P2P-011785,0.7647058823529411,4,False,,Corrected Invoice Received | Duplicate Check Failed | Invoice Rejected,Invoice Duplicate Check
P2P-011786,0.8666666666666667,2,False,,Invoice Blocked | Invoice Corrected,
P2P-011787,0.7857142857142857,3,False,,Three-Way Match Failed,
P2P-011788,1.0,0,True,,,
P2P-011789,0.8666666666666667,2,False,,Invoice Blocked | Invoice Corrected,
P2P-011790,0.8125,3,False,,Payment Rejected,Invoice Matched | Payment Authorized
P2P-011791,0.8125,3,False,,Delivery Delayed | Request Reworked,Manager Approval
P2P-011792,0.8666666666666667,2,False,,Request Reworked,Manager Approval
P2P-011793,0.7647058823529411,4,False,,Corrected Invoice Received | Duplicate Check Failed | Invoice Rejected,Invoice Duplicate Check
P2P-011794,1.0,0,True,,,
P2P-011795,1.0,0,True,,,
P2P-011796,0.7857142857142857,3,False,,Three-Way Match Failed,
P2P-011797,1.0,0,True,,,
P2P-011798,1.0,0,True,,,
P2P-011799,0.9285714285714286,1,False,,Delivery Delayed,
P2P-011800,0.9230769230769231,1,False,Manager Approval,,
P2P-011801,0.8666666666666667,2,False,,Invoice Blocked | Invoice Corrected,
P2P-011802,0.7857142857142857,3,False,,Three-Way Match Failed,
P2P-011803,0.9285714285714286,1,False,,Delivery Delayed,
P2P-011804,1.0,0,True,,,
P2P-011805,1.0,0,True,,,
P2P-011806,0.9285714285714286,1,False,,Delivery Delayed,
P2P-011807,1.0,0,True,,,
P2P-011808,1.0,0,True,,,
P2P-011809,1.0,0,True,,,
P2P-011810,0.8461538461538461,2,False,Manager Approval,Delivery Delayed,
P2P-011811,0.7857142857142857,3,False,,Three-Way Match Failed,
P2P-011812,1.0,0,True,,,
P2P-011813,0.9230769230769231,1,False,Manager Approval,,
P2P-011814,1.0,0,True,,,
P2P-011815,1.0,0,True,,,
P2P-011816,0.8666666666666667,2,False,,Request Reworked,Manager Approval
P2P-011817,0.9230769230769231,1,False,Manager Approval,,
P2P-011818,1.0,0,True,,,
P2P-011819,0.7857142857142857,3,False,,Three-Way Match Failed,
P2P-011820,1.0,0,True,,,
P2P-011821,0.8666666666666667,2,False,,Invoice Blocked | Invoice Corrected,
P2P-011822,0.8666666666666667,2,False,,Invoice Blocked | Invoice Corrected,
P2P-011823,1.0,0,True,,,
P2P-011824,1.0,0,True,,,
P2P-011825,0.9230769230769231,1,False,Manager Approval,,
P2P-011826,0.8666666666666667,2,False,,Request Reworked,Manager Approval
P2P-011827,1.0,0,True,,,
P2P-011828,0.8125,3,False,,Delivery Delayed | Invoice Blocked | Invoice Corrected,
P2P-011829,1.0,0,True,,,
P2P-011830,0.8125,3,False,,Payment Rejected,Invoice Matched | Payment Authorized
P2P-011831,1.0,0,True,,,
P2P-011832,0.8125,3,False,,Delivery Delayed | Request Reworked,Manager Approval
P2P-011833,0.8125,3,False,,Delivery Delayed | Request Reworked,Manager Approval
P2P-011834,0.8666666666666667,2,False,,Invoice Blocked | Invoice Corrected,
P2P-011835,0.9230769230769231,1,False,Manager Approval,,
P2P-011836,1.0,0,True,,,
P2P-011837,0.8666666666666667,2,False,,Request Reworked,Manager Approval
P2P-011838,0.7857142857142857,3,False,,Three-Way Match Failed,
P2P-011839,1.0,0,True,,,
P2P-011840,1.0,0,True,,,
P2P-011841,0.7647058823529411,4,False,,Corrected Invoice Received | Duplicate Check Failed | Invoice Rejected,Invoice Duplicate Check
P2P-011842,1.0,0,True,,,
P2P-011843,0.9230769230769231,1,False,Manager Approval,,
P2P-011844,0.8666666666666667,2,False,,Invoice Blocked | Invoice Corrected,
P2P-011845,1.0,0,True,,,
P2P-011846,1.0,0,True,,,
P2P-011847,0.8666666666666667,2,False,,Request Reworked,Manager Approval
P2P-011848,0.8666666666666667,2,False,,Invoice Blocked | Invoice Corrected,
P2P-011849,1.0,0,True,,,
P2P-011850,1.0,0,True,,,
P2P-011851,0.9285714285714286,1,False,,Delivery Delayed,
P2P-011852,1.0,0,True,,,
P2P-011853,1.0,0,True,,,
P2P-011854,0.8666666666666667,2,False,,Invoice Blocked | Invoice Corrected,
P2P-011855,0.9285714285714286,1,False,,Delivery Delayed,
P2P-011856,0.8461538461538461,2,False,Manager Approval,Delivery Delayed,
P2P-011857,0.9230769230769231,1,False,Manager Approval,,
P2P-011858,1.0,0,True,,,
P2P-011859,0.7857142857142857,3,False,,Three-Way Match Failed,
P2P-011860,0.8125,3,False,,Payment Rejected,Invoice Matched | Payment Authorized
P2P-011861,0.8666666666666667,2,False,,Invoice Blocked | Invoice Corrected,
P2P-011862,0.8666666666666667,2,False,,Request Reworked,Manager Approval
P2P-011863,0.9230769230769231,1,False,Manager Approval,,
P2P-011864,0.9230769230769231,1,False,Manager Approval,,
P2P-011865,0.8666666666666667,2,False,,Request Reworked,Manager Approval
P2P-011866,0.7857142857142857,3,False,,Three-Way Match Failed,
P2P-011867,1.0,0,True,,,
P2P-011868,1.0,0,True,,,
P2P-011869,0.9230769230769231,1,False,Manager Approval,,
P2P-011870,1.0,0,True,,,
P2P-011871,1.0,0,True,,,
P2P-011872,0.7857142857142857,3,False,,Three-Way Match Failed,
P2P-011873,1.0,0,True,,,
P2P-011874,1.0,0,True,,,
P2P-011875,0.7647058823529411,4,False,,Corrected Invoice Received | Duplicate Check Failed | Invoice Rejected,Invoice Duplicate Check
P2P-011876,0.9230769230769231,1,False,Manager Approval,,
P2P-011877,1.0,0,True,,,
P2P-011878,1.0,0,True,,,
P2P-011879,1.0,0,True,,,
P2P-011880,1.0,0,True,,,
P2P-011881,0.9285714285714286,1,False,,Delivery Delayed,
P2P-011882,1.0,0,True,,,
P2P-011883,0.8666666666666667,2,False,,Request Reworked,Manager Approval
P2P-011884,0.9230769230769231,1,False,Manager Approval,,
P2P-011885,0.8125,3,False,,Payment Rejected,Invoice Matched | Payment Authorized
P2P-011886,1.0,0,True,,,
P2P-011887,0.9230769230769231,1,False,Manager Approval,,
P2P-011888,1.0,0,True,,,
P2P-011889,1.0,0,True,,,
P2P-011890,1.0,0,True,,,
P2P-011891,0.8666666666666667,2,False,,Invoice Blocked | Invoice Corrected,
P2P-011892,0.9230769230769231,1,False,Manager Approval,,
P2P-011893,0.8666666666666667,2,False,,Request Reworked,Manager Approval
P2P-011894,0.9230769230769231,1,False,Manager Approval,,
P2P-011895,1.0,0,True,,,
P2P-011896,1.0,0,True,,,
P2P-011897,0.8666666666666667,2,False,,Request Reworked,Manager Approval
P2P-011898,0.7857142857142857,3,False,,Three-Way Match Failed,
P2P-011899,0.8125,3,False,,Delivery Delayed | Request Reworked,Manager Approval
P2P-011900,1.0,0,True,,,
P2P-011901,0.9230769230769231,1,False,Manager Approval,,
P2P-011902,0.8666666666666667,2,False,,Request Reworked,Manager Approval
P2P-011903,0.9230769230769231,1,False,Manager Approval,,
P2P-011904,1.0,0,True,,,
P2P-011905,0.9230769230769231,1,False,Manager Approval,,
P2P-011906,1.0,0,True,,,
P2P-011907,0.8461538461538461,2,False,Manager Approval,Delivery Delayed,
P2P-011908,1.0,0,True,,,
P2P-011909,0.8125,3,False,,Delivery Delayed | Invoice Blocked | Invoice Corrected,
P2P-011910,0.8125,3,False,,Payment Rejected,Invoice Matched | Payment Authorized
P2P-011911,0.7647058823529411,4,False,,Corrected Invoice Received | Duplicate Check Failed | Invoice Rejected,Invoice Duplicate Check
P2P-011912,1.0,0,True,,,
P2P-011913,1.0,0,True,,,
P2P-011914,0.9285714285714286,1,False,,Delivery Delayed,
P2P-011915,1.0,0,True,,,
P2P-011916,1.0,0,True,,,
P2P-011917,0.8666666666666667,2,False,,Request Reworked,Manager Approval
P2P-011918,0.8,3,False,,Delivery Delayed | Three-Way Match Failed,
P2P-011919,0.8125,3,False,,Payment Rejected,Invoice Matched | Payment Authorized
P2P-011920,0.9285714285714286,1,False,,Delivery Delayed,
P2P-011921,0.8125,3,False,,Payment Rejected,Invoice Matched | Payment Authorized
P2P-011922,0.9230769230769231,1,False,Manager Approval,,
P2P-011923,1.0,0,True,,,
P2P-011924,0.9285714285714286,1,False,,Delivery Delayed,
P2P-011925,0.8666666666666667,2,False,,Invoice Blocked | Invoice Corrected,
P2P-011926,0.7857142857142857,3,False,,Three-Way Match Failed,
P2P-011927,0.9285714285714286,1,False,,Delivery Delayed,
P2P-011928,1.0,0,True,,,
P2P-011929,1.0,0,True,,,
P2P-011930,0.8666666666666667,2,False,,Invoice Blocked | Invoice Corrected,
P2P-011931,0.9285714285714286,1,False,,Delivery Delayed,
P2P-011932,0.7857142857142857,3,False,,Three-Way Match Failed,
P2P-011933,1.0,0,True,,,
P2P-011934,1.0,0,True,,,
P2P-011935,0.9230769230769231,1,False,Manager Approval,,
P2P-011936,1.0,0,True,,,
P2P-011937,1.0,0,True,,,
P2P-011938,1.0,0,True,,,
P2P-011939,1.0,0,True,,,
P2P-011940,0.9230769230769231,1,False,Manager Approval,,
P2P-011941,1.0,0,True,,,
P2P-011942,0.8125,3,False,,Payment Rejected,Invoice Matched | Payment Authorized
P2P-011943,0.9285714285714286,1,False,,Delivery Delayed,
P2P-011944,0.9285714285714286,1,False,,Delivery Delayed,
P2P-011945,0.9230769230769231,1,False,Manager Approval,,
P2P-011946,0.9230769230769231,1,False,Manager Approval,,
P2P-011947,1.0,0,True,,,
P2P-011948,1.0,0,True,,,
P2P-011949,0.7647058823529411,4,False,,Corrected Invoice Received | Duplicate Check Failed | Invoice Rejected,Invoice Duplicate Check
P2P-011950,0.8666666666666667,2,False,,Request Reworked,Manager Approval
P2P-011951,0.7857142857142857,3,False,,Three-Way Match Failed,
P2P-011952,0.9230769230769231,1,False,Manager Approval,,
P2P-011953,1.0,0,True,,,
P2P-011954,0.7647058823529411,4,False,,Corrected Invoice Received | Duplicate Check Failed | Invoice Rejected,Invoice Duplicate Check
P2P-011955,1.0,0,True,,,
P2P-011956,1.0,0,True,,,
P2P-011957,1.0,0,True,,,
P2P-011958,0.9230769230769231,1,False,Manager Approval,,
P2P-011959,1.0,0,True,,,
P2P-011960,0.8125,3,False,,Payment Rejected,Invoice Matched | Payment Authorized
P2P-011961,1.0,0,True,,,
P2P-011962,0.8125,3,False,,Payment Rejected,Invoice Matched | Payment Authorized
P2P-011963,1.0,0,True,,,
P2P-011964,0.9230769230769231,1,False,Manager Approval,,
P2P-011965,0.8666666666666667,2,False,,Invoice Blocked | Invoice Corrected,
P2P-011966,0.8666666666666667,2,False,,Invoice Blocked | Invoice Corrected,
P2P-011967,1.0,0,True,,,
P2P-011968,1.0,0,True,,,
P2P-011969,1.0,0,True,,,
P2P-011970,0.9230769230769231,1,False,Manager Approval,,
P2P-011971,0.9230769230769231,1,False,Manager Approval,,
P2P-011972,0.8666666666666667,2,False,,Request Reworked,Manager Approval
P2P-011973,0.9230769230769231,1,False,Manager Approval,,
P2P-011974,1.0,0,True,,,
P2P-011975,1.0,0,True,,,
P2P-011976,0.9285714285714286,1,False,,Delivery Delayed,
P2P-011977,1.0,0,True,,,
P2P-011978,1.0,0,True,,,
P2P-011979,0.8666666666666667,2,False,,Request Reworked,Manager Approval
P2P-011980,0.8666666666666667,2,False,,Request Reworked,Manager Approval
P2P-011981,0.8,3,False,,Delivery Delayed | Three-Way Match Failed,
P2P-011982,0.8666666666666667,2,False,,Invoice Blocked | Invoice Corrected,
P2P-011983,0.9285714285714286,1,False,,Delivery Delayed,
P2P-011984,0.8666666666666667,2,False,,Request Reworked,Manager Approval
P2P-011985,0.9230769230769231,1,False,Manager Approval,,
P2P-011986,1.0,0,True,,,
P2P-011987,0.8666666666666667,2,False,,Request Reworked,Manager Approval
P2P-011988,1.0,0,True,,,
P2P-011989,0.9230769230769231,1,False,Manager Approval,,
P2P-011990,0.7857142857142857,3,False,,Three-Way Match Failed,
P2P-011991,0.9230769230769231,1,False,Manager Approval,,
P2P-011992,1.0,0,True,,,
P2P-011993,1.0,0,True,,,
P2P-011994,0.9230769230769231,1,False,Manager Approval,,
P2P-011995,0.7647058823529411,4,False,,Corrected Invoice Received | Duplicate Check Failed | Invoice Rejected,Invoice Duplicate Check
P2P-011996,0.9285714285714286,1,False,,Delivery Delayed,
P2P-011997,1.0,0,True,,,
P2P-011998,1.0,0,True,,,
P2P-011999,0.9230769230769231,1,False,Manager Approval,,
P2P-012000,0.9285714285714286,1,False,,Delivery Delayed,
