case_id,created_at,business_unit,vendor_id,amount_usd,sla_breached,risk_score,predicted_breach,risk_band
P2P-011672,2026-03-13 09:07:27+00:00,Corporate Services,V-032,40312.5,True,0.8226432315770207,True,Critical
P2P-008119,2026-03-13 10:06:41+00:00,Corporate Services,V-060,3738.78,False,0.49414462354510025,False,Medium
P2P-003471,2026-03-13 10:23:21+00:00,Consumer Products,V-054,81988.28,True,0.344369791167921,False,Medium
P2P-005072,2026-03-13 13:13:13+00:00,Industrial Systems,V-042,10560.38,False,0.22293461569641773,False,Low
P2P-004463,2026-03-13 13:41:45+00:00,Industrial Systems,V-064,13306.65,True,0.7222281642804947,True,High
P2P-004501,2026-03-13 13:57:45+00:00,Corporate Services,V-031,19624.61,True,0.8732244985054124,True,Critical
P2P-004702,2026-03-13 15:47:29+00:00,Corporate Services,V-031,18119.06,False,0.07432995878742743,False,Low
P2P-007216,2026-03-13 16:07:38+00:00,Industrial Systems,V-064,155685.6,True,0.5527844509021941,True,Medium
P2P-002757,2026-03-13 16:47:46+00:00,Industrial Systems,V-022,11455.55,False,0.5418395017201436,True,Medium
P2P-009432,2026-03-13 17:07:43+00:00,Consumer Products,V-067,5292.87,True,0.9014487686326123,True,Critical
P2P-005033,2026-03-13 18:02:53+00:00,Consumer Products,V-031,26832.08,False,0.8213673113134586,True,Critical
P2P-008288,2026-03-13 18:24:18+00:00,Corporate Services,V-026,31279.17,False,0.9089602273740193,True,Critical
P2P-003932,2026-03-13 20:19:46+00:00,Consumer Products,V-042,1491.09,True,0.8409401847118255,True,Critical
P2P-008591,2026-03-13 21:19:26+00:00,Corporate Services,V-049,10945.67,True,0.41619223727745724,False,Medium
P2P-002926,2026-03-13 21:23:06+00:00,Industrial Systems,V-045,9223.8,True,0.2981867724309455,False,Low
P2P-001077,2026-03-13 22:29:43+00:00,Consumer Products,V-021,73235.59,True,0.3846686458225077,False,Medium
P2P-007079,2026-03-14 01:30:23+00:00,Consumer Products,V-006,32491.04,True,0.2982503823194401,False,Low
P2P-007769,2026-03-14 02:54:48+00:00,Industrial Systems,V-074,31622.81,True,0.7010022332078578,True,High
P2P-003427,2026-03-14 04:06:07+00:00,Corporate Services,V-041,18661.27,True,0.8291329383898155,True,Critical
P2P-010536,2026-03-14 05:56:27+00:00,Industrial Systems,V-042,17586.65,True,0.5448419423291154,True,Medium
P2P-008298,2026-03-14 06:05:02+00:00,Industrial Systems,V-041,7836.68,False,0.3301248373381035,False,Medium
P2P-011615,2026-03-14 06:15:11+00:00,Consumer Products,V-008,29644.02,False,0.2648361510560827,False,Low
P2P-007541,2026-03-14 11:10:18+00:00,Industrial Systems,V-005,6659.36,False,0.6985211382227348,True,High
P2P-005454,2026-03-14 12:10:29+00:00,Consumer Products,V-034,31086.88,False,0.36985635984640003,False,Medium
P2P-007756,2026-03-14 12:32:59+00:00,Corporate Services,V-078,27332.57,True,0.713946251091133,True,High
P2P-007554,2026-03-14 12:50:59+00:00,Consumer Products,V-008,8797.04,True,0.6666916083140729,True,High
P2P-000456,2026-03-14 16:11:52+00:00,Corporate Services,V-007,38966.97,True,0.689214233535064,True,High
P2P-002810,2026-03-14 17:15:32+00:00,Corporate Services,V-029,23276.06,False,0.2801978599522451,False,Low
P2P-004025,2026-03-14 17:30:46+00:00,Industrial Systems,V-013,39754.76,False,0.08945626569471715,False,Low
P2P-009294,2026-03-14 18:04:51+00:00,Industrial Systems,V-029,23136.93,True,0.5071198153082355,True,Medium
P2P-006585,2026-03-14 18:41:16+00:00,Corporate Services,V-058,57831.6,False,0.21937188404330374,False,Low
P2P-010348,2026-03-14 19:18:33+00:00,Consumer Products,V-044,9118.11,False,0.2978494570056011,False,Low
P2P-005854,2026-03-14 19:41:49+00:00,Consumer Products,V-061,24302.69,False,0.3819581699766542,False,Medium
P2P-009030,2026-03-14 19:44:00+00:00,Industrial Systems,V-043,3919.71,True,0.5404915040518874,True,Medium
P2P-006338,2026-03-14 20:22:07+00:00,Industrial Systems,V-038,3753.94,False,0.4887671064087947,False,Medium
P2P-008261,2026-03-14 20:39:00+00:00,Industrial Systems,V-042,21787.92,True,0.8343861562138059,True,Critical
P2P-008999,2026-03-14 22:18:51+00:00,Industrial Systems,V-027,2905.57,False,0.04459658741512589,False,Low
P2P-007521,2026-03-14 22:23:53+00:00,Industrial Systems,V-030,42360.53,True,0.20191780314638755,False,Low
P2P-007312,2026-03-15 00:33:57+00:00,Consumer Products,V-025,13926.9,False,0.24423592732003582,False,Low
P2P-001111,2026-03-15 00:46:49+00:00,Industrial Systems,V-063,13132.58,False,0.45501529883518343,False,Medium
P2P-005260,2026-03-15 02:24:53+00:00,Consumer Products,V-046,33070.52,False,0.5869148281939357,True,Medium
P2P-000283,2026-03-15 03:35:15+00:00,Industrial Systems,V-017,4211.86,False,0.11443970995932229,False,Low
P2P-007487,2026-03-15 03:47:37+00:00,Corporate Services,V-024,3438.04,False,0.26692767859961186,False,Low
P2P-001400,2026-03-15 03:52:03+00:00,Industrial Systems,V-015,12073.67,False,0.057062567682017805,False,Low
P2P-010144,2026-03-15 03:53:20+00:00,Corporate Services,V-005,58459.24,True,0.6425897875304472,True,High
P2P-011757,2026-03-15 03:53:49+00:00,Industrial Systems,V-055,15457.51,False,0.33250938430828303,False,Medium
P2P-011230,2026-03-15 03:53:51+00:00,Corporate Services,V-069,27512.89,True,0.9687946144618093,True,Critical
P2P-009764,2026-03-15 06:23:48+00:00,Consumer Products,V-048,15474.9,False,0.822126002933664,True,Critical
P2P-004980,2026-03-15 06:26:58+00:00,Industrial Systems,V-074,21963.33,True,0.7030004343695935,True,High
P2P-004795,2026-03-15 07:00:38+00:00,Corporate Services,V-004,30660.29,False,0.16741510973926552,False,Low
P2P-005134,2026-03-15 07:32:51+00:00,Consumer Products,V-065,57499.58,True,0.8176466138183729,True,Critical
P2P-004370,2026-03-15 07:37:12+00:00,Industrial Systems,V-066,82593.37,True,0.8046464773794775,True,Critical
P2P-005953,2026-03-15 08:33:34+00:00,Industrial Systems,V-037,5806.69,False,0.2733235965030591,False,Low
P2P-010046,2026-03-15 09:24:24+00:00,Corporate Services,V-076,5629.22,True,0.7107323571289605,True,High
P2P-005447,2026-03-15 09:35:41+00:00,Corporate Services,V-025,11651.6,True,0.34998577605782966,False,Medium
P2P-011592,2026-03-15 11:38:35+00:00,Corporate Services,V-075,20542.08,False,0.3758612057394831,False,Medium
P2P-007850,2026-03-15 12:52:26+00:00,Corporate Services,V-038,27763.4,True,0.8578254345312443,True,Critical
P2P-000681,2026-03-15 14:04:51+00:00,Corporate Services,V-004,5465.09,False,0.15284937609371127,False,Low
P2P-005113,2026-03-15 14:29:44+00:00,Consumer Products,V-067,9675.15,True,0.772255031000019,True,High
P2P-006625,2026-03-15 15:07:48+00:00,Industrial Systems,V-024,8911.84,False,0.27514732421955873,False,Low
P2P-008345,2026-03-15 17:45:19+00:00,Corporate Services,V-062,21856.68,False,0.6977324944694832,True,High
P2P-003752,2026-03-15 19:27:11+00:00,Corporate Services,V-032,4963.31,True,0.33023721744581497,False,Medium
P2P-004857,2026-03-15 19:51:58+00:00,Industrial Systems,V-041,6327.87,False,0.3678916493117478,False,Medium
P2P-008135,2026-03-15 20:28:09+00:00,Industrial Systems,V-047,10018.49,False,0.37914549040400214,False,Medium
P2P-007001,2026-03-15 22:02:40+00:00,Consumer Products,V-042,11921.65,False,0.3794273873535781,False,Medium
P2P-010070,2026-03-15 22:31:15+00:00,Consumer Products,V-004,35216.91,False,0.6539422348095795,True,High
P2P-006160,2026-03-16 00:34:01+00:00,Consumer Products,V-019,86680.6,True,0.8805721485678023,True,Critical
P2P-011634,2026-03-16 00:35:49+00:00,Industrial Systems,V-052,44480.43,False,0.5903151240915233,True,Medium
P2P-009061,2026-03-16 02:02:37+00:00,Industrial Systems,V-060,4316.5,False,0.5318115108113503,True,Medium
P2P-004373,2026-03-16 02:11:40+00:00,Corporate Services,V-053,14439.69,True,0.24501425095191262,False,Low
P2P-011242,2026-03-16 03:09:56+00:00,Industrial Systems,V-048,80661.78,True,0.3544543847950887,False,Medium
P2P-000079,2026-03-16 03:21:40+00:00,Consumer Products,V-019,90790.86,False,0.37631964310371246,False,Medium
P2P-002071,2026-03-16 05:19:11+00:00,Industrial Systems,V-076,29064.13,False,0.6671597524209124,True,High
P2P-004135,2026-03-16 06:02:15+00:00,Consumer Products,V-017,2230.24,False,0.7698915242999508,True,High
P2P-011941,2026-03-16 06:05:23+00:00,Consumer Products,V-055,9505.36,False,0.2580381526703226,False,Low
P2P-011280,2026-03-16 06:45:03+00:00,Consumer Products,V-044,3242.0,False,0.41164513045844553,False,Medium
P2P-011307,2026-03-16 07:35:27+00:00,Industrial Systems,V-054,54916.58,True,0.8283936880484531,True,Critical
P2P-006546,2026-03-16 08:08:52+00:00,Corporate Services,V-041,46445.42,True,0.8492949395970242,True,Critical
P2P-010596,2026-03-16 09:54:22+00:00,Corporate Services,V-003,7777.82,False,0.18774157160759813,False,Low
P2P-000676,2026-03-16 10:45:18+00:00,Consumer Products,V-012,11208.1,False,0.19795039408282006,False,Low
P2P-005790,2026-03-16 11:51:55+00:00,Corporate Services,V-006,26897.42,False,0.322507565974994,False,Medium
P2P-000350,2026-03-16 13:37:43+00:00,Consumer Products,V-056,12432.25,False,0.3250002592897613,False,Medium
P2P-006245,2026-03-16 14:18:48+00:00,Consumer Products,V-053,19506.22,False,0.057400949286334484,False,Low
P2P-004983,2026-03-16 15:13:17+00:00,Consumer Products,V-002,76771.3,False,0.0941331451837148,False,Low
P2P-011876,2026-03-16 16:11:51+00:00,Industrial Systems,V-009,43838.69,False,0.06431727037708805,False,Low
P2P-002398,2026-03-16 16:52:34+00:00,Consumer Products,V-029,36103.36,False,0.41663408865952656,False,Medium
P2P-001664,2026-03-16 17:48:59+00:00,Industrial Systems,V-003,10382.61,False,0.48181450957415267,False,Medium
P2P-006178,2026-03-16 18:04:42+00:00,Consumer Products,V-077,72198.45,True,0.7837438692725102,True,High
P2P-006996,2026-03-16 18:19:11+00:00,Corporate Services,V-078,9293.47,True,0.4466818685279736,False,Medium
P2P-004443,2026-03-16 18:28:08+00:00,Industrial Systems,V-028,93634.61,False,0.3064390541989478,False,Medium
P2P-011508,2026-03-16 19:45:52+00:00,Consumer Products,V-018,24615.44,False,0.09077359169427063,False,Low
P2P-004718,2026-03-16 21:12:38+00:00,Industrial Systems,V-070,37248.11,True,0.8082090522415112,True,Critical
P2P-005041,2026-03-16 21:53:43+00:00,Industrial Systems,V-060,1195.85,False,0.4803022240806473,False,Medium
P2P-009040,2026-03-16 22:50:32+00:00,Consumer Products,V-055,3524.03,False,0.18086509164829512,False,Low
P2P-003869,2026-03-17 01:37:14+00:00,Industrial Systems,V-052,16077.55,True,0.8644466486513422,True,Critical
P2P-004236,2026-03-17 01:48:49+00:00,Consumer Products,V-004,7922.28,False,0.1416119185743689,False,Low
P2P-001577,2026-03-17 03:51:16+00:00,Corporate Services,V-080,5160.04,True,0.7095968223972919,True,High
P2P-000502,2026-03-17 04:40:19+00:00,Consumer Products,V-046,5464.47,False,0.269949200985821,False,Low
P2P-008954,2026-03-17 07:38:19+00:00,Industrial Systems,V-022,48621.88,True,0.8599279466579924,True,Critical
P2P-002590,2026-03-17 10:13:34+00:00,Industrial Systems,V-006,23986.57,False,0.1951308607582728,False,Low
P2P-009118,2026-03-17 10:24:26+00:00,Consumer Products,V-060,6165.48,True,0.9649561569551091,True,Critical
P2P-005652,2026-03-17 12:05:35+00:00,Industrial Systems,V-049,41040.31,False,0.7476797558839873,True,High
P2P-000223,2026-03-17 13:15:15+00:00,Consumer Products,V-059,5144.9,False,0.6859825127292748,True,High
P2P-006302,2026-03-17 13:26:36+00:00,Consumer Products,V-023,4773.7,False,0.2673876351751716,False,Low
P2P-002951,2026-03-17 14:50:41+00:00,Consumer Products,V-028,28354.62,False,0.38115912308857797,False,Medium
P2P-001789,2026-03-17 18:51:26+00:00,Industrial Systems,V-070,9899.04,True,0.7376666791059847,True,High
P2P-007597,2026-03-17 19:31:33+00:00,Consumer Products,V-008,10628.32,False,0.0783018703934955,False,Low
P2P-005411,2026-03-17 19:57:41+00:00,Consumer Products,V-061,22017.17,False,0.6878132355123894,True,High
P2P-010884,2026-03-17 20:05:02+00:00,Consumer Products,V-010,14637.46,False,0.6900025906225425,True,High
P2P-009531,2026-03-17 20:47:13+00:00,Consumer Products,V-058,13439.97,True,0.422750696067577,False,Medium
P2P-008004,2026-03-17 22:50:33+00:00,Industrial Systems,V-076,4611.61,True,0.5835465218893163,True,Medium
P2P-003341,2026-03-17 23:29:39+00:00,Corporate Services,V-078,6677.8,True,0.7123553466276646,True,High
P2P-009997,2026-03-17 23:38:45+00:00,Industrial Systems,V-013,9075.37,False,0.16602588106975472,False,Low
P2P-008572,2026-03-18 02:09:23+00:00,Consumer Products,V-056,51517.94,True,0.5041537215338106,True,Medium
P2P-007499,2026-03-18 04:29:13+00:00,Consumer Products,V-051,7233.91,True,0.8599124148475084,True,Critical
P2P-004897,2026-03-18 04:35:03+00:00,Consumer Products,V-018,10898.22,False,0.24765747757615897,False,Low
P2P-003617,2026-03-18 05:18:18+00:00,Industrial Systems,V-010,17129.22,False,0.029812707543707267,False,Low
P2P-003880,2026-03-18 05:44:09+00:00,Consumer Products,V-012,12772.69,False,0.11397915744138193,False,Low
P2P-007363,2026-03-18 06:43:47+00:00,Industrial Systems,V-005,154504.61,False,0.12939361128300678,False,Low
P2P-009461,2026-03-18 08:29:57+00:00,Industrial Systems,V-035,33972.62,True,0.28069186325303275,False,Low
P2P-008010,2026-03-18 09:47:03+00:00,Industrial Systems,V-061,48059.9,True,0.14310981778876256,False,Low
P2P-001624,2026-03-18 09:56:58+00:00,Corporate Services,V-048,13054.37,True,0.3893165855105935,False,Medium
P2P-008867,2026-03-18 10:38:03+00:00,Consumer Products,V-047,15650.25,True,0.8271291400272734,True,Critical
P2P-001971,2026-03-18 10:47:19+00:00,Consumer Products,V-068,21122.17,False,0.624843172156387,True,High
P2P-008325,2026-03-18 10:58:51+00:00,Consumer Products,V-051,40195.93,False,0.587625642879072,True,Medium
P2P-000852,2026-03-18 11:03:11+00:00,Industrial Systems,V-056,26023.75,False,0.3444949797251266,False,Medium
P2P-003459,2026-03-18 11:22:17+00:00,Consumer Products,V-050,12274.69,False,0.3918026600652195,False,Medium
P2P-009130,2026-03-18 12:03:08+00:00,Industrial Systems,V-079,49268.19,False,0.7173705933656631,True,High
P2P-011161,2026-03-18 12:29:59+00:00,Industrial Systems,V-027,2608.88,True,0.4234155652477476,False,Medium
P2P-005356,2026-03-18 12:35:38+00:00,Corporate Services,V-076,4975.19,True,0.9685472680785977,True,Critical
P2P-009109,2026-03-18 13:38:05+00:00,Corporate Services,V-036,55114.86,False,0.3190287850291959,False,Medium
P2P-008132,2026-03-18 14:36:23+00:00,Industrial Systems,V-064,15873.01,True,0.8705518458073035,True,Critical
P2P-001095,2026-03-18 14:45:34+00:00,Consumer Products,V-074,28001.53,True,0.7030620467362267,True,High
P2P-001845,2026-03-18 15:11:40+00:00,Corporate Services,V-011,20527.9,False,0.21555028731197737,False,Low
P2P-003731,2026-03-18 15:16:27+00:00,Consumer Products,V-029,38345.32,False,0.5374199064539635,True,Medium
P2P-002167,2026-03-18 17:31:31+00:00,Corporate Services,V-049,11326.26,True,0.818782176438408,True,Critical
P2P-000914,2026-03-18 19:08:31+00:00,Consumer Products,V-024,56891.77,True,0.45205581923260574,False,Medium
P2P-006949,2026-03-18 19:37:11+00:00,Industrial Systems,V-052,43796.71,True,0.8366664731541282,True,Critical
P2P-002029,2026-03-18 20:17:50+00:00,Consumer Products,V-037,74887.65,False,0.9082323093966564,True,Critical
P2P-010360,2026-03-18 20:29:36+00:00,Industrial Systems,V-032,12664.76,True,0.4184420677967748,False,Medium
P2P-005899,2026-03-18 21:55:33+00:00,Industrial Systems,V-034,4126.28,False,0.3218178018928805,False,Medium
P2P-003391,2026-03-18 22:43:51+00:00,Industrial Systems,V-069,56989.89,True,0.786027287889224,True,High
P2P-009711,2026-03-19 00:27:38+00:00,Industrial Systems,V-004,10704.48,False,0.2955722759543697,False,Low
P2P-005666,2026-03-19 00:45:43+00:00,Corporate Services,V-040,27596.62,False,0.5024260369784298,True,Medium
P2P-003297,2026-03-19 01:33:56+00:00,Consumer Products,V-060,24737.03,False,0.3209438851422049,False,Medium
P2P-004029,2026-03-19 03:04:31+00:00,Corporate Services,V-024,95729.06,False,0.22797729156065408,False,Low
P2P-011859,2026-03-19 03:08:15+00:00,Industrial Systems,V-028,33747.41,False,0.3434404582098604,False,Medium
P2P-000559,2026-03-19 03:16:18+00:00,Industrial Systems,V-058,22590.96,True,0.4219346956738517,False,Medium
P2P-000059,2026-03-19 03:27:50+00:00,Industrial Systems,V-012,9397.19,False,0.1615731652977704,False,Low
P2P-000582,2026-03-19 03:32:37+00:00,Consumer Products,V-050,23847.87,True,0.08692271908131367,False,Low
P2P-005178,2026-03-19 03:50:16+00:00,Industrial Systems,V-022,39787.15,True,0.40976493566009353,False,Medium
P2P-006751,2026-03-19 04:45:37+00:00,Corporate Services,V-037,32246.81,True,0.7828675286743406,True,High
P2P-005164,2026-03-19 07:07:30+00:00,Industrial Systems,V-039,19907.93,False,0.10999670637675334,False,Low
P2P-004510,2026-03-19 10:43:47+00:00,Corporate Services,V-065,23565.84,True,0.6594595376616488,True,High
P2P-000037,2026-03-19 10:53:07+00:00,Industrial Systems,V-078,5353.3,True,0.741829724391469,True,High
P2P-006304,2026-03-19 12:08:35+00:00,Consumer Products,V-022,19348.78,False,0.640862507302519,True,High
P2P-007144,2026-03-19 13:22:09+00:00,Consumer Products,V-074,16149.65,False,0.7719418919259073,True,High
P2P-002427,2026-03-19 13:25:21+00:00,Industrial Systems,V-044,19421.71,True,0.8142939594304233,True,Critical
P2P-000545,2026-03-19 19:06:34+00:00,Industrial Systems,V-050,4870.06,False,0.06340488706946519,False,Low
P2P-007538,2026-03-19 19:26:45+00:00,Corporate Services,V-037,101790.83,True,0.9012627657028224,True,Critical
P2P-009303,2026-03-19 19:51:12+00:00,Consumer Products,V-068,5443.6,False,0.2261183988707334,False,Low
P2P-010205,2026-03-19 21:44:09+00:00,Industrial Systems,V-075,4881.35,True,0.6915119425815616,True,High
P2P-011566,2026-03-19 22:11:45+00:00,Consumer Products,V-025,9103.98,True,0.27720997983286344,False,Low
P2P-008785,2026-03-19 23:58:04+00:00,Industrial Systems,V-042,2981.41,True,0.3311292401265658,False,Medium
P2P-001328,2026-03-20 01:40:47+00:00,Industrial Systems,V-074,11516.1,True,0.6390798252384113,True,High
P2P-001755,2026-03-20 01:50:07+00:00,Consumer Products,V-035,27865.88,False,0.18357249184175448,False,Low
P2P-010297,2026-03-20 03:47:03+00:00,Corporate Services,V-036,4653.37,False,0.24454484570846458,False,Low
P2P-002724,2026-03-20 04:33:13+00:00,Industrial Systems,V-064,8904.62,False,0.6461113823667779,True,High
P2P-009935,2026-03-20 04:55:13+00:00,Corporate Services,V-014,17235.96,True,0.7676237703185625,True,High
P2P-008242,2026-03-20 06:21:14+00:00,Corporate Services,V-018,22783.03,True,0.7549750599577816,True,High
P2P-007068,2026-03-20 08:52:16+00:00,Industrial Systems,V-079,9245.98,True,0.6394464460785,True,High
P2P-004665,2026-03-20 10:14:00+00:00,Corporate Services,V-071,5083.86,True,0.9029536196074444,True,Critical
P2P-006339,2026-03-20 13:00:08+00:00,Corporate Services,V-020,8497.06,False,0.08765762777167538,False,Low
P2P-009285,2026-03-20 14:33:05+00:00,Industrial Systems,V-022,11808.51,False,0.3515786281540713,False,Medium
P2P-003461,2026-03-20 15:23:30+00:00,Consumer Products,V-080,1637.56,False,0.6729377905793974,True,High
P2P-011707,2026-03-20 15:32:12+00:00,Industrial Systems,V-056,7305.67,False,0.302029083652632,False,Medium
P2P-001002,2026-03-20 16:05:11+00:00,Industrial Systems,V-069,8287.52,True,0.20545383949674798,False,Low
P2P-004716,2026-03-20 17:37:45+00:00,Industrial Systems,V-058,14437.4,False,0.30681517550934356,False,Medium
P2P-005088,2026-03-20 17:39:31+00:00,Industrial Systems,V-003,41750.72,False,0.2521530399861766,False,Low
P2P-008541,2026-03-20 18:38:28+00:00,Corporate Services,V-004,2751.04,False,0.1638290571525873,False,Low
P2P-006211,2026-03-20 21:12:03+00:00,Industrial Systems,V-068,89858.33,False,0.8035303649522726,True,Critical
P2P-011480,2026-03-20 21:45:15+00:00,Corporate Services,V-062,52074.94,True,0.9583214418092374,True,Critical
P2P-009783,2026-03-20 21:45:41+00:00,Consumer Products,V-060,1012.61,True,0.7746375542533712,True,High
P2P-001356,2026-03-20 22:46:49+00:00,Corporate Services,V-031,8495.62,False,0.13479949859168297,False,Low
P2P-011407,2026-03-20 23:54:14+00:00,Consumer Products,V-037,11100.8,False,0.26588293359042126,False,Low
P2P-009190,2026-03-21 00:31:31+00:00,Consumer Products,V-014,16400.96,True,0.7486621353026695,True,High
P2P-006241,2026-03-21 01:56:23+00:00,Consumer Products,V-055,5808.0,True,0.1594014229341218,False,Low
P2P-001889,2026-03-21 04:38:06+00:00,Industrial Systems,V-033,5900.63,True,0.355095144157567,False,Medium
P2P-007663,2026-03-21 07:16:54+00:00,Industrial Systems,V-050,8636.82,True,0.874074782965909,True,Critical
P2P-007027,2026-03-21 10:52:09+00:00,Consumer Products,V-049,22781.6,True,0.4473125850192534,False,Medium
P2P-011114,2026-03-21 12:08:27+00:00,Industrial Systems,V-045,8068.28,False,0.7796305778125311,True,High
P2P-009614,2026-03-21 13:02:38+00:00,Consumer Products,V-054,40024.11,True,0.43919501658617655,False,Medium
P2P-003339,2026-03-21 13:10:41+00:00,Industrial Systems,V-040,31256.74,False,0.06432465638019695,False,Low
P2P-002973,2026-03-21 16:02:16+00:00,Corporate Services,V-064,14211.59,True,0.8008640536140771,True,Critical
P2P-004391,2026-03-21 16:22:54+00:00,Industrial Systems,V-035,7074.27,False,0.29356221101179203,False,Low
P2P-004562,2026-03-21 17:33:23+00:00,Consumer Products,V-053,2109.12,True,0.5061926437097447,True,Medium
P2P-003898,2026-03-21 17:44:17+00:00,Corporate Services,V-010,8470.66,False,0.2975924645895895,False,Low
P2P-007524,2026-03-21 19:32:43+00:00,Industrial Systems,V-031,20264.9,False,0.35575976534277115,False,Medium
P2P-006710,2026-03-21 21:09:13+00:00,Corporate Services,V-063,24082.29,False,0.281521474727897,False,Low
P2P-000779,2026-03-21 23:01:07+00:00,Industrial Systems,V-044,42104.18,False,0.3198261560898141,False,Medium
P2P-005039,2026-03-21 23:21:51+00:00,Industrial Systems,V-016,15310.04,False,0.39675961460311965,False,Medium
P2P-011188,2026-03-22 01:19:28+00:00,Industrial Systems,V-069,13844.63,True,0.4756040394651224,False,Medium
P2P-002213,2026-03-22 02:21:28+00:00,Industrial Systems,V-002,6661.5,False,0.2091226773914477,False,Low
P2P-002233,2026-03-22 03:29:45+00:00,Industrial Systems,V-020,70205.93,True,0.3737625709766841,False,Medium
P2P-010172,2026-03-22 03:39:51+00:00,Consumer Products,V-014,10673.92,False,0.18213981495932088,False,Low
P2P-003090,2026-03-22 04:40:03+00:00,Industrial Systems,V-031,12510.23,False,0.24508183623751564,False,Low
P2P-009299,2026-03-22 07:59:01+00:00,Consumer Products,V-050,17166.52,True,0.5423629263326853,True,Medium
P2P-007913,2026-03-22 08:17:32+00:00,Industrial Systems,V-044,1534.42,True,0.8326205051886271,True,Critical
P2P-008187,2026-03-22 10:37:13+00:00,Industrial Systems,V-031,21180.82,False,0.15130720856540397,False,Low
P2P-007692,2026-03-22 10:38:10+00:00,Industrial Systems,V-044,22558.69,False,0.2995124282937603,False,Low
P2P-011453,2026-03-22 11:43:43+00:00,Industrial Systems,V-024,14878.03,True,0.8504594067578493,True,Critical
P2P-006349,2026-03-22 11:44:18+00:00,Industrial Systems,V-016,30479.16,False,0.7468167152883696,True,High
P2P-008815,2026-03-22 12:01:17+00:00,Industrial Systems,V-006,10912.14,False,0.16741661894336424,False,Low
P2P-001982,2026-03-22 13:47:04+00:00,Corporate Services,V-027,8372.69,True,0.3619603474479803,False,Medium
P2P-008616,2026-03-22 15:24:10+00:00,Industrial Systems,V-072,114249.98,False,0.8544427627413916,True,Critical
P2P-005482,2026-03-22 16:06:02+00:00,Corporate Services,V-057,21183.99,False,0.1500448210831121,False,Low
P2P-002206,2026-03-22 16:30:11+00:00,Consumer Products,V-046,64801.94,True,0.31142748921582936,False,Medium
P2P-005074,2026-03-22 16:31:16+00:00,Industrial Systems,V-055,7666.6,False,0.2427643639880172,False,Low
P2P-004031,2026-03-22 17:33:01+00:00,Consumer Products,V-056,31961.83,False,0.7133572100293506,True,High
P2P-001777,2026-03-22 18:11:27+00:00,Industrial Systems,V-047,3461.93,False,0.13493684742562245,False,Low
P2P-010096,2026-03-22 19:33:17+00:00,Industrial Systems,V-025,11918.41,False,0.07456790522458119,False,Low
P2P-002390,2026-03-22 19:44:25+00:00,Industrial Systems,V-069,23516.85,True,0.6941116756222288,True,High
P2P-003222,2026-03-22 20:07:05+00:00,Industrial Systems,V-002,33269.34,False,0.16683076437486363,False,Low
P2P-002774,2026-03-22 20:10:37+00:00,Industrial Systems,V-033,10472.7,True,0.2714463781169962,False,Low
P2P-008260,2026-03-22 21:53:53+00:00,Consumer Products,V-025,7147.26,True,0.445027907675532,False,Medium
P2P-006784,2026-03-22 22:15:16+00:00,Corporate Services,V-009,42141.56,True,0.7349751708945648,True,High
P2P-010445,2026-03-23 00:10:39+00:00,Industrial Systems,V-032,61326.74,True,0.895304918211713,True,Critical
P2P-002129,2026-03-23 00:20:19+00:00,Consumer Products,V-049,28691.96,False,0.356442227703373,False,Medium
P2P-008744,2026-03-23 00:38:39+00:00,Industrial Systems,V-061,12655.8,False,0.4530291098201676,False,Medium
P2P-001031,2026-03-23 02:06:19+00:00,Consumer Products,V-066,6429.93,True,0.6724348937583667,True,High
P2P-005135,2026-03-23 03:47:21+00:00,Industrial Systems,V-052,19426.68,False,0.3169084282370661,False,Medium
P2P-006572,2026-03-23 04:06:36+00:00,Consumer Products,V-073,17146.95,True,0.8562164075453524,True,Critical
P2P-003801,2026-03-23 04:07:27+00:00,Industrial Systems,V-019,5266.12,True,0.8821466189166065,True,Critical
P2P-008914,2026-03-23 04:43:12+00:00,Industrial Systems,V-080,14740.29,False,0.6416280100948393,True,High
P2P-007489,2026-03-23 05:42:26+00:00,Industrial Systems,V-008,70532.96,True,0.7070746584233588,True,High
P2P-005822,2026-03-23 06:25:22+00:00,Corporate Services,V-008,3004.79,True,0.15753514348580144,False,Low
P2P-000169,2026-03-23 06:59:07+00:00,Consumer Products,V-034,9221.15,True,0.8660925834135247,True,Critical
P2P-006001,2026-03-23 08:35:03+00:00,Corporate Services,V-023,7010.67,True,0.8919557878970606,True,Critical
P2P-010281,2026-03-23 08:44:19+00:00,Industrial Systems,V-024,6602.16,False,0.40712059702583425,False,Medium
P2P-005553,2026-03-23 09:24:48+00:00,Industrial Systems,V-031,19463.13,False,0.29714025449039044,False,Low
P2P-001622,2026-03-23 09:40:33+00:00,Consumer Products,V-078,110610.61,True,0.8395852888943285,True,Critical
P2P-000070,2026-03-23 10:51:14+00:00,Industrial Systems,V-066,11214.3,True,0.7059341817991553,True,High
P2P-009612,2026-03-23 11:43:32+00:00,Industrial Systems,V-023,5050.21,False,0.17538757268188002,False,Low
P2P-011983,2026-03-23 12:45:46+00:00,Industrial Systems,V-006,4826.03,False,0.19377946665413165,False,Low
P2P-001193,2026-03-23 13:45:24+00:00,Industrial Systems,V-006,23414.87,False,0.41906828577006644,False,Medium
P2P-009501,2026-03-23 17:44:40+00:00,Corporate Services,V-056,23705.21,True,0.5410340254816234,True,Medium
P2P-004164,2026-03-23 17:58:34+00:00,Industrial Systems,V-005,8611.79,False,0.07557279217101773,False,Low
P2P-010689,2026-03-23 18:34:33+00:00,Corporate Services,V-006,291766.92,False,0.3599828986645091,False,Medium
P2P-006149,2026-03-23 19:24:56+00:00,Industrial Systems,V-015,5416.07,False,0.03186720584766913,False,Low
P2P-001536,2026-03-23 21:03:47+00:00,Industrial Systems,V-002,103076.69,False,0.7276737946220247,True,High
P2P-002033,2026-03-23 22:37:18+00:00,Industrial Systems,V-006,7049.41,False,0.19225393613135514,False,Low
P2P-001665,2026-03-23 23:19:58+00:00,Corporate Services,V-036,4840.32,False,0.3340435910190957,False,Medium
P2P-001286,2026-03-24 01:55:05+00:00,Industrial Systems,V-069,2306.38,False,0.7009288694306314,True,High
P2P-009262,2026-03-24 02:31:53+00:00,Corporate Services,V-027,24297.33,False,0.1725917404096473,False,Low
P2P-007877,2026-03-24 04:55:54+00:00,Corporate Services,V-009,16764.91,False,0.05394121807168398,False,Low
P2P-009808,2026-03-24 07:59:35+00:00,Industrial Systems,V-005,22948.39,True,0.7680231669849278,True,High
P2P-011731,2026-03-24 11:36:45+00:00,Industrial Systems,V-028,27667.41,True,0.4149928639008534,False,Medium
P2P-005912,2026-03-24 13:06:21+00:00,Industrial Systems,V-014,18348.64,True,0.662954041112387,True,High
P2P-004725,2026-03-24 13:38:59+00:00,Corporate Services,V-033,13929.02,False,0.11760886304491032,False,Low
P2P-003549,2026-03-24 14:25:59+00:00,Industrial Systems,V-009,8664.43,False,0.2707630576935182,False,Low
P2P-009455,2026-03-24 16:21:47+00:00,Corporate Services,V-001,7462.75,False,0.27600114836358003,False,Low
P2P-006121,2026-03-24 18:05:21+00:00,Industrial Systems,V-039,19575.12,True,0.9427178068642208,True,Critical
P2P-003426,2026-03-24 18:23:10+00:00,Consumer Products,V-041,6184.59,True,0.8471820143086138,True,Critical
P2P-004793,2026-03-24 19:33:46+00:00,Industrial Systems,V-033,14648.63,True,0.686521833418036,True,High
P2P-002296,2026-03-24 21:16:16+00:00,Industrial Systems,V-054,32535.59,False,0.09031839501071624,False,Low
P2P-010544,2026-03-24 22:24:24+00:00,Industrial Systems,V-033,21658.38,True,0.4374839172566175,False,Medium
P2P-005143,2026-03-24 22:36:53+00:00,Industrial Systems,V-040,29083.17,False,0.7370700630284828,True,High
P2P-001263,2026-03-24 23:05:32+00:00,Consumer Products,V-069,3796.47,True,0.7456859461173203,True,High
P2P-003831,2026-03-25 00:47:09+00:00,Consumer Products,V-039,32644.77,False,0.6605564758509436,True,High
P2P-000530,2026-03-25 01:05:12+00:00,Consumer Products,V-048,47048.68,False,0.6298033342216847,True,High
P2P-002355,2026-03-25 01:51:29+00:00,Industrial Systems,V-055,105906.57,False,0.37733515150043184,False,Medium
P2P-009964,2026-03-25 02:20:12+00:00,Consumer Products,V-064,4057.87,False,0.6677495148143222,True,High
P2P-003573,2026-03-25 03:45:28+00:00,Consumer Products,V-057,9945.41,True,0.8604510029591798,True,Critical
P2P-000586,2026-03-25 04:17:28+00:00,Industrial Systems,V-050,59694.82,False,0.6565432381920129,True,High
P2P-008498,2026-03-25 05:25:31+00:00,Industrial Systems,V-006,11798.23,True,0.7640922960827707,True,High
P2P-000177,2026-03-25 06:34:49+00:00,Industrial Systems,V-024,7470.22,False,0.3633406711587422,False,Medium
P2P-008774,2026-03-25 08:58:37+00:00,Industrial Systems,V-001,2662.32,False,0.17566232032225668,False,Low
P2P-008198,2026-03-25 09:01:43+00:00,Industrial Systems,V-071,15901.47,True,0.7748598266874483,True,High
P2P-006523,2026-03-25 11:36:36+00:00,Industrial Systems,V-020,40031.0,True,0.3345569191385393,False,Medium
P2P-003794,2026-03-25 13:06:15+00:00,Industrial Systems,V-068,10939.77,True,0.6168419912185851,True,High
P2P-009322,2026-03-25 14:47:36+00:00,Consumer Products,V-028,4723.33,False,0.3012822573244254,False,Medium
P2P-006726,2026-03-25 16:15:11+00:00,Corporate Services,V-066,45055.89,True,0.41632523676456507,False,Medium
P2P-006649,2026-03-25 16:34:25+00:00,Industrial Systems,V-012,49615.03,False,0.3235189024942333,False,Medium
P2P-006234,2026-03-25 16:34:59+00:00,Corporate Services,V-025,109384.38,False,0.16233245151296433,False,Low
P2P-004473,2026-03-25 20:30:38+00:00,Industrial Systems,V-008,12583.96,False,0.156314293857741,False,Low
P2P-010154,2026-03-25 21:47:14+00:00,Industrial Systems,V-036,47003.65,False,0.373059863135198,False,Medium
P2P-003694,2026-03-25 23:00:57+00:00,Industrial Systems,V-021,7290.02,False,0.18252714023315564,False,Low
P2P-006385,2026-03-26 03:57:52+00:00,Consumer Products,V-079,76959.29,False,0.7631945301447803,True,High
P2P-003433,2026-03-26 04:30:59+00:00,Corporate Services,V-030,19746.96,False,0.2642793560912025,False,Low
P2P-005402,2026-03-26 07:08:58+00:00,Industrial Systems,V-007,8191.34,True,0.25526852836541264,False,Low
P2P-009056,2026-03-26 08:19:56+00:00,Industrial Systems,V-021,28875.14,True,0.8955644401043863,True,Critical
P2P-007829,2026-03-26 08:50:25+00:00,Consumer Products,V-014,8252.92,False,0.25819912373441256,False,Low
P2P-008704,2026-03-26 10:13:54+00:00,Consumer Products,V-007,5678.76,False,0.21825782303477098,False,Low
P2P-010857,2026-03-26 12:02:17+00:00,Consumer Products,V-074,10078.91,True,0.4668340709931908,False,Medium
P2P-004780,2026-03-26 12:24:11+00:00,Corporate Services,V-065,50733.76,True,0.8462808967554499,True,Critical
P2P-011836,2026-03-26 15:19:44+00:00,Industrial Systems,V-001,62546.25,False,0.04798363562430843,False,Low
P2P-008726,2026-03-26 16:39:45+00:00,Industrial Systems,V-020,29555.39,True,0.865062597729284,True,Critical
P2P-008984,2026-03-26 16:41:01+00:00,Industrial Systems,V-055,156714.54,False,0.2286319697134037,False,Low
P2P-008107,2026-03-26 17:06:03+00:00,Industrial Systems,V-069,152509.98,False,0.8270017486926324,True,Critical
P2P-009133,2026-03-26 17:37:53+00:00,Corporate Services,V-020,19483.44,False,0.1397340651332449,False,Low
P2P-011820,2026-03-26 19:43:26+00:00,Industrial Systems,V-049,43692.36,False,0.12266403483491031,False,Low
P2P-009897,2026-03-26 20:24:20+00:00,Corporate Services,V-051,2917.01,True,0.8807573600539372,True,Critical
P2P-006548,2026-03-26 20:33:22+00:00,Industrial Systems,V-068,9281.42,True,0.8177384447743334,True,Critical
P2P-006908,2026-03-26 20:41:40+00:00,Consumer Products,V-051,14401.44,True,0.8192773577780128,True,Critical
P2P-008950,2026-03-26 22:36:02+00:00,Corporate Services,V-060,4755.99,False,0.632719695270179,True,High
P2P-008397,2026-03-26 23:31:03+00:00,Consumer Products,V-007,81959.88,False,0.7796294287257307,True,High
P2P-009340,2026-03-26 23:48:58+00:00,Consumer Products,V-070,2228.33,True,0.6740762580513403,True,High
P2P-005366,2026-03-27 00:32:28+00:00,Consumer Products,V-047,9729.83,False,0.028896658825251845,False,Low
P2P-005252,2026-03-27 02:08:48+00:00,Corporate Services,V-063,27865.15,False,0.7298766171541912,True,High
P2P-003981,2026-03-27 03:06:42+00:00,Consumer Products,V-042,2624.84,True,0.9355849142330085,True,Critical
P2P-009085,2026-03-27 03:26:18+00:00,Corporate Services,V-030,2882.12,False,0.17743266821330053,False,Low
P2P-007095,2026-03-27 04:43:39+00:00,Consumer Products,V-079,63803.64,False,0.5259374426589493,True,Medium
P2P-005207,2026-03-27 06:42:11+00:00,Consumer Products,V-043,12725.27,False,0.18258638699546456,False,Low
P2P-007402,2026-03-27 07:56:08+00:00,Industrial Systems,V-063,12520.35,True,0.7025261229620315,True,High
P2P-000753,2026-03-27 08:30:05+00:00,Industrial Systems,V-064,13691.67,True,0.4163479102747447,False,Medium
P2P-007526,2026-03-27 08:30:24+00:00,Corporate Services,V-032,12734.53,True,0.862887537256717,True,Critical
P2P-003524,2026-03-27 08:35:28+00:00,Corporate Services,V-042,89066.38,False,0.16849183924073524,False,Low
P2P-003255,2026-03-27 08:49:38+00:00,Consumer Products,V-031,12908.02,True,0.8311723870944386,True,Critical
P2P-004294,2026-03-27 12:33:33+00:00,Consumer Products,V-003,11126.69,False,0.26117764131850074,False,Low
P2P-004152,2026-03-27 12:58:26+00:00,Industrial Systems,V-061,7731.07,False,0.5350043716887406,True,Medium
P2P-002828,2026-03-27 13:58:19+00:00,Industrial Systems,V-003,12540.78,False,0.7562149084160832,True,High
P2P-004949,2026-03-27 15:00:05+00:00,Industrial Systems,V-038,86605.8,True,0.12739832805348317,False,Low
P2P-007658,2026-03-27 16:24:06+00:00,Industrial Systems,V-060,3180.48,False,0.7894342731756653,True,High
P2P-001153,2026-03-27 17:32:02+00:00,Corporate Services,V-031,32385.62,True,0.8519058265332886,True,Critical
P2P-010571,2026-03-27 18:29:08+00:00,Industrial Systems,V-065,8774.22,False,0.7446779080683027,True,High
P2P-003209,2026-03-27 19:25:06+00:00,Consumer Products,V-015,21315.27,False,0.19884493842632528,False,Low
P2P-006194,2026-03-27 21:23:44+00:00,Industrial Systems,V-049,15974.59,False,0.27322047891096285,False,Low
P2P-001618,2026-03-27 23:09:20+00:00,Industrial Systems,V-004,6818.14,False,0.08150759895464726,False,Low
P2P-011575,2026-03-27 23:41:24+00:00,Consumer Products,V-034,10237.29,False,0.2828842522854404,False,Low
P2P-007994,2026-03-27 23:53:08+00:00,Corporate Services,V-067,22306.97,False,0.7006576883360462,True,High
P2P-011081,2026-03-28 01:05:33+00:00,Industrial Systems,V-049,63769.65,False,0.4016489967468078,False,Medium
P2P-006460,2026-03-28 01:37:17+00:00,Corporate Services,V-001,11981.21,False,0.19013116464485744,False,Low
P2P-003412,2026-03-28 02:28:07+00:00,Industrial Systems,V-078,25715.56,False,0.4977630424220123,False,Medium
P2P-005855,2026-03-28 02:28:24+00:00,Corporate Services,V-035,26267.83,True,0.307258070997307,False,Medium
P2P-009475,2026-03-28 04:16:46+00:00,Industrial Systems,V-045,31797.88,True,0.9313022655034002,True,Critical
P2P-000498,2026-03-28 04:38:50+00:00,Industrial Systems,V-043,15261.49,False,0.18764112413325174,False,Low
P2P-009552,2026-03-28 04:44:14+00:00,Consumer Products,V-022,15670.03,False,0.39413049388116284,False,Medium
P2P-001637,2026-03-28 04:49:56+00:00,Consumer Products,V-066,51495.25,False,0.7568660079040292,True,High
P2P-001942,2026-03-28 05:26:14+00:00,Corporate Services,V-042,22106.27,False,0.2886422755708935,False,Low
P2P-004919,2026-03-28 05:36:36+00:00,Corporate Services,V-032,37760.58,True,0.6302894842056622,True,High
P2P-003745,2026-03-28 06:37:23+00:00,Consumer Products,V-046,22606.49,False,0.2513393883041528,False,Low
P2P-008430,2026-03-28 07:07:29+00:00,Industrial Systems,V-013,8154.21,False,0.27982721354310724,False,Low
P2P-009326,2026-03-28 10:24:08+00:00,Industrial Systems,V-003,68349.21,False,0.19153350786857126,False,Low
P2P-007157,2026-03-28 10:30:11+00:00,Consumer Products,V-049,70196.0,False,0.11819259935884419,False,Low
P2P-009795,2026-03-28 10:42:14+00:00,Industrial Systems,V-010,34161.25,False,0.20253840791095104,False,Low
P2P-004274,2026-03-28 11:42:47+00:00,Consumer Products,V-030,10312.36,False,0.09403832724879506,False,Low
P2P-005656,2026-03-28 13:18:09+00:00,Consumer Products,V-026,11740.58,False,0.38847456745476455,False,Medium
P2P-010029,2026-03-28 15:52:40+00:00,Corporate Services,V-030,4026.73,False,0.16146846644262627,False,Low
P2P-009031,2026-03-28 17:10:07+00:00,Industrial Systems,V-030,9252.64,False,0.26991265809370363,False,Low
P2P-000601,2026-03-28 19:17:52+00:00,Corporate Services,V-022,15050.91,False,0.36243373969554155,False,Medium
P2P-004109,2026-03-28 19:50:03+00:00,Consumer Products,V-045,8766.27,False,0.219885789731557,False,Low
P2P-009591,2026-03-28 19:59:36+00:00,Industrial Systems,V-062,29542.67,True,0.9548798880228582,True,Critical
P2P-009184,2026-03-28 21:17:32+00:00,Consumer Products,V-042,5308.09,False,0.09240734685299244,False,Low
P2P-006184,2026-03-28 22:33:47+00:00,Industrial Systems,V-016,50239.55,False,0.6839102077220155,True,High
P2P-001550,2026-03-28 22:58:31+00:00,Corporate Services,V-020,23172.28,False,0.32346186380746766,False,Medium
P2P-006640,2026-03-28 23:20:47+00:00,Industrial Systems,V-003,10009.07,False,0.1312842072405479,False,Low
P2P-007749,2026-03-29 01:03:46+00:00,Consumer Products,V-034,7868.97,False,0.35363643988098586,False,Medium
P2P-011399,2026-03-29 01:29:48+00:00,Industrial Systems,V-056,22941.39,False,0.27266359626000874,False,Low
P2P-004225,2026-03-29 02:25:26+00:00,Corporate Services,V-051,8072.03,False,0.27885139928229824,False,Low
P2P-004280,2026-03-29 02:28:26+00:00,Corporate Services,V-011,56251.74,False,0.23103523885873936,False,Low
P2P-009675,2026-03-29 04:02:03+00:00,Corporate Services,V-073,107391.09,False,0.5717148487246304,True,Medium
P2P-000101,2026-03-29 04:51:36+00:00,Industrial Systems,V-073,2974.77,False,0.5417057856859876,True,Medium
P2P-011123,2026-03-29 05:12:21+00:00,Corporate Services,V-034,8077.35,False,0.20099704708444388,False,Low
P2P-002147,2026-03-29 05:41:35+00:00,Consumer Products,V-021,85628.4,True,0.39245251757101446,False,Medium
P2P-005471,2026-03-29 09:10:26+00:00,Corporate Services,V-053,6307.61,False,0.12423550008419647,False,Low
P2P-006481,2026-03-29 10:43:40+00:00,Consumer Products,V-057,9414.76,True,0.8427080138266733,True,Critical
P2P-005391,2026-03-29 13:00:28+00:00,Corporate Services,V-066,2699.83,True,0.9319266330453051,True,Critical
P2P-010262,2026-03-29 13:17:50+00:00,Consumer Products,V-021,100395.3,False,0.36613173584209285,False,Medium
P2P-005049,2026-03-29 13:49:43+00:00,Industrial Systems,V-019,29200.13,False,0.2533114774771623,False,Low
P2P-001780,2026-03-29 14:01:51+00:00,Consumer Products,V-076,45501.08,True,0.43317943752903615,False,Medium
P2P-000482,2026-03-29 19:07:24+00:00,Consumer Products,V-037,7634.57,True,0.7658271746173276,True,High
P2P-004999,2026-03-29 20:12:30+00:00,Corporate Services,V-037,58930.87,False,0.3554459341094041,False,Medium
P2P-010958,2026-03-29 20:31:39+00:00,Corporate Services,V-045,10900.33,False,0.2349560548990125,False,Low
P2P-003294,2026-03-29 21:58:24+00:00,Industrial Systems,V-019,20929.04,False,0.3470040210845696,False,Medium
P2P-000006,2026-03-29 22:35:01+00:00,Consumer Products,V-042,10202.92,False,0.4189983659735773,False,Medium
P2P-008740,2026-03-29 23:49:00+00:00,Industrial Systems,V-076,1671.73,True,0.6299502098173204,True,High
P2P-009230,2026-03-30 02:34:12+00:00,Industrial Systems,V-077,11440.58,True,0.7926378927891172,True,High
P2P-003758,2026-03-30 02:41:07+00:00,Corporate Services,V-041,21165.5,False,0.3706022832489227,False,Medium
P2P-002000,2026-03-30 03:45:06+00:00,Industrial Systems,V-020,9466.0,False,0.2817524981109443,False,Low
P2P-001803,2026-03-30 04:02:51+00:00,Corporate Services,V-063,2615.04,True,0.9669069620298838,True,Critical
P2P-006005,2026-03-30 04:16:35+00:00,Industrial Systems,V-053,10903.48,True,0.45962403012181263,False,Medium
P2P-004485,2026-03-30 06:39:24+00:00,Consumer Products,V-048,75041.76,True,0.5818918293257832,True,Medium
P2P-009102,2026-03-30 06:50:02+00:00,Corporate Services,V-038,15978.8,True,0.8206645117247655,True,Critical
P2P-003763,2026-03-30 07:07:57+00:00,Corporate Services,V-010,7808.2,False,0.021220882051349307,False,Low
P2P-001049,2026-03-30 08:03:36+00:00,Industrial Systems,V-021,7537.98,False,0.27778084240329093,False,Low
P2P-011283,2026-03-30 09:25:37+00:00,Corporate Services,V-006,20749.77,False,0.2092814398120221,False,Low
P2P-010232,2026-03-30 10:30:42+00:00,Corporate Services,V-035,23010.55,False,0.1331293573308217,False,Low
P2P-010267,2026-03-30 11:18:11+00:00,Consumer Products,V-034,43230.57,True,0.842948234233532,True,Critical
P2P-007943,2026-03-30 11:20:27+00:00,Industrial Systems,V-045,9139.28,False,0.10610406758636932,False,Low
P2P-006887,2026-03-30 12:04:17+00:00,Industrial Systems,V-039,13759.01,False,0.3327350996900074,False,Medium
P2P-002239,2026-03-30 13:09:59+00:00,Industrial Systems,V-034,4280.38,False,0.08242856063828692,False,Low
P2P-004237,2026-03-30 13:48:41+00:00,Consumer Products,V-002,40106.25,False,0.05171606199150402,False,Low
P2P-005170,2026-03-30 13:50:19+00:00,Corporate Services,V-031,8476.3,False,0.3045572870976143,False,Medium
P2P-004457,2026-03-30 14:30:18+00:00,Industrial Systems,V-021,5036.82,False,0.41619561442860603,False,Medium
P2P-001343,2026-03-30 15:39:49+00:00,Industrial Systems,V-001,36488.65,False,0.6367235235698948,True,High
P2P-009601,2026-03-30 15:42:03+00:00,Industrial Systems,V-075,11608.9,True,0.4903765400961692,False,Medium
P2P-007186,2026-03-30 18:48:17+00:00,Industrial Systems,V-003,10479.95,False,0.17237209081856958,False,Low
P2P-003001,2026-03-30 19:36:32+00:00,Industrial Systems,V-044,1990.14,True,0.3673753665326018,False,Medium
P2P-006413,2026-03-30 20:20:22+00:00,Industrial Systems,V-056,28332.28,True,0.6024363502304322,True,High
P2P-004448,2026-03-30 21:07:11+00:00,Industrial Systems,V-007,4293.1,False,0.06817151153143271,False,Low
P2P-002691,2026-03-30 22:01:38+00:00,Industrial Systems,V-007,73160.4,True,0.2909890545660923,False,Low
P2P-006103,2026-03-31 00:34:56+00:00,Corporate Services,V-036,25565.72,False,0.30235167827001364,False,Medium
P2P-007727,2026-03-31 00:51:38+00:00,Industrial Systems,V-031,189576.01,True,0.8953734542672043,True,Critical
P2P-011392,2026-03-31 01:39:16+00:00,Consumer Products,V-058,41608.27,True,0.397085309513492,False,Medium
P2P-010549,2026-03-31 01:47:17+00:00,Consumer Products,V-024,6020.22,False,0.40100462664184944,False,Medium
P2P-000311,2026-03-31 04:03:23+00:00,Consumer Products,V-053,12347.65,False,0.4268308954680084,False,Medium
P2P-002302,2026-03-31 04:55:16+00:00,Corporate Services,V-027,4162.93,False,0.35515515045923307,False,Medium
P2P-004929,2026-03-31 06:29:51+00:00,Industrial Systems,V-026,18467.79,False,0.3965459750126581,False,Medium
P2P-007335,2026-03-31 10:01:28+00:00,Industrial Systems,V-065,41498.26,False,0.9202228202966829,True,Critical
P2P-002252,2026-03-31 10:12:53+00:00,Industrial Systems,V-077,1289.82,False,0.35755809471065886,False,Medium
P2P-003044,2026-03-31 10:45:29+00:00,Consumer Products,V-040,31065.99,True,0.856300785834463,True,Critical
P2P-006419,2026-03-31 11:55:16+00:00,Corporate Services,V-041,8201.41,True,0.14403429583269692,False,Low
P2P-004920,2026-03-31 11:57:18+00:00,Consumer Products,V-078,31976.27,False,0.802408760036775,True,Critical
P2P-008081,2026-03-31 12:33:29+00:00,Corporate Services,V-068,51643.98,False,0.854325623824253,True,Critical
P2P-005186,2026-03-31 12:52:51+00:00,Consumer Products,V-053,11893.5,False,0.29616827314782895,False,Low
P2P-001758,2026-03-31 13:08:45+00:00,Industrial Systems,V-032,7603.59,True,0.30039896014668493,False,Medium
P2P-000131,2026-03-31 15:05:00+00:00,Consumer Products,V-032,13560.57,False,0.4663870042769466,False,Medium
P2P-010175,2026-03-31 17:37:43+00:00,Industrial Systems,V-037,9819.88,False,0.314663099002119,False,Medium
P2P-002084,2026-03-31 18:07:07+00:00,Consumer Products,V-064,4867.33,True,0.9465070151914885,True,Critical
P2P-010589,2026-03-31 18:11:40+00:00,Industrial Systems,V-034,3451.26,False,0.24749160731954048,False,Low
P2P-010781,2026-03-31 18:29:55+00:00,Industrial Systems,V-079,499.25,True,0.6582266607405526,True,High
P2P-002303,2026-03-31 21:13:27+00:00,Industrial Systems,V-069,6412.44,True,0.6249127157138012,True,High
P2P-006505,2026-04-01 01:13:47+00:00,Industrial Systems,V-052,19442.42,False,0.474628952944258,False,Medium
P2P-005147,2026-04-01 01:40:55+00:00,Consumer Products,V-060,44955.85,True,0.8473577808809397,True,Critical
P2P-001402,2026-04-01 02:09:26+00:00,Industrial Systems,V-026,4754.81,False,0.236628527514158,False,Low
P2P-011806,2026-04-01 03:04:16+00:00,Corporate Services,V-027,22095.55,True,0.4021462513585303,False,Medium
P2P-002498,2026-04-01 03:54:05+00:00,Industrial Systems,V-051,10828.31,False,0.29568194679610454,False,Low
P2P-008722,2026-04-01 04:57:25+00:00,Corporate Services,V-050,9164.68,False,0.09824984072000106,False,Low
P2P-004611,2026-04-01 06:42:43+00:00,Consumer Products,V-051,6725.35,True,0.8108128414618561,True,Critical
P2P-011968,2026-04-01 06:46:14+00:00,Corporate Services,V-001,7228.78,False,0.8101649867695968,True,Critical
P2P-011431,2026-04-01 11:02:07+00:00,Consumer Products,V-001,7019.62,False,0.21812981808043777,False,Low
P2P-003348,2026-04-01 12:36:14+00:00,Corporate Services,V-004,2167.62,False,0.6353249849019204,True,High
P2P-005848,2026-04-01 13:07:10+00:00,Corporate Services,V-022,89920.15,True,0.39727211053430866,False,Medium
P2P-003396,2026-04-01 13:58:48+00:00,Corporate Services,V-027,300000.0,False,0.6279772703611143,True,High
P2P-000512,2026-04-01 14:30:12+00:00,Corporate Services,V-063,17926.49,False,0.6576370922072509,True,High
P2P-002850,2026-04-01 17:25:12+00:00,Consumer Products,V-019,1298.25,False,0.3731362578664061,False,Medium
P2P-004047,2026-04-01 17:31:52+00:00,Industrial Systems,V-041,16749.52,False,0.45865277565894375,False,Medium
P2P-009687,2026-04-01 19:46:49+00:00,Consumer Products,V-064,16861.79,True,0.9866861208780224,True,Critical
P2P-006725,2026-04-01 19:50:56+00:00,Corporate Services,V-012,16467.77,True,0.2181725412166317,False,Low
P2P-002817,2026-04-01 21:19:48+00:00,Industrial Systems,V-028,9700.34,True,0.2729601088109734,False,Low
P2P-005369,2026-04-01 22:35:37+00:00,Corporate Services,V-060,9041.48,True,0.6522001975441354,True,High
P2P-011028,2026-04-02 00:48:50+00:00,Industrial Systems,V-076,23347.08,False,0.6558331403701126,True,High
P2P-005290,2026-04-02 03:00:22+00:00,Industrial Systems,V-054,7583.5,False,0.2933090881696196,False,Low
P2P-002094,2026-04-02 03:00:44+00:00,Corporate Services,V-027,4680.28,False,0.3420482083537921,False,Medium
P2P-009592,2026-04-02 03:23:00+00:00,Consumer Products,V-050,15513.97,False,0.2724138360759748,False,Low
P2P-008589,2026-04-02 04:57:02+00:00,Consumer Products,V-033,13428.17,False,0.4076155123346332,False,Medium
P2P-010580,2026-04-02 05:22:00+00:00,Industrial Systems,V-049,51277.59,False,0.3999817553453529,False,Medium
P2P-001075,2026-04-02 06:19:36+00:00,Corporate Services,V-060,7875.87,True,0.6239601725309692,True,High
P2P-004699,2026-04-02 07:20:59+00:00,Industrial Systems,V-025,11128.26,False,0.4624858383550744,False,Medium
P2P-005911,2026-04-02 07:47:26+00:00,Industrial Systems,V-022,10731.65,True,0.06313162933447532,False,Low
P2P-004346,2026-04-02 08:34:04+00:00,Consumer Products,V-036,6194.36,False,0.27994575102532604,False,Low
P2P-002801,2026-04-02 10:16:40+00:00,Consumer Products,V-012,23170.2,True,0.7435930222492676,True,High
P2P-005680,2026-04-02 10:31:09+00:00,Consumer Products,V-044,27138.3,False,0.18070055126767193,False,Low
P2P-009950,2026-04-02 14:30:07+00:00,Corporate Services,V-035,4601.82,False,0.09311333841871017,False,Low
P2P-002385,2026-04-02 14:35:04+00:00,Industrial Systems,V-057,72023.13,False,0.46301609552357137,False,Medium
P2P-000853,2026-04-02 20:00:54+00:00,Corporate Services,V-053,25071.48,False,0.2964325673296868,False,Low
P2P-009094,2026-04-02 20:42:29+00:00,Consumer Products,V-053,5754.69,False,0.2748114014618799,False,Low
P2P-007632,2026-04-02 21:02:36+00:00,Consumer Products,V-021,6227.66,False,0.29832250366346846,False,Low
P2P-004419,2026-04-02 22:52:14+00:00,Industrial Systems,V-051,18305.35,True,0.3749199704097744,False,Medium
P2P-008312,2026-04-02 23:00:49+00:00,Industrial Systems,V-001,17449.05,False,0.7054115775096287,True,High
P2P-002921,2026-04-02 23:21:57+00:00,Corporate Services,V-040,14393.57,False,0.042185616630214355,False,Low
P2P-011027,2026-04-03 00:26:45+00:00,Corporate Services,V-030,26999.79,True,0.7888915610105844,True,High
P2P-005900,2026-04-03 00:37:11+00:00,Industrial Systems,V-065,20490.34,True,0.985998205547554,True,Critical
P2P-006785,2026-04-03 02:08:53+00:00,Industrial Systems,V-042,11158.7,False,0.08290647656312712,False,Low
P2P-011468,2026-04-03 02:31:27+00:00,Consumer Products,V-018,28567.7,False,0.060866286900988435,False,Low
P2P-009244,2026-04-03 04:25:07+00:00,Industrial Systems,V-035,20554.05,False,0.1674956854989342,False,Low
P2P-010845,2026-04-03 04:31:29+00:00,Corporate Services,V-055,27788.85,False,0.1587285590989832,False,Low
P2P-006307,2026-04-03 04:35:31+00:00,Industrial Systems,V-008,1776.67,False,0.15408221355948593,False,Low
P2P-011882,2026-04-03 08:26:29+00:00,Industrial Systems,V-076,57202.17,True,0.9712562879401726,True,Critical
P2P-005172,2026-04-03 08:38:42+00:00,Industrial Systems,V-004,8330.39,False,0.1834217902606454,False,Low
P2P-010270,2026-04-03 12:22:52+00:00,Industrial Systems,V-058,10762.41,False,0.4183870420476767,False,Medium
P2P-002495,2026-04-03 14:31:40+00:00,Industrial Systems,V-061,12964.49,False,0.49247160393432315,False,Medium
P2P-007199,2026-04-03 17:26:37+00:00,Industrial Systems,V-016,28338.6,True,0.3424952244092015,False,Medium
P2P-007497,2026-04-03 20:06:08+00:00,Consumer Products,V-061,29486.67,False,0.7162270605962932,True,High
P2P-009305,2026-04-03 21:41:52+00:00,Corporate Services,V-033,218607.31,False,0.5729331504569536,True,Medium
P2P-004643,2026-04-03 22:17:16+00:00,Industrial Systems,V-060,14113.08,False,0.7933165288964843,True,High
P2P-003170,2026-04-04 01:04:34+00:00,Consumer Products,V-055,3533.15,False,0.261804487397682,False,Low
P2P-011093,2026-04-04 02:01:14+00:00,Industrial Systems,V-051,4606.07,False,0.06700260126623854,False,Low
P2P-006838,2026-04-04 02:45:14+00:00,Consumer Products,V-001,54866.81,True,0.7250760932806982,True,High
P2P-001964,2026-04-04 03:09:20+00:00,Industrial Systems,V-027,11954.4,False,0.1410781819601386,False,Low
P2P-003289,2026-04-04 03:46:07+00:00,Corporate Services,V-021,27483.49,True,0.8028268929465656,True,Critical
P2P-004313,2026-04-04 03:48:03+00:00,Industrial Systems,V-043,3047.11,False,0.2809675611777408,False,Low
P2P-001207,2026-04-04 05:47:10+00:00,Corporate Services,V-073,3248.56,True,0.47307100430982607,False,Medium
P2P-005276,2026-04-04 07:06:34+00:00,Corporate Services,V-051,21764.49,False,0.30254970221833544,False,Medium
P2P-002931,2026-04-04 08:31:38+00:00,Industrial Systems,V-056,3854.49,False,0.43773641986830775,False,Medium
P2P-006507,2026-04-04 09:32:41+00:00,Industrial Systems,V-016,39022.95,False,0.16200820080572384,False,Low
P2P-002419,2026-04-04 10:04:19+00:00,Industrial Systems,V-012,2837.25,False,0.13279304851091447,False,Low
P2P-001600,2026-04-04 10:43:30+00:00,Industrial Systems,V-037,8307.91,False,0.11763036708849994,False,Low
P2P-007431,2026-04-04 15:02:45+00:00,Industrial Systems,V-074,14434.51,False,0.6873651740826198,True,High
P2P-009497,2026-04-04 18:02:37+00:00,Consumer Products,V-035,49953.5,True,0.9039831493699876,True,Critical
P2P-007350,2026-04-04 20:38:54+00:00,Industrial Systems,V-079,5892.62,True,0.7638771765626283,True,High
P2P-005292,2026-04-04 21:41:00+00:00,Industrial Systems,V-018,4423.66,False,0.12044705351112145,False,Low
P2P-003233,2026-04-04 23:47:12+00:00,Industrial Systems,V-071,9420.17,True,0.9760760962738687,True,Critical
P2P-002326,2026-04-04 23:54:41+00:00,Consumer Products,V-021,10443.18,False,0.36639905651120674,False,Medium
P2P-009596,2026-04-05 01:00:18+00:00,Industrial Systems,V-030,30872.93,True,0.8936006495793284,True,Critical
P2P-009409,2026-04-05 02:51:47+00:00,Corporate Services,V-063,82804.98,True,0.979029381093636,True,Critical
P2P-009204,2026-04-05 04:02:15+00:00,Industrial Systems,V-064,25030.08,True,0.7683184103945087,True,High
P2P-004154,2026-04-05 05:20:16+00:00,Industrial Systems,V-030,11959.36,False,0.36171888831298704,False,Medium
P2P-011838,2026-04-05 06:35:58+00:00,Corporate Services,V-054,1519.95,False,0.3069798693166125,False,Medium
P2P-009433,2026-04-05 06:51:06+00:00,Consumer Products,V-066,17844.0,True,0.45189970639008487,False,Medium
P2P-007525,2026-04-05 06:52:18+00:00,Industrial Systems,V-079,6991.33,False,0.6631744526494289,True,High
P2P-005634,2026-04-05 10:22:54+00:00,Corporate Services,V-080,3486.41,False,0.814205327155367,True,Critical
P2P-008330,2026-04-05 10:33:07+00:00,Industrial Systems,V-059,13361.23,False,0.7039528286528566,True,High
P2P-007329,2026-04-05 10:47:52+00:00,Industrial Systems,V-020,4722.29,False,0.4943128232231524,False,Medium
P2P-000077,2026-04-05 12:34:21+00:00,Consumer Products,V-021,47834.1,True,0.41993752491479003,False,Medium
P2P-009640,2026-04-05 12:59:49+00:00,Consumer Products,V-029,30646.23,False,0.24650414026149234,False,Low
P2P-010836,2026-04-05 13:36:55+00:00,Industrial Systems,V-028,81728.79,True,0.8879369621863844,True,Critical
P2P-007534,2026-04-05 14:02:40+00:00,Industrial Systems,V-078,28483.61,True,0.7747704836977933,True,High
P2P-008610,2026-04-05 15:41:56+00:00,Consumer Products,V-013,27353.47,False,0.18820190578720206,False,Low
P2P-002666,2026-04-05 16:53:04+00:00,Industrial Systems,V-016,20515.16,False,0.19952051493039794,False,Low
P2P-002320,2026-04-05 19:41:59+00:00,Consumer Products,V-038,11298.08,False,0.4600525222912091,False,Medium
P2P-011290,2026-04-05 20:26:43+00:00,Industrial Systems,V-059,73025.77,True,0.795761134579556,True,High
P2P-000052,2026-04-05 22:22:16+00:00,Industrial Systems,V-079,26350.07,True,0.7676696430693851,True,High
P2P-010223,2026-04-05 22:22:51+00:00,Corporate Services,V-051,6968.07,False,0.6437368740743733,True,High
P2P-009233,2026-04-05 22:31:09+00:00,Consumer Products,V-027,2833.78,True,0.5526510613837833,True,Medium
P2P-001524,2026-04-06 02:14:22+00:00,Industrial Systems,V-067,14736.87,True,0.49030139121668653,False,Medium
P2P-006989,2026-04-06 03:21:29+00:00,Industrial Systems,V-066,4543.4,True,0.8370855187980459,True,Critical
P2P-011682,2026-04-06 06:24:03+00:00,Corporate Services,V-037,10784.9,True,0.30172567949360607,False,Medium
P2P-002904,2026-04-06 07:34:50+00:00,Industrial Systems,V-008,14155.55,False,0.1966578992022784,False,Low
P2P-004568,2026-04-06 08:06:31+00:00,Consumer Products,V-039,14731.19,False,0.3067972889871227,False,Medium
P2P-002624,2026-04-06 08:09:12+00:00,Consumer Products,V-017,16409.65,True,0.7189451282387194,True,High
P2P-003588,2026-04-06 08:57:38+00:00,Corporate Services,V-076,18715.29,True,0.7411634469702614,True,High
P2P-007344,2026-04-06 12:03:51+00:00,Consumer Products,V-004,4961.77,False,0.1459631830707612,False,Low
P2P-009385,2026-04-06 13:35:59+00:00,Corporate Services,V-069,22352.02,False,0.7288967947415763,True,High
P2P-002259,2026-04-06 15:37:30+00:00,Consumer Products,V-057,116569.61,True,0.6266809728232865,True,High
P2P-009562,2026-04-06 18:42:09+00:00,Consumer Products,V-078,3545.39,True,0.9603713338077156,True,Critical
P2P-000388,2026-04-06 18:49:54+00:00,Consumer Products,V-052,1060.35,True,0.42800107809064847,False,Medium
P2P-009857,2026-04-06 19:53:19+00:00,Industrial Systems,V-025,21739.81,True,0.25358462700525625,False,Low
P2P-000705,2026-04-06 21:04:51+00:00,Industrial Systems,V-075,25039.77,True,0.9554932257831725,True,Critical
P2P-005974,2026-04-06 21:45:58+00:00,Industrial Systems,V-066,43611.92,True,0.8114656051517057,True,Critical
P2P-002835,2026-04-06 22:00:24+00:00,Industrial Systems,V-050,15661.67,False,0.3601309746525782,False,Medium
P2P-000561,2026-04-06 22:50:21+00:00,Corporate Services,V-025,41616.7,False,0.16538993705640243,False,Low
P2P-007650,2026-04-07 00:34:24+00:00,Consumer Products,V-027,10870.13,False,0.14868032358310612,False,Low
P2P-007966,2026-04-07 04:46:04+00:00,Industrial Systems,V-062,6499.16,False,0.3069783124160384,False,Medium
P2P-001363,2026-04-07 05:20:24+00:00,Industrial Systems,V-011,34150.21,False,0.07829011025702726,False,Low
P2P-011297,2026-04-07 05:23:26+00:00,Consumer Products,V-023,10987.49,False,0.1566297783769152,False,Low
P2P-003679,2026-04-07 06:46:24+00:00,Corporate Services,V-050,15912.52,False,0.4559255395399746,False,Medium
P2P-007559,2026-04-07 07:54:38+00:00,Industrial Systems,V-016,12072.65,False,0.061752727158630505,False,Low
P2P-001156,2026-04-07 08:04:27+00:00,Industrial Systems,V-027,7391.8,False,0.24251730647671432,False,Low
P2P-006370,2026-04-07 08:09:14+00:00,Consumer Products,V-069,21958.32,False,0.40673582528645974,False,Medium
P2P-008930,2026-04-07 09:05:51+00:00,Consumer Products,V-005,44830.86,True,0.15933297037328475,False,Low
P2P-007181,2026-04-07 13:05:35+00:00,Industrial Systems,V-074,34355.09,True,0.7985475123536577,True,High
P2P-002009,2026-04-07 14:01:51+00:00,Corporate Services,V-060,17072.43,True,0.6657543839028083,True,High
P2P-000614,2026-04-07 15:41:24+00:00,Industrial Systems,V-028,36054.49,False,0.3187572326124217,False,Medium
P2P-002216,2026-04-07 17:22:02+00:00,Consumer Products,V-002,740.45,False,0.6604035984902441,True,High
P2P-008044,2026-04-07 17:37:20+00:00,Corporate Services,V-010,30676.82,False,0.04171002542441393,False,Low
P2P-009470,2026-04-07 21:40:53+00:00,Industrial Systems,V-021,16402.76,False,0.1196899318155032,False,Low
P2P-004132,2026-04-07 21:41:13+00:00,Industrial Systems,V-025,4763.89,True,0.5116732754996043,True,Medium
P2P-005397,2026-04-07 22:04:38+00:00,Industrial Systems,V-024,6466.34,True,0.452015082780923,False,Medium
P2P-010224,2026-04-08 01:59:47+00:00,Industrial Systems,V-072,7566.65,True,0.7732765003834244,True,High
P2P-009652,2026-04-08 03:56:43+00:00,Industrial Systems,V-074,8731.14,True,0.7309200303090062,True,High
P2P-001017,2026-04-08 04:10:45+00:00,Industrial Systems,V-023,3432.44,False,0.25787624158560646,False,Low
P2P-010013,2026-04-08 05:33:23+00:00,Industrial Systems,V-040,17613.47,False,0.3557557842261977,False,Medium
P2P-010266,2026-04-08 05:42:46+00:00,Consumer Products,V-035,57920.4,False,0.528198760065592,True,Medium
P2P-004064,2026-04-08 08:21:12+00:00,Consumer Products,V-074,2574.45,True,0.959332070105971,True,Critical
P2P-001519,2026-04-08 11:05:16+00:00,Consumer Products,V-013,10856.25,False,0.5125726067702211,True,Medium
P2P-005412,2026-04-08 11:28:00+00:00,Consumer Products,V-055,4198.29,True,0.4477164437080539,False,Medium
P2P-009713,2026-04-08 13:39:32+00:00,Consumer Products,V-074,2733.18,True,0.7237376890995463,True,High
P2P-001512,2026-04-08 13:46:14+00:00,Consumer Products,V-032,23230.2,False,0.4218780810816012,False,Medium
P2P-002470,2026-04-08 13:48:36+00:00,Consumer Products,V-066,37843.85,True,0.9676302719743314,True,Critical
P2P-010890,2026-04-08 14:25:42+00:00,Industrial Systems,V-063,11802.77,True,0.731358967724625,True,High
P2P-010252,2026-04-08 14:43:49+00:00,Industrial Systems,V-027,6700.56,False,0.33247142236317845,False,Medium
P2P-000682,2026-04-08 14:55:55+00:00,Consumer Products,V-058,2170.22,False,0.2856903716914754,False,Low
P2P-011679,2026-04-08 15:05:45+00:00,Industrial Systems,V-040,50378.13,True,0.3981249867833208,False,Medium
P2P-003614,2026-04-08 15:18:36+00:00,Consumer Products,V-002,77784.05,False,0.22390521414857797,False,Low
P2P-006296,2026-04-08 15:36:46+00:00,Corporate Services,V-031,78614.79,True,0.6748853156793472,True,High
P2P-010067,2026-04-08 17:49:56+00:00,Consumer Products,V-046,38121.86,False,0.3654268462943913,False,Medium
P2P-008996,2026-04-08 19:06:07+00:00,Consumer Products,V-025,89424.19,True,0.40246357426812085,False,Medium
P2P-006446,2026-04-08 20:43:04+00:00,Industrial Systems,V-059,12338.63,False,0.21728163743889214,False,Low
P2P-006060,2026-04-09 00:37:26+00:00,Industrial Systems,V-015,24848.76,False,0.15056928733093625,False,Low
P2P-000096,2026-04-09 00:40:11+00:00,Industrial Systems,V-041,29475.72,False,0.3640217681995421,False,Medium
P2P-000640,2026-04-09 00:48:06+00:00,Corporate Services,V-021,46289.4,False,0.12176153700027713,False,Low
P2P-004375,2026-04-09 03:21:12+00:00,Industrial Systems,V-009,3507.03,False,0.10745798943940689,False,Low
P2P-009755,2026-04-09 03:54:55+00:00,Industrial Systems,V-005,14016.71,False,0.1413775057709485,False,Low
P2P-000623,2026-04-09 04:08:15+00:00,Industrial Systems,V-074,8718.08,True,0.9714560672635425,True,Critical
P2P-001614,2026-04-09 05:11:09+00:00,Industrial Systems,V-058,23325.83,False,0.42198615978086673,False,Medium
P2P-011789,2026-04-09 07:52:58+00:00,Corporate Services,V-005,4848.41,True,0.6379220504986968,True,High
P2P-005073,2026-04-09 10:01:37+00:00,Consumer Products,V-047,8160.35,False,0.0899719622497615,False,Low
P2P-006541,2026-04-09 10:20:25+00:00,Consumer Products,V-025,73382.86,False,0.899239611841579,True,Critical
P2P-003631,2026-04-09 10:26:54+00:00,Corporate Services,V-022,14625.91,False,0.05780964000517862,False,Low
P2P-011678,2026-04-09 12:56:37+00:00,Industrial Systems,V-041,3724.49,False,0.3145694652986774,False,Medium
P2P-001243,2026-04-09 13:01:48+00:00,Corporate Services,V-035,14360.27,True,0.825105368697271,True,Critical
P2P-008003,2026-04-09 14:12:36+00:00,Consumer Products,V-001,14438.89,False,0.2698424872358193,False,Low
P2P-007712,2026-04-09 15:03:36+00:00,Industrial Systems,V-066,14416.95,True,0.7553127332327007,True,High
P2P-010710,2026-04-09 15:34:40+00:00,Industrial Systems,V-018,39974.84,False,0.04914570824318798,False,Low
P2P-008551,2026-04-09 16:06:05+00:00,Consumer Products,V-029,20147.75,False,0.3372582803761043,False,Medium
P2P-010839,2026-04-09 17:18:55+00:00,Industrial Systems,V-015,18359.34,False,0.0424941737478901,False,Low
P2P-010478,2026-04-09 18:01:02+00:00,Corporate Services,V-010,28645.42,False,0.20411588133322073,False,Low
P2P-008831,2026-04-09 20:28:50+00:00,Industrial Systems,V-049,3195.9,False,0.11095336212459228,False,Low
P2P-005590,2026-04-09 20:31:55+00:00,Industrial Systems,V-004,31552.16,False,0.19230765348300083,False,Low
P2P-001606,2026-04-09 21:47:21+00:00,Consumer Products,V-033,78321.1,True,0.6590818903762498,True,High
P2P-008905,2026-04-09 22:34:50+00:00,Industrial Systems,V-065,52038.27,False,0.7119519208982177,True,High
P2P-006564,2026-04-09 23:44:43+00:00,Industrial Systems,V-019,13976.5,False,0.13515744690084333,False,Low
P2P-002079,2026-04-09 23:50:46+00:00,Corporate Services,V-033,4781.6,False,0.3576147674419127,False,Medium
P2P-001699,2026-04-09 23:52:44+00:00,Consumer Products,V-004,22727.5,False,0.03968925510561321,False,Low
P2P-002977,2026-04-10 02:05:23+00:00,Corporate Services,V-074,21417.91,False,0.4957189262855622,False,Medium
P2P-005300,2026-04-10 02:06:11+00:00,Industrial Systems,V-066,22914.68,True,0.764408279341278,True,High
P2P-009607,2026-04-10 02:15:46+00:00,Corporate Services,V-075,3799.14,True,0.7580494326044279,True,High
P2P-003241,2026-04-10 02:53:56+00:00,Industrial Systems,V-022,12880.33,False,0.2162470993257143,False,Low
P2P-008669,2026-04-10 04:29:20+00:00,Industrial Systems,V-063,140907.98,True,0.9484548959104577,True,Critical
P2P-007477,2026-04-10 05:08:20+00:00,Industrial Systems,V-024,23976.45,True,0.2769986912687765,False,Low
P2P-002928,2026-04-10 05:56:28+00:00,Consumer Products,V-055,112056.95,False,0.5415063069975594,True,Medium
P2P-007575,2026-04-10 06:07:21+00:00,Industrial Systems,V-064,201643.26,True,0.766935440984356,True,High
P2P-000684,2026-04-10 06:35:44+00:00,Consumer Products,V-079,36081.07,True,0.3286733464472333,False,Medium
P2P-007198,2026-04-10 07:07:37+00:00,Industrial Systems,V-013,22134.07,False,0.05048629225923493,False,Low
P2P-001985,2026-04-10 07:20:15+00:00,Consumer Products,V-056,62002.25,True,0.4923658825379298,False,Medium
P2P-005439,2026-04-10 08:28:45+00:00,Corporate Services,V-060,60435.42,False,0.38615140041678114,False,Medium
P2P-009250,2026-04-10 08:53:12+00:00,Corporate Services,V-010,83181.87,False,0.22710062206892137,False,Low
P2P-011699,2026-04-10 09:45:25+00:00,Consumer Products,V-068,41429.99,False,0.8657268641686026,True,Critical
P2P-002334,2026-04-10 10:26:24+00:00,Corporate Services,V-004,10086.75,False,0.21420548910110607,False,Low
P2P-006905,2026-04-10 11:39:34+00:00,Consumer Products,V-008,26045.4,True,0.15258140159482625,False,Low
P2P-010703,2026-04-10 12:02:25+00:00,Consumer Products,V-057,88106.31,False,0.43636871413576955,False,Medium
P2P-003733,2026-04-10 12:28:12+00:00,Consumer Products,V-007,25799.41,False,0.29537274989892387,False,Low
P2P-000661,2026-04-10 16:01:23+00:00,Consumer Products,V-067,24360.37,True,0.7678295865505662,True,High
P2P-009543,2026-04-10 20:20:26+00:00,Consumer Products,V-028,32764.85,False,0.3450766136059334,False,Medium
P2P-011673,2026-04-10 21:35:38+00:00,Industrial Systems,V-042,33947.21,False,0.38479886334451713,False,Medium
P2P-006480,2026-04-10 22:20:20+00:00,Corporate Services,V-028,21523.76,False,0.3161343254803591,False,Medium
P2P-000939,2026-04-10 22:20:30+00:00,Corporate Services,V-031,14598.34,False,0.38352501907126546,False,Medium
P2P-005758,2026-04-11 00:53:32+00:00,Industrial Systems,V-062,8582.86,False,0.24801692459421315,False,Low
P2P-006036,2026-04-11 01:31:04+00:00,Corporate Services,V-043,17859.21,True,0.8136209797306921,True,Critical
P2P-007201,2026-04-11 01:41:33+00:00,Corporate Services,V-010,275996.9,False,0.28278795076882196,False,Low
P2P-004926,2026-04-11 01:48:25+00:00,Consumer Products,V-064,165843.44,True,0.8203827724061883,True,Critical
P2P-011586,2026-04-11 03:15:05+00:00,Corporate Services,V-049,23231.72,False,0.406219170791032,False,Medium
P2P-009091,2026-04-11 04:26:15+00:00,Industrial Systems,V-006,5681.97,False,0.14854376873992509,False,Low
P2P-004984,2026-04-11 04:28:16+00:00,Consumer Products,V-068,32228.09,False,0.3906970453636943,False,Medium
P2P-008500,2026-04-11 05:05:16+00:00,Consumer Products,V-051,19533.96,False,0.31241326072437087,False,Medium
P2P-009696,2026-04-11 05:26:41+00:00,Industrial Systems,V-072,14705.84,True,0.9701188474738356,True,Critical
P2P-003912,2026-04-11 08:42:05+00:00,Consumer Products,V-024,4323.39,False,0.3239815003589403,False,Medium
P2P-011564,2026-04-11 09:56:10+00:00,Consumer Products,V-072,6585.03,False,0.3925732919602973,False,Medium
P2P-011519,2026-04-11 10:08:53+00:00,Corporate Services,V-037,15040.54,True,0.6210442538762143,True,High
P2P-010872,2026-04-11 10:11:59+00:00,Corporate Services,V-055,23909.62,True,0.376785437841553,False,Medium
P2P-004036,2026-04-11 11:02:09+00:00,Corporate Services,V-070,2958.06,True,0.9568874671860159,True,Critical
P2P-008105,2026-04-11 12:32:05+00:00,Industrial Systems,V-062,3326.72,True,0.9610021808042735,True,Critical
P2P-006502,2026-04-11 12:34:50+00:00,Industrial Systems,V-024,16164.2,False,0.22428202435007202,False,Low
P2P-003020,2026-04-11 14:13:22+00:00,Industrial Systems,V-016,17198.08,False,0.19602525929171186,False,Low
P2P-009411,2026-04-11 15:51:00+00:00,Industrial Systems,V-073,10822.29,True,0.9803301568942062,True,Critical
P2P-004385,2026-04-11 20:12:38+00:00,Consumer Products,V-035,4636.4,True,0.3546977726678668,False,Medium
P2P-001212,2026-04-11 20:13:21+00:00,Corporate Services,V-051,51192.98,True,0.5596585874237106,True,Medium
P2P-002063,2026-04-11 22:38:41+00:00,Corporate Services,V-003,20957.8,False,0.17496831265843096,False,Low
P2P-003942,2026-04-11 22:56:22+00:00,Industrial Systems,V-008,7016.28,False,0.024414219438716727,False,Low
P2P-010622,2026-04-12 01:18:09+00:00,Consumer Products,V-014,6432.52,False,0.1520244386315476,False,Low
P2P-000428,2026-04-12 02:46:39+00:00,Industrial Systems,V-001,3929.37,True,0.8506572853633817,True,Critical
P2P-003467,2026-04-12 02:47:27+00:00,Consumer Products,V-043,47109.16,True,0.8810911055794388,True,Critical
P2P-006730,2026-04-12 03:04:25+00:00,Consumer Products,V-024,8589.46,False,0.2024962110628985,False,Low
P2P-008329,2026-04-12 04:36:41+00:00,Industrial Systems,V-023,89775.91,False,0.5565298030556548,True,Medium
P2P-000426,2026-04-12 05:13:19+00:00,Consumer Products,V-016,10335.69,False,0.7599452121821543,True,High
P2P-000841,2026-04-12 05:37:44+00:00,Corporate Services,V-057,8503.28,False,0.09758306741292992,False,Low
P2P-008672,2026-04-12 06:51:53+00:00,Corporate Services,V-008,31574.98,True,0.3423151800265799,False,Medium
P2P-011190,2026-04-12 07:19:47+00:00,Corporate Services,V-015,1481.34,False,0.12351697977773879,False,Low
P2P-003650,2026-04-12 07:54:30+00:00,Industrial Systems,V-010,15586.0,False,0.046119707658473674,False,Low
P2P-003925,2026-04-12 09:12:27+00:00,Industrial Systems,V-016,14490.04,False,0.06792294726158546,False,Low
P2P-001695,2026-04-12 10:07:53+00:00,Corporate Services,V-074,2240.34,True,0.7512061713548069,True,High
P2P-006270,2026-04-12 10:28:32+00:00,Industrial Systems,V-013,58401.26,False,0.20307095187587523,False,Low
P2P-011050,2026-04-12 11:07:52+00:00,Consumer Products,V-027,2259.7,False,0.8081504285364566,True,Critical
P2P-004781,2026-04-12 11:55:24+00:00,Consumer Products,V-057,25268.28,False,0.3070647302479779,False,Medium
P2P-010005,2026-04-12 12:04:41+00:00,Industrial Systems,V-035,36547.44,False,0.3103354091888796,False,Medium
P2P-007894,2026-04-12 13:30:39+00:00,Consumer Products,V-060,3581.4,False,0.32637067121295765,False,Medium
P2P-008326,2026-04-12 13:37:48+00:00,Industrial Systems,V-043,11949.28,True,0.8431042763006343,True,Critical
P2P-011609,2026-04-12 13:48:47+00:00,Industrial Systems,V-078,4238.78,True,0.9744285888637112,True,Critical
P2P-001464,2026-04-12 15:01:50+00:00,Consumer Products,V-043,44624.53,False,0.41120189115450845,False,Medium
P2P-003258,2026-04-12 15:56:38+00:00,Industrial Systems,V-080,6589.16,False,0.3958503872496688,False,Medium
P2P-001617,2026-04-12 15:56:50+00:00,Industrial Systems,V-044,7450.47,False,0.8400763294421487,True,Critical
P2P-001428,2026-04-12 16:59:47+00:00,Corporate Services,V-024,5690.04,True,0.8213240929191303,True,Critical
P2P-010658,2026-04-12 18:02:26+00:00,Consumer Products,V-050,38910.57,False,0.3787441546077541,False,Medium
P2P-010450,2026-04-12 20:12:23+00:00,Consumer Products,V-007,13156.56,False,0.06564025456520012,False,Low
P2P-011276,2026-04-12 20:45:27+00:00,Consumer Products,V-040,28780.38,False,0.06269343148983737,False,Low
P2P-000972,2026-04-12 23:16:07+00:00,Industrial Systems,V-013,47695.38,False,0.2384845480351522,False,Low
P2P-000251,2026-04-13 01:56:15+00:00,Consumer Products,V-036,3025.42,True,0.2003406688537862,False,Low
P2P-000368,2026-04-13 01:58:15+00:00,Industrial Systems,V-065,8303.12,False,0.7381146285476038,True,High
P2P-006881,2026-04-13 02:59:16+00:00,Industrial Systems,V-021,16080.7,True,0.4451437651321907,False,Medium
P2P-006102,2026-04-13 03:21:53+00:00,Consumer Products,V-075,11036.16,True,0.8097330286890587,True,Critical
P2P-010789,2026-04-13 04:49:50+00:00,Industrial Systems,V-045,14354.05,True,0.09466751619280336,False,Low
P2P-011819,2026-04-13 05:39:53+00:00,Industrial Systems,V-042,102775.48,True,0.9136308200146406,True,Critical
P2P-010115,2026-04-13 06:14:53+00:00,Industrial Systems,V-038,70294.08,False,0.17096273154292707,False,Low
P2P-005701,2026-04-13 08:24:12+00:00,Industrial Systems,V-066,82309.4,True,0.37092111501632313,False,Medium
P2P-007089,2026-04-13 08:51:05+00:00,Corporate Services,V-016,5793.69,False,0.2145686468997257,False,Low
P2P-000873,2026-04-13 10:19:34+00:00,Industrial Systems,V-045,8253.66,False,0.38034876223806824,False,Medium
P2P-000850,2026-04-13 15:29:51+00:00,Consumer Products,V-020,7052.58,True,0.45920283053406136,False,Medium
P2P-011278,2026-04-13 16:28:42+00:00,Industrial Systems,V-069,17028.09,False,0.5696571323236593,True,Medium
P2P-000741,2026-04-13 17:33:52+00:00,Consumer Products,V-013,39079.34,False,0.25120245466531893,False,Low
P2P-005425,2026-04-13 17:34:29+00:00,Consumer Products,V-004,17719.28,False,0.18231507526760457,False,Low
P2P-001382,2026-04-13 21:40:27+00:00,Corporate Services,V-077,9165.05,True,0.9686090834666115,True,Critical
P2P-011356,2026-04-13 21:52:08+00:00,Consumer Products,V-035,23112.13,True,0.8260391186400722,True,Critical
P2P-008165,2026-04-13 23:27:27+00:00,Industrial Systems,V-015,25507.63,True,0.649886640716195,True,High
P2P-010638,2026-04-14 00:29:00+00:00,Consumer Products,V-076,33460.79,False,0.7515508407859152,True,High
P2P-006956,2026-04-14 00:34:21+00:00,Corporate Services,V-008,11472.19,False,0.25122549410009826,False,Low
P2P-004495,2026-04-14 00:39:25+00:00,Consumer Products,V-060,10101.31,True,0.7451412872043638,True,High
P2P-005843,2026-04-14 01:27:22+00:00,Industrial Systems,V-056,5078.1,True,0.2354448283723714,False,Low
P2P-005335,2026-04-14 01:57:53+00:00,Industrial Systems,V-008,3710.75,False,0.2007265106714771,False,Low
P2P-006214,2026-04-14 02:32:22+00:00,Consumer Products,V-052,19733.03,False,0.4311098478177963,False,Medium
P2P-002875,2026-04-14 03:12:07+00:00,Corporate Services,V-017,6939.77,False,0.22174864875523598,False,Low
P2P-010021,2026-04-14 03:18:28+00:00,Industrial Systems,V-022,69654.59,False,0.4268900202263568,False,Medium
P2P-002948,2026-04-14 06:44:23+00:00,Industrial Systems,V-016,42234.78,True,0.16352251585038688,False,Low
P2P-011248,2026-04-14 08:17:45+00:00,Consumer Products,V-065,74925.97,False,0.4451477016464197,False,Medium
P2P-003810,2026-04-14 08:33:58+00:00,Corporate Services,V-002,17281.51,True,0.17854403948878492,False,Low
P2P-011725,2026-04-14 09:34:09+00:00,Consumer Products,V-022,36301.79,False,0.34930098898265266,False,Medium
P2P-004696,2026-04-14 11:11:41+00:00,Consumer Products,V-080,8995.76,False,0.7029326654807606,True,High
P2P-008267,2026-04-14 11:55:08+00:00,Consumer Products,V-005,4969.52,False,0.10140429924016926,False,Low
P2P-006817,2026-04-14 13:14:18+00:00,Corporate Services,V-051,21030.96,False,0.3410107638016146,False,Medium
P2P-009080,2026-04-14 13:37:08+00:00,Consumer Products,V-010,2414.36,True,0.18966454920986955,False,Low
P2P-011253,2026-04-14 13:49:04+00:00,Consumer Products,V-011,16730.08,False,0.23362281986636438,False,Low
P2P-010318,2026-04-14 14:29:50+00:00,Corporate Services,V-038,164956.0,True,0.9144436299957649,True,Critical
P2P-001426,2026-04-14 15:06:35+00:00,Consumer Products,V-037,20938.13,True,0.8606922361586609,True,Critical
P2P-005844,2026-04-14 16:47:57+00:00,Consumer Products,V-062,6497.32,False,0.5487257613035985,True,Medium
P2P-000663,2026-04-14 16:54:16+00:00,Industrial Systems,V-069,23373.67,True,0.7309400621300294,True,High
P2P-010203,2026-04-14 19:06:32+00:00,Corporate Services,V-010,3955.99,False,0.12077138265816198,False,Low
P2P-002626,2026-04-14 19:51:20+00:00,Corporate Services,V-002,22414.45,False,0.04787771929162799,False,Low
P2P-007351,2026-04-14 19:53:59+00:00,Industrial Systems,V-065,77306.94,True,0.9688727481873937,True,Critical
P2P-006425,2026-04-15 00:25:42+00:00,Industrial Systems,V-078,40506.57,False,0.6789666174432306,True,High
P2P-011089,2026-04-15 00:30:53+00:00,Consumer Products,V-027,6141.41,False,0.25024134969127415,False,Low
P2P-009078,2026-04-15 00:32:36+00:00,Industrial Systems,V-022,21904.4,False,0.13591162898465048,False,Low
P2P-006130,2026-04-15 00:47:54+00:00,Industrial Systems,V-054,1781.74,False,0.180240484957817,False,Low
P2P-000122,2026-04-15 01:36:55+00:00,Industrial Systems,V-051,43690.44,True,0.904587892292799,True,Critical
P2P-002991,2026-04-15 01:44:01+00:00,Industrial Systems,V-048,5177.57,False,0.304543297309811,False,Medium
P2P-007589,2026-04-15 01:51:09+00:00,Industrial Systems,V-060,52034.72,False,0.32886931674385517,False,Medium
P2P-011956,2026-04-15 02:33:15+00:00,Industrial Systems,V-017,39927.57,False,0.29767584731533675,False,Low
P2P-007473,2026-04-15 05:25:50+00:00,Consumer Products,V-022,9606.39,True,0.24747134857519862,False,Low
P2P-000317,2026-04-15 06:17:04+00:00,Industrial Systems,V-032,1857.01,False,0.3389219162926566,False,Medium
P2P-008830,2026-04-15 07:18:58+00:00,Corporate Services,V-056,19506.16,False,0.6823481602444814,True,High
P2P-011116,2026-04-15 07:50:47+00:00,Consumer Products,V-059,23320.48,True,0.8197095704057865,True,Critical
P2P-000925,2026-04-15 09:42:13+00:00,Consumer Products,V-060,6075.77,True,0.82805682689435,True,Critical
P2P-004093,2026-04-15 10:05:24+00:00,Consumer Products,V-071,17691.24,True,0.7085505617289769,True,High
P2P-002298,2026-04-15 10:50:06+00:00,Corporate Services,V-050,9002.34,False,0.2601376427248865,False,Low
P2P-003144,2026-04-15 13:30:34+00:00,Industrial Systems,V-030,5243.27,True,0.3864103775567631,False,Medium
P2P-005286,2026-04-15 14:15:23+00:00,Corporate Services,V-008,27108.22,True,0.710132994044845,True,High
P2P-010764,2026-04-15 15:13:59+00:00,Consumer Products,V-004,67335.66,False,0.2815903341495333,False,Low
P2P-004802,2026-04-15 15:24:18+00:00,Consumer Products,V-046,24865.89,False,0.26455486765857733,False,Low
P2P-002509,2026-04-15 16:13:49+00:00,Consumer Products,V-015,7559.61,False,0.7021359541580159,True,High
P2P-005168,2026-04-15 16:28:55+00:00,Consumer Products,V-075,18743.53,False,0.7749936645955203,True,High
P2P-002463,2026-04-15 16:43:28+00:00,Industrial Systems,V-038,47246.39,False,0.36831607590485366,False,Medium
P2P-008787,2026-04-15 18:31:22+00:00,Corporate Services,V-067,81758.93,False,0.9604779524346965,True,Critical
P2P-002177,2026-04-15 19:49:27+00:00,Corporate Services,V-072,21016.43,False,0.6513728057128635,True,High
P2P-008634,2026-04-15 20:11:47+00:00,Consumer Products,V-063,6299.54,True,0.7234829772175004,True,High
P2P-001342,2026-04-15 20:20:31+00:00,Corporate Services,V-046,10765.19,False,0.28568645929785685,False,Low
P2P-006762,2026-04-15 20:31:19+00:00,Industrial Systems,V-049,8287.84,False,0.377291118056536,False,Medium
P2P-003825,2026-04-16 02:15:58+00:00,Consumer Products,V-065,11783.74,True,0.9549047890243734,True,Critical
P2P-002980,2026-04-16 04:55:39+00:00,Consumer Products,V-013,9186.67,False,0.22213848676417253,False,Low
P2P-008947,2026-04-16 05:22:31+00:00,Corporate Services,V-040,8151.58,True,0.5578250059355288,True,Medium
P2P-008160,2026-04-16 05:55:09+00:00,Corporate Services,V-031,15507.35,False,0.13526029714684554,False,Low
P2P-001215,2026-04-16 06:00:14+00:00,Corporate Services,V-069,17548.75,False,0.6498659305702802,True,High
P2P-002722,2026-04-16 06:09:11+00:00,Consumer Products,V-034,4389.79,True,0.3989949458917199,False,Medium
P2P-005583,2026-04-16 07:11:03+00:00,Consumer Products,V-013,5007.94,False,0.2680727144800443,False,Low
P2P-004819,2026-04-16 08:35:54+00:00,Corporate Services,V-050,36476.78,True,0.44171504497042163,False,Medium
P2P-001390,2026-04-16 10:06:55+00:00,Industrial Systems,V-017,15300.55,False,0.11582711924147852,False,Low
P2P-005825,2026-04-16 11:45:43+00:00,Corporate Services,V-049,59284.71,False,0.4574820768449308,False,Medium
P2P-002719,2026-04-16 12:26:26+00:00,Industrial Systems,V-021,35394.52,False,0.06353940243194049,False,Low
P2P-002550,2026-04-16 13:20:25+00:00,Corporate Services,V-024,13303.5,True,0.8164357198357877,True,Critical
P2P-008245,2026-04-16 13:28:58+00:00,Corporate Services,V-030,27322.19,False,0.4535241936803951,False,Medium
P2P-003265,2026-04-16 15:34:35+00:00,Consumer Products,V-005,4395.03,True,0.2725023304590671,False,Low
P2P-005573,2026-04-16 15:45:11+00:00,Consumer Products,V-040,76029.77,True,0.33881343230617683,False,Medium
P2P-000542,2026-04-16 16:25:32+00:00,Consumer Products,V-019,12747.03,False,0.3229454675431235,False,Medium
P2P-001750,2026-04-16 16:51:50+00:00,Consumer Products,V-061,147374.56,True,0.917832088616869,True,Critical
P2P-004845,2026-04-16 17:15:55+00:00,Corporate Services,V-015,9413.21,False,0.05027923863420366,False,Low
P2P-005433,2026-04-16 17:34:21+00:00,Consumer Products,V-048,6492.37,False,0.343257222701009,False,Medium
P2P-010915,2026-04-16 18:10:53+00:00,Consumer Products,V-010,4948.29,False,0.17198417620353026,False,Low
P2P-010762,2026-04-16 18:53:20+00:00,Consumer Products,V-023,37720.78,False,0.33597861876440605,False,Medium
P2P-011094,2026-04-16 19:04:35+00:00,Industrial Systems,V-015,13859.74,True,0.3518610258446935,False,Medium
P2P-002546,2026-04-16 20:32:12+00:00,Consumer Products,V-032,98913.01,False,0.1939637903692047,False,Low
P2P-010866,2026-04-16 20:57:40+00:00,Industrial Systems,V-011,11968.05,True,0.735828270769549,True,High
P2P-010604,2026-04-16 21:28:32+00:00,Corporate Services,V-063,9598.17,True,0.9582615306031669,True,Critical
P2P-011209,2026-04-16 23:48:09+00:00,Consumer Products,V-053,12565.32,False,0.15192416763690825,False,Low
P2P-003259,2026-04-17 00:00:19+00:00,Industrial Systems,V-075,35288.43,True,0.9599272978589449,True,Critical
P2P-004298,2026-04-17 00:58:39+00:00,Industrial Systems,V-025,45331.89,True,0.46241388156967117,False,Medium
P2P-004576,2026-04-17 04:47:16+00:00,Consumer Products,V-064,14096.81,False,0.6359555509505179,True,High
P2P-003507,2026-04-17 06:02:48+00:00,Industrial Systems,V-033,9413.98,False,0.09590004621498965,False,Low
P2P-011710,2026-04-17 06:08:20+00:00,Industrial Systems,V-042,7221.7,False,0.25810153046395323,False,Low
P2P-003436,2026-04-17 07:26:16+00:00,Consumer Products,V-014,33889.4,False,0.17103686419961459,False,Low
P2P-007439,2026-04-17 07:36:41+00:00,Consumer Products,V-002,3421.85,False,0.06586776146655932,False,Low
P2P-009641,2026-04-17 10:56:20+00:00,Industrial Systems,V-080,17110.67,True,0.8363469754772206,True,Critical
P2P-001466,2026-04-17 11:05:45+00:00,Industrial Systems,V-022,6366.32,False,0.3884332497436436,False,Medium
P2P-004308,2026-04-17 11:12:12+00:00,Industrial Systems,V-050,42498.9,False,0.20383691717733365,False,Low
P2P-003074,2026-04-17 13:31:47+00:00,Consumer Products,V-003,6433.4,False,0.15212640046580878,False,Low
P2P-009541,2026-04-17 13:59:02+00:00,Consumer Products,V-075,27081.87,True,0.9778504560809681,True,Critical
P2P-007718,2026-04-17 15:26:23+00:00,Corporate Services,V-025,71554.89,False,0.09075134891700809,False,Low
P2P-006570,2026-04-17 17:53:25+00:00,Consumer Products,V-025,26229.02,False,0.34273676538442555,False,Medium
P2P-001116,2026-04-17 18:05:24+00:00,Industrial Systems,V-069,3587.61,True,0.7192347054232338,True,High
P2P-006075,2026-04-17 18:34:33+00:00,Consumer Products,V-069,105492.53,True,0.4162823889372858,False,Medium
P2P-001377,2026-04-17 18:59:16+00:00,Corporate Services,V-024,15586.6,True,0.8844674472180032,True,Critical
P2P-008731,2026-04-17 19:19:26+00:00,Consumer Products,V-052,13595.25,False,0.6902805334358882,True,High
P2P-000023,2026-04-17 20:43:52+00:00,Corporate Services,V-032,13244.57,True,0.8086318944748027,True,Critical
P2P-003439,2026-04-18 02:14:26+00:00,Industrial Systems,V-017,7590.27,True,0.33655130043810105,False,Medium
P2P-001321,2026-04-18 03:31:21+00:00,Industrial Systems,V-028,35970.15,True,0.7215795365574136,True,High
P2P-000997,2026-04-18 05:28:43+00:00,Consumer Products,V-080,23860.91,False,0.4020623231922422,False,Medium
P2P-009346,2026-04-18 07:16:56+00:00,Corporate Services,V-022,32773.55,True,0.5025833143147981,True,Medium
P2P-007886,2026-04-18 10:18:55+00:00,Industrial Systems,V-008,5911.11,False,0.259084379783413,False,Low
P2P-000713,2026-04-18 11:45:23+00:00,Consumer Products,V-061,3546.33,False,0.5383102617814793,True,Medium
P2P-002752,2026-04-18 12:35:26+00:00,Consumer Products,V-014,4452.85,True,0.6294271047643466,True,High
P2P-003236,2026-04-18 14:09:00+00:00,Consumer Products,V-057,18550.37,False,0.3475588576477829,False,Medium
P2P-006233,2026-04-18 18:56:49+00:00,Industrial Systems,V-006,28179.39,False,0.1623275148670259,False,Low
P2P-003305,2026-04-18 19:32:20+00:00,Industrial Systems,V-074,3274.32,True,0.9637526120927369,True,Critical
P2P-001474,2026-04-18 20:21:08+00:00,Consumer Products,V-066,29962.52,True,0.9806516759209417,True,Critical
P2P-000234,2026-04-18 20:29:13+00:00,Corporate Services,V-061,17457.58,True,0.7028569645488586,True,High
P2P-003543,2026-04-18 20:31:35+00:00,Industrial Systems,V-004,6599.2,True,0.7142976354671298,True,High
P2P-007577,2026-04-18 21:07:21+00:00,Consumer Products,V-019,105038.67,False,0.15108156825354271,False,Low
P2P-000826,2026-04-18 21:17:16+00:00,Industrial Systems,V-020,9165.76,False,0.13787060401228876,False,Low
P2P-008375,2026-04-18 21:20:55+00:00,Consumer Products,V-056,25065.18,False,0.20425887472063387,False,Low
P2P-010019,2026-04-18 22:07:14+00:00,Corporate Services,V-015,38464.0,False,0.234498981309337,False,Low
P2P-002319,2026-04-18 22:23:16+00:00,Consumer Products,V-031,12625.98,False,0.8063421903239059,True,Critical
P2P-006390,2026-04-18 22:31:44+00:00,Corporate Services,V-075,28462.48,False,0.5495681626323315,True,Medium
P2P-010711,2026-04-19 00:38:07+00:00,Industrial Systems,V-038,30383.53,False,0.48130647406400573,False,Medium
P2P-009468,2026-04-19 00:41:11+00:00,Consumer Products,V-026,9361.65,True,0.39768203664663515,False,Medium
P2P-007874,2026-04-19 00:48:38+00:00,Consumer Products,V-003,44199.4,False,0.2162614173195973,False,Low
P2P-009345,2026-04-19 01:59:13+00:00,Industrial Systems,V-044,23699.05,False,0.8651247736328157,True,Critical
P2P-008973,2026-04-19 02:32:44+00:00,Industrial Systems,V-036,17374.66,False,0.29919538217375524,False,Low
P2P-006408,2026-04-19 03:32:55+00:00,Corporate Services,V-032,3976.21,False,0.11935115329156289,False,Low
P2P-002197,2026-04-19 03:51:38+00:00,Industrial Systems,V-021,5134.35,False,0.21723574361366693,False,Low
P2P-008886,2026-04-19 04:40:25+00:00,Corporate Services,V-012,171771.02,True,0.7988488437294333,True,High
P2P-011860,2026-04-19 07:53:38+00:00,Consumer Products,V-034,12106.22,False,0.42221033272844827,False,Medium
P2P-010654,2026-04-19 08:40:49+00:00,Industrial Systems,V-047,8340.71,True,0.40407443644220586,False,Medium
P2P-008082,2026-04-19 09:03:09+00:00,Consumer Products,V-047,2920.97,True,0.34769723188608603,False,Medium
P2P-005996,2026-04-19 09:11:21+00:00,Consumer Products,V-066,2740.27,True,0.9762303647681373,True,Critical
P2P-000958,2026-04-19 09:14:09+00:00,Industrial Systems,V-017,6614.38,False,0.18640972679317555,False,Low
P2P-011415,2026-04-19 10:22:45+00:00,Consumer Products,V-063,6771.73,False,0.7163932032405669,True,High
P2P-005732,2026-04-19 10:32:05+00:00,Consumer Products,V-016,24484.16,False,0.11308433689108742,False,Low
P2P-006872,2026-04-19 10:41:44+00:00,Consumer Products,V-053,17473.05,False,0.06634028575294454,False,Low
P2P-006168,2026-04-19 11:11:49+00:00,Consumer Products,V-003,20081.07,False,0.16611339245863066,False,Low
P2P-011521,2026-04-19 12:44:41+00:00,Industrial Systems,V-080,21808.98,True,0.8885721822906051,True,Critical
P2P-002639,2026-04-19 13:55:24+00:00,Consumer Products,V-069,12561.1,True,0.678916785405702,True,High
P2P-008269,2026-04-19 15:04:44+00:00,Corporate Services,V-068,20155.98,True,0.9788599867284016,True,Critical
P2P-002489,2026-04-19 17:21:45+00:00,Corporate Services,V-043,181224.96,False,0.24911655293897778,False,Low
P2P-006445,2026-04-19 18:03:52+00:00,Corporate Services,V-075,29065.65,False,0.7384492971097433,True,High
P2P-005929,2026-04-19 19:12:02+00:00,Consumer Products,V-004,9978.79,False,0.39111782132491185,False,Medium
P2P-002694,2026-04-19 21:07:28+00:00,Consumer Products,V-018,2449.88,False,0.7263978167608579,True,High
P2P-002178,2026-04-19 21:15:55+00:00,Corporate Services,V-042,7044.24,False,0.27823766120294324,False,Low
P2P-008748,2026-04-19 22:08:47+00:00,Consumer Products,V-072,19051.7,True,0.9734620655942915,True,Critical
P2P-004730,2026-04-20 00:52:45+00:00,Industrial Systems,V-008,22853.85,False,0.029410084157500977,False,Low
P2P-004333,2026-04-20 02:05:25+00:00,Consumer Products,V-009,69189.3,False,0.07683734665938502,False,Low
P2P-009736,2026-04-20 02:49:37+00:00,Consumer Products,V-017,48045.7,True,0.7989251236011008,True,High
P2P-004140,2026-04-20 03:05:08+00:00,Corporate Services,V-012,2695.87,False,0.1271562795150709,False,Low
P2P-010570,2026-04-20 03:15:26+00:00,Corporate Services,V-052,55177.61,True,0.7315100380610127,True,High
P2P-006260,2026-04-20 03:22:55+00:00,Industrial Systems,V-074,61266.62,True,0.7023360751139596,True,High
P2P-010072,2026-04-20 06:10:56+00:00,Industrial Systems,V-055,24096.25,True,0.9368408888379595,True,Critical
P2P-004979,2026-04-20 06:36:41+00:00,Corporate Services,V-026,7068.87,False,0.6716499929403841,True,High
P2P-004918,2026-04-20 08:16:30+00:00,Corporate Services,V-002,35494.47,False,0.16970834473519647,False,Low
P2P-005472,2026-04-20 10:52:25+00:00,Corporate Services,V-031,27884.1,False,0.3549571636300615,False,Medium
P2P-010944,2026-04-20 11:25:30+00:00,Consumer Products,V-073,76091.89,False,0.6619948502467887,True,High
P2P-005818,2026-04-20 11:49:07+00:00,Industrial Systems,V-048,15237.87,False,0.21719879713185508,False,Low
P2P-011223,2026-04-20 12:02:35+00:00,Industrial Systems,V-073,16307.7,False,0.320669724279728,False,Medium
P2P-003897,2026-04-20 12:47:42+00:00,Industrial Systems,V-068,11415.04,True,0.6387524811879632,True,High
P2P-010329,2026-04-20 12:56:55+00:00,Corporate Services,V-030,20976.05,False,0.05735083604609456,False,Low
P2P-002847,2026-04-20 14:05:45+00:00,Corporate Services,V-005,5034.44,True,0.22980205061495562,False,Low
P2P-005234,2026-04-20 14:18:37+00:00,Industrial Systems,V-073,9913.17,False,0.2538235527786796,False,Low
P2P-001578,2026-04-20 15:08:28+00:00,Corporate Services,V-076,1731.26,True,0.9400756289150729,True,Critical
P2P-010345,2026-04-20 15:20:16+00:00,Corporate Services,V-037,3516.49,False,0.2725310831886256,False,Low
P2P-005702,2026-04-20 15:52:48+00:00,Industrial Systems,V-030,8162.59,False,0.309734125086792,False,Medium
P2P-006218,2026-04-20 18:24:37+00:00,Consumer Products,V-008,53624.31,False,0.2052508142056508,False,Low
P2P-008972,2026-04-20 19:47:26+00:00,Consumer Products,V-057,10546.25,False,0.31188875128289134,False,Medium
P2P-008887,2026-04-20 20:03:59+00:00,Industrial Systems,V-001,62803.15,True,0.21028063879993386,False,Low
P2P-009280,2026-04-20 20:47:27+00:00,Consumer Products,V-034,69609.82,False,0.31654493042793125,False,Medium
P2P-007662,2026-04-20 21:22:28+00:00,Consumer Products,V-023,28421.56,False,0.3704519133745046,False,Medium
P2P-003134,2026-04-20 22:08:23+00:00,Industrial Systems,V-076,138184.3,True,0.9401412365802733,True,Critical
P2P-005410,2026-04-20 23:01:40+00:00,Industrial Systems,V-058,9804.58,False,0.1753525558729662,False,Low
P2P-005334,2026-04-21 00:16:22+00:00,Industrial Systems,V-036,16101.45,False,0.549175637223207,True,Medium
P2P-004441,2026-04-21 01:18:55+00:00,Consumer Products,V-021,13018.88,False,0.3641149066581728,False,Medium
P2P-000337,2026-04-21 03:45:59+00:00,Industrial Systems,V-020,16529.86,False,0.08557657532787279,False,Low
P2P-011518,2026-04-21 04:07:53+00:00,Consumer Products,V-072,3410.4,False,0.7107564215879155,True,High
P2P-007102,2026-04-21 06:26:26+00:00,Industrial Systems,V-057,24385.86,False,0.3680076966500729,False,Medium
P2P-011009,2026-04-21 06:36:16+00:00,Industrial Systems,V-077,5414.06,True,0.9691018912390881,True,Critical
P2P-003368,2026-04-21 07:09:29+00:00,Industrial Systems,V-017,8958.58,False,0.7318565804574843,True,High
P2P-001795,2026-04-21 08:55:28+00:00,Industrial Systems,V-032,151708.5,False,0.2546898038330208,False,Low
P2P-008698,2026-04-21 09:23:51+00:00,Consumer Products,V-022,1173.07,True,0.893939939410899,True,Critical
P2P-000339,2026-04-21 09:54:56+00:00,Consumer Products,V-016,11931.75,True,0.7030865851019191,True,High
P2P-010576,2026-04-21 10:34:06+00:00,Corporate Services,V-061,46941.33,True,0.979709899326122,True,Critical
P2P-001043,2026-04-21 11:04:03+00:00,Consumer Products,V-070,3710.99,False,0.6195822644716027,True,High
P2P-004604,2026-04-21 11:29:44+00:00,Consumer Products,V-034,15742.01,False,0.07658699158480953,False,Low
P2P-009553,2026-04-21 12:21:16+00:00,Industrial Systems,V-038,5797.95,True,0.4768138270893669,False,Medium
P2P-005255,2026-04-21 12:22:33+00:00,Industrial Systems,V-016,10932.54,False,0.2138877539526156,False,Low
P2P-001252,2026-04-21 12:46:53+00:00,Consumer Products,V-042,8989.38,True,0.3203384442439843,False,Medium
P2P-000189,2026-04-21 14:06:05+00:00,Corporate Services,V-017,10246.43,False,0.021699945512351094,False,Low
P2P-002113,2026-04-21 14:27:42+00:00,Industrial Systems,V-032,15190.43,False,0.07409460120662084,False,Low
P2P-005042,2026-04-21 15:46:10+00:00,Industrial Systems,V-040,2584.2,False,0.1382203588685702,False,Low
P2P-010365,2026-04-21 16:55:35+00:00,Industrial Systems,V-013,5462.57,False,0.1408021814827695,False,Low
P2P-011240,2026-04-21 17:40:35+00:00,Consumer Products,V-032,21306.97,False,0.13399733264981611,False,Low
P2P-009802,2026-04-21 20:30:58+00:00,Industrial Systems,V-071,107954.5,True,0.37243703622656077,False,Medium
P2P-011254,2026-04-21 21:12:09+00:00,Consumer Products,V-078,50687.31,True,0.9706624844897216,True,Critical
P2P-006774,2026-04-21 22:55:56+00:00,Industrial Systems,V-030,5632.4,True,0.8755663865891546,True,Critical
P2P-007278,2026-04-22 00:25:27+00:00,Corporate Services,V-009,22516.78,False,0.6806448475224496,True,High
P2P-001130,2026-04-22 00:47:53+00:00,Industrial Systems,V-005,24455.38,True,0.7575532380082257,True,High
P2P-008475,2026-04-22 00:49:36+00:00,Corporate Services,V-035,15121.64,False,0.4242297311023869,False,Medium
P2P-001137,2026-04-22 02:38:18+00:00,Consumer Products,V-038,206793.83,False,0.5467228190407518,True,Medium
P2P-003019,2026-04-22 03:57:38+00:00,Industrial Systems,V-023,20404.9,False,0.08269245793811018,False,Low
P2P-008524,2026-04-22 04:22:30+00:00,Industrial Systems,V-043,25950.16,False,0.3320528837223419,False,Medium
P2P-009132,2026-04-22 05:13:26+00:00,Industrial Systems,V-049,4758.02,True,0.8935155380903669,True,Critical
P2P-008324,2026-04-22 07:06:50+00:00,Corporate Services,V-080,35702.77,True,0.6493420601175052,True,High
P2P-009141,2026-04-22 08:17:29+00:00,Corporate Services,V-053,159083.44,True,0.9638860939216302,True,Critical
P2P-000516,2026-04-22 09:09:08+00:00,Consumer Products,V-077,20063.7,True,0.9686495769642164,True,Critical
P2P-001548,2026-04-22 09:30:42+00:00,Consumer Products,V-005,10615.87,False,0.23084179800965052,False,Low
P2P-005104,2026-04-22 11:48:24+00:00,Corporate Services,V-070,5229.06,True,0.7933713959681664,True,High
P2P-006532,2026-04-22 13:47:07+00:00,Consumer Products,V-061,9567.57,False,0.4109038259287597,False,Medium
P2P-001589,2026-04-22 14:15:00+00:00,Consumer Products,V-024,76988.63,False,0.19504181824590563,False,Low
P2P-007263,2026-04-22 18:57:11+00:00,Consumer Products,V-023,7341.63,False,0.2564509132353373,False,Low
P2P-003227,2026-04-22 19:37:53+00:00,Consumer Products,V-048,13008.86,True,0.3380511104636025,False,Medium
P2P-011238,2026-04-22 21:14:44+00:00,Consumer Products,V-045,16616.97,False,0.4506193569849284,False,Medium
P2P-006912,2026-04-22 21:51:37+00:00,Consumer Products,V-004,2318.05,False,0.1313582839944425,False,Low
P2P-000526,2026-04-22 22:06:09+00:00,Industrial Systems,V-079,6368.79,False,0.5460087111271494,True,Medium
P2P-006937,2026-04-22 22:20:48+00:00,Consumer Products,V-068,9879.29,True,0.7677055323974308,True,High
P2P-006362,2026-04-22 23:04:42+00:00,Industrial Systems,V-005,8769.25,False,0.14035740711632982,False,Low
P2P-007818,2026-04-23 01:19:23+00:00,Industrial Systems,V-036,12183.08,False,0.3779038314241838,False,Medium
P2P-010834,2026-04-23 02:31:42+00:00,Industrial Systems,V-056,48504.2,True,0.8490109786874221,True,Critical
P2P-002315,2026-04-23 03:45:58+00:00,Consumer Products,V-049,2672.85,False,0.4405280247408545,False,Medium
P2P-006393,2026-04-23 03:59:12+00:00,Corporate Services,V-049,8601.33,False,0.5826285880255464,True,Medium
P2P-002519,2026-04-23 04:10:22+00:00,Consumer Products,V-036,37448.02,True,0.23679668450002314,False,Low
P2P-010899,2026-04-23 04:29:38+00:00,Industrial Systems,V-040,36661.13,True,0.8571082721427487,True,Critical
P2P-005120,2026-04-23 07:57:50+00:00,Industrial Systems,V-020,15821.82,True,0.894706109349805,True,Critical
P2P-008855,2026-04-23 10:30:44+00:00,Industrial Systems,V-045,124494.61,False,0.22821590336945857,False,Low
P2P-001532,2026-04-23 12:12:40+00:00,Corporate Services,V-015,9346.66,False,0.15420074916333795,False,Low
P2P-008159,2026-04-23 14:46:59+00:00,Consumer Products,V-034,5712.41,False,0.3080034588903096,False,Medium
P2P-001576,2026-04-23 17:07:46+00:00,Consumer Products,V-051,21640.32,True,0.3558947791691218,False,Medium
P2P-002621,2026-04-23 18:04:26+00:00,Consumer Products,V-007,107044.79,False,0.3608682707872153,False,Medium
P2P-006560,2026-04-23 21:43:49+00:00,Industrial Systems,V-039,5296.47,False,0.2906815113394856,False,Low
P2P-007812,2026-04-23 21:45:03+00:00,Consumer Products,V-029,41983.0,False,0.3209709438696779,False,Medium
P2P-006674,2026-04-24 01:12:23+00:00,Industrial Systems,V-027,13443.74,False,0.3473872511956653,False,Medium
P2P-001453,2026-04-24 01:29:58+00:00,Corporate Services,V-070,19157.97,False,0.47182161451601606,False,Medium
P2P-004873,2026-04-24 02:01:51+00:00,Corporate Services,V-047,17111.46,True,0.2787023459573588,False,Low
P2P-011848,2026-04-24 03:06:34+00:00,Corporate Services,V-011,851.22,False,0.036561556037351686,False,Low
P2P-001416,2026-04-24 03:09:08+00:00,Industrial Systems,V-007,86689.82,True,0.3991926229126381,False,Medium
P2P-001804,2026-04-24 05:07:45+00:00,Consumer Products,V-002,4822.87,False,0.7874050995271907,True,High
P2P-001167,2026-04-24 06:49:57+00:00,Corporate Services,V-042,14078.05,True,0.8962968737399097,True,Critical
P2P-002697,2026-04-24 09:16:48+00:00,Industrial Systems,V-007,2336.21,True,0.2516542084363837,False,Low
P2P-008574,2026-04-24 10:29:46+00:00,Consumer Products,V-075,6808.84,False,0.6965063986336157,True,High
P2P-009920,2026-04-24 14:12:00+00:00,Industrial Systems,V-002,48613.2,False,0.2244363584021494,False,Low
P2P-001562,2026-04-24 14:52:08+00:00,Consumer Products,V-029,19439.96,True,0.5236808510999209,True,Medium
P2P-001144,2026-04-24 15:20:59+00:00,Industrial Systems,V-010,62287.85,False,0.22127009141745013,False,Low
P2P-003017,2026-04-24 17:12:45+00:00,Industrial Systems,V-027,7543.95,False,0.18497957757901853,False,Low
P2P-010192,2026-04-24 17:26:02+00:00,Industrial Systems,V-005,5852.51,False,0.23656165178043678,False,Low
P2P-011391,2026-04-24 18:19:23+00:00,Corporate Services,V-077,13643.87,False,0.7665335428593446,True,High
P2P-006475,2026-04-24 19:57:09+00:00,Consumer Products,V-018,21526.22,False,0.2857919170963071,False,Low
P2P-011353,2026-04-24 20:14:18+00:00,Consumer Products,V-047,11443.75,False,0.25623725542125453,False,Low
P2P-002378,2026-04-24 23:16:37+00:00,Industrial Systems,V-010,7179.4,True,0.7100702811109818,True,High
P2P-007319,2026-04-24 23:20:56+00:00,Industrial Systems,V-061,31028.06,False,0.701429986790709,True,High
P2P-007415,2026-04-24 23:50:12+00:00,Industrial Systems,V-060,18857.29,True,0.8653735813504717,True,Critical
P2P-011709,2026-04-25 00:20:29+00:00,Industrial Systems,V-020,22302.29,False,0.32822912924176634,False,Medium
P2P-010796,2026-04-25 01:02:23+00:00,Consumer Products,V-071,5170.1,True,0.9689588977911349,True,Critical
P2P-001495,2026-04-25 01:46:07+00:00,Industrial Systems,V-060,1709.3,True,0.45021547114826427,False,Medium
P2P-011827,2026-04-25 02:20:31+00:00,Consumer Products,V-010,25624.48,False,0.19956907606750218,False,Low
P2P-006023,2026-04-25 03:21:18+00:00,Industrial Systems,V-019,3540.24,False,0.3628230494555769,False,Medium
P2P-006655,2026-04-25 06:27:53+00:00,Consumer Products,V-047,50536.19,True,0.45198829711736116,False,Medium
P2P-001899,2026-04-25 07:35:44+00:00,Consumer Products,V-037,23386.81,True,0.1203698349597783,False,Low
P2P-001090,2026-04-25 07:52:12+00:00,Industrial Systems,V-010,19907.37,False,0.0937191668706499,False,Low
P2P-001317,2026-04-25 09:15:49+00:00,Industrial Systems,V-013,3449.25,False,0.47011124724997394,False,Medium
P2P-008171,2026-04-25 09:52:21+00:00,Industrial Systems,V-050,4629.06,False,0.036014046842034804,False,Low
P2P-009324,2026-04-25 09:53:01+00:00,Industrial Systems,V-031,29602.57,False,0.297275819784119,False,Low
P2P-002235,2026-04-25 12:55:20+00:00,Consumer Products,V-078,50698.43,False,0.675482464184168,True,High
P2P-009016,2026-04-25 14:19:51+00:00,Industrial Systems,V-010,57593.4,False,0.08570177161244165,False,Low
P2P-006983,2026-04-25 15:52:04+00:00,Consumer Products,V-005,25350.58,False,0.254748071228611,False,Low
P2P-006732,2026-04-25 19:40:55+00:00,Industrial Systems,V-070,17344.06,True,0.5223278664356369,True,Medium
P2P-006551,2026-04-25 20:39:28+00:00,Corporate Services,V-079,92204.97,True,0.9663358652428001,True,Critical
P2P-000799,2026-04-25 21:44:45+00:00,Consumer Products,V-023,35317.92,True,0.5565645081971363,True,Medium
P2P-004689,2026-04-26 00:43:07+00:00,Corporate Services,V-013,56435.87,False,0.16822015760213466,False,Low
P2P-009051,2026-04-26 01:25:12+00:00,Corporate Services,V-015,9769.4,False,0.5651841076274513,True,Medium
P2P-009308,2026-04-26 08:28:09+00:00,Corporate Services,V-044,5146.74,False,0.06727123106383932,False,Low
P2P-005142,2026-04-26 09:20:06+00:00,Industrial Systems,V-076,12205.89,True,0.5267434203685392,True,Medium
P2P-001093,2026-04-26 09:35:11+00:00,Industrial Systems,V-035,6037.45,False,0.09000791765593769,False,Low
P2P-009914,2026-04-26 13:59:26+00:00,Corporate Services,V-024,8592.63,False,0.19559569109197544,False,Low
P2P-003201,2026-04-26 15:49:05+00:00,Industrial Systems,V-072,13344.5,True,0.6505551419336593,True,High
P2P-002415,2026-04-26 18:44:12+00:00,Consumer Products,V-038,17399.63,False,0.31604396150692116,False,Medium
P2P-002586,2026-04-26 18:58:41+00:00,Industrial Systems,V-044,6868.57,False,0.21668652839869026,False,Low
P2P-006435,2026-04-26 19:30:59+00:00,Corporate Services,V-035,28699.36,True,0.2849523915046639,False,Low
P2P-003520,2026-04-26 20:28:08+00:00,Consumer Products,V-058,18763.9,False,0.1168735552715521,False,Low
P2P-006031,2026-04-26 21:19:50+00:00,Corporate Services,V-054,10465.41,True,0.3134813440810165,False,Medium
P2P-010795,2026-04-26 22:05:31+00:00,Industrial Systems,V-061,16290.27,True,0.9192779163021708,True,Critical
P2P-007355,2026-04-26 23:48:58+00:00,Industrial Systems,V-072,19908.25,False,0.6889990249145319,True,High
P2P-000757,2026-04-27 02:00:24+00:00,Consumer Products,V-042,18859.55,True,0.2685070330448743,False,Low
P2P-008638,2026-04-27 02:51:55+00:00,Industrial Systems,V-009,4853.59,False,0.15677555957450362,False,Low
P2P-003333,2026-04-27 03:14:09+00:00,Corporate Services,V-052,16722.27,False,0.3626723483235724,False,Medium
P2P-005876,2026-04-27 03:56:05+00:00,Consumer Products,V-032,11728.02,False,0.4128784883716762,False,Medium
P2P-004945,2026-04-27 05:23:10+00:00,Industrial Systems,V-001,10666.52,False,0.10245872117182248,False,Low
P2P-004482,2026-04-27 05:57:58+00:00,Industrial Systems,V-019,6022.25,True,0.3766106164424753,False,Medium
P2P-001359,2026-04-27 09:29:07+00:00,Consumer Products,V-023,1880.4,True,0.38000870555950217,False,Medium
P2P-006764,2026-04-27 10:15:28+00:00,Consumer Products,V-043,34182.04,False,0.19802644142173315,False,Low
P2P-000965,2026-04-27 11:10:06+00:00,Industrial Systems,V-010,1733.74,False,0.15336850458836265,False,Low
P2P-009911,2026-04-27 11:29:47+00:00,Industrial Systems,V-040,73919.37,False,0.4216346759302405,False,Medium
P2P-002895,2026-04-27 11:41:47+00:00,Corporate Services,V-016,13838.67,False,0.17081418984686625,False,Low
P2P-005324,2026-04-27 13:19:28+00:00,Consumer Products,V-062,25024.28,False,0.6271924544112552,True,High
P2P-004511,2026-04-27 15:07:48+00:00,Consumer Products,V-005,33233.09,False,0.10231149320446378,False,Low
P2P-008604,2026-04-27 15:44:20+00:00,Industrial Systems,V-022,25172.83,False,0.09774640696400141,False,Low
P2P-007709,2026-04-27 16:48:17+00:00,Corporate Services,V-043,28675.11,False,0.17050142056171552,False,Low
P2P-008446,2026-04-27 18:54:14+00:00,Corporate Services,V-004,42091.55,False,0.08241226313170415,False,Low
P2P-001598,2026-04-27 19:41:32+00:00,Industrial Systems,V-078,10504.07,True,0.6155155581705702,True,High
P2P-006220,2026-04-27 21:01:21+00:00,Consumer Products,V-060,29634.18,True,0.8149472997804934,True,Critical
P2P-006110,2026-04-27 21:10:40+00:00,Industrial Systems,V-041,14159.58,False,0.09869676757639118,False,Low
P2P-010513,2026-04-27 21:57:42+00:00,Industrial Systems,V-030,8899.4,False,0.11502941248851717,False,Low
P2P-002711,2026-04-27 22:58:10+00:00,Consumer Products,V-059,22682.69,True,0.3268794835451443,False,Medium
P2P-007315,2026-04-28 00:10:10+00:00,Corporate Services,V-019,5400.39,True,0.3945185275582898,False,Medium
P2P-011891,2026-04-28 01:40:04+00:00,Consumer Products,V-019,14826.5,True,0.8597885616238763,True,Critical
P2P-009563,2026-04-28 02:13:40+00:00,Industrial Systems,V-042,19485.07,False,0.24819307701615897,False,Low
P2P-009104,2026-04-28 03:36:45+00:00,Industrial Systems,V-011,7351.19,True,0.11255081651888406,False,Low
P2P-010413,2026-04-28 03:53:27+00:00,Corporate Services,V-056,56173.47,True,0.6978092668901452,True,High
P2P-010649,2026-04-28 04:36:57+00:00,Consumer Products,V-045,47881.07,True,0.8326748473104005,True,Critical
P2P-011382,2026-04-28 04:55:53+00:00,Industrial Systems,V-031,64777.07,True,0.46318055985782614,False,Medium
P2P-009474,2026-04-28 05:30:30+00:00,Industrial Systems,V-036,62799.61,False,0.3358229755434064,False,Medium
P2P-002046,2026-04-28 05:55:18+00:00,Industrial Systems,V-030,12846.85,True,0.08947239400474255,False,Low
P2P-000782,2026-04-28 07:57:56+00:00,Consumer Products,V-037,10325.02,True,0.33023566371857227,False,Medium
P2P-010587,2026-04-28 09:48:48+00:00,Consumer Products,V-062,6703.5,True,0.6206815687671655,True,High
P2P-011331,2026-04-28 10:06:11+00:00,Consumer Products,V-007,21668.75,False,0.160162803678039,False,Low
P2P-011666,2026-04-28 10:32:28+00:00,Consumer Products,V-006,5196.5,False,0.16456317560786063,False,Low
P2P-001908,2026-04-28 10:46:04+00:00,Consumer Products,V-026,22501.19,True,0.8731762696043257,True,Critical
P2P-006394,2026-04-28 10:52:58+00:00,Corporate Services,V-025,11999.33,False,0.31636760608509207,False,Medium
P2P-000451,2026-04-28 11:49:43+00:00,Consumer Products,V-019,12234.48,False,0.3609308110177518,False,Medium
P2P-008534,2026-04-28 11:54:38+00:00,Consumer Products,V-035,1219.67,False,0.46655327620366527,False,Medium
P2P-000074,2026-04-28 11:56:31+00:00,Industrial Systems,V-006,22284.45,False,0.18055794348247778,False,Low
P2P-004800,2026-04-28 12:41:17+00:00,Consumer Products,V-079,38496.52,False,0.3193772919769946,False,Medium
P2P-010800,2026-04-28 12:41:17+00:00,Corporate Services,V-037,26252.98,False,0.41257931480900806,False,Medium
P2P-011433,2026-04-28 13:16:23+00:00,Industrial Systems,V-022,66772.35,False,0.4398985750367449,False,Medium
P2P-002362,2026-04-28 13:47:35+00:00,Corporate Services,V-020,23581.57,False,0.3861448428789343,False,Medium
P2P-004255,2026-04-28 13:53:01+00:00,Consumer Products,V-008,15264.94,False,0.18955085427484528,False,Low
P2P-011509,2026-04-28 14:08:50+00:00,Consumer Products,V-041,23687.53,False,0.41936952907669534,False,Medium
P2P-000397,2026-04-28 15:18:56+00:00,Industrial Systems,V-040,15397.21,True,0.8140647256423728,True,Critical
P2P-010763,2026-04-28 16:13:30+00:00,Corporate Services,V-036,38815.67,True,0.890520931671187,True,Critical
P2P-004516,2026-04-28 19:45:52+00:00,Consumer Products,V-072,17923.21,True,0.7207851203329614,True,High
P2P-004432,2026-04-28 20:08:56+00:00,Consumer Products,V-051,13334.35,False,0.8762748264602214,True,Critical
P2P-005475,2026-04-28 20:10:09+00:00,Industrial Systems,V-051,35647.49,True,0.4705967478435541,False,Medium
P2P-011121,2026-04-28 20:13:17+00:00,Consumer Products,V-023,57837.34,False,0.1882954672273399,False,Low
P2P-007282,2026-04-28 20:16:24+00:00,Corporate Services,V-028,11478.5,False,0.3730363531508284,False,Medium
P2P-003075,2026-04-28 20:20:55+00:00,Consumer Products,V-051,36662.14,True,0.8759371176467989,True,Critical
P2P-005024,2026-04-28 21:34:47+00:00,Industrial Systems,V-006,166102.79,True,0.8101779597587885,True,Critical
P2P-010427,2026-04-28 22:24:15+00:00,Consumer Products,V-031,17408.74,True,0.8431336391311093,True,Critical
P2P-001865,2026-04-28 23:33:01+00:00,Corporate Services,V-015,44275.52,False,0.07177029808014632,False,Low
P2P-001896,2026-04-29 00:25:44+00:00,Consumer Products,V-053,21482.98,True,0.8635956165637094,True,Critical
P2P-006473,2026-04-29 00:34:03+00:00,Industrial Systems,V-035,8990.87,False,0.09536918502635347,False,Low
P2P-008798,2026-04-29 03:08:49+00:00,Consumer Products,V-036,103265.79,False,0.24860934588134434,False,Low
P2P-004690,2026-04-29 03:18:01+00:00,Consumer Products,V-045,10188.53,True,0.8510614057227354,True,Critical
P2P-001421,2026-04-29 03:37:33+00:00,Corporate Services,V-027,15099.61,True,0.3823933750945193,False,Medium
P2P-007984,2026-04-29 07:27:51+00:00,Industrial Systems,V-001,21786.0,False,0.36651360641732617,False,Medium
P2P-002635,2026-04-29 09:51:53+00:00,Consumer Products,V-047,24978.88,False,0.7102435142290875,True,High
P2P-009382,2026-04-29 09:57:10+00:00,Consumer Products,V-068,74827.27,True,0.5196896986435283,True,Medium
P2P-002768,2026-04-29 10:10:43+00:00,Corporate Services,V-077,7562.24,False,0.6671635097083374,True,High
P2P-005733,2026-04-29 13:09:37+00:00,Consumer Products,V-023,5598.44,False,0.2017034323577835,False,Low
P2P-000499,2026-04-29 14:20:07+00:00,Industrial Systems,V-057,10932.77,False,0.48976556921149506,False,Medium
P2P-006892,2026-04-29 14:46:14+00:00,Corporate Services,V-006,32518.52,False,0.7577855724972138,True,High
P2P-000305,2026-04-29 16:51:21+00:00,Consumer Products,V-003,9410.96,False,0.15035136270558025,False,Low
P2P-006014,2026-04-29 17:07:41+00:00,Consumer Products,V-018,4563.97,False,0.16372053943723638,False,Low
P2P-004755,2026-04-29 17:10:51+00:00,Corporate Services,V-053,9378.8,False,0.21350239836560264,False,Low
P2P-003277,2026-04-29 17:50:53+00:00,Consumer Products,V-057,13796.79,True,0.8771314802180922,True,Critical
P2P-000762,2026-04-29 17:51:44+00:00,Industrial Systems,V-049,10187.67,True,0.8361039518476315,True,Critical
P2P-011974,2026-04-29 19:05:33+00:00,Consumer Products,V-015,21725.62,False,0.18794219985518879,False,Low
P2P-005734,2026-04-29 19:09:27+00:00,Consumer Products,V-068,17585.92,False,0.7439532661083381,True,High
P2P-011262,2026-04-29 19:09:34+00:00,Industrial Systems,V-043,62928.69,False,0.5722183560409135,True,Medium
P2P-004072,2026-04-29 20:25:52+00:00,Industrial Systems,V-001,63797.31,False,0.26016755924873924,False,Low
P2P-003962,2026-04-29 21:20:23+00:00,Industrial Systems,V-053,1860.53,False,0.8313041571773173,True,Critical
P2P-006858,2026-04-29 22:26:45+00:00,Consumer Products,V-009,107742.87,False,0.6563591172964355,True,High
P2P-009556,2026-04-29 22:30:46+00:00,Consumer Products,V-022,17832.83,False,0.5555488164307539,True,Medium
P2P-004481,2026-04-29 22:56:15+00:00,Industrial Systems,V-048,112587.05,False,0.5508999698207436,True,Medium
P2P-002048,2026-04-30 01:20:02+00:00,Consumer Products,V-067,53147.97,False,0.5080174089367465,True,Medium
P2P-008270,2026-04-30 02:34:58+00:00,Industrial Systems,V-032,88883.25,True,0.610749963620262,True,High
P2P-002938,2026-04-30 05:28:05+00:00,Consumer Products,V-073,19396.11,True,0.6937165456434524,True,High
P2P-001192,2026-04-30 07:53:06+00:00,Industrial Systems,V-056,15898.78,False,0.16387270740959536,False,Low
P2P-010455,2026-04-30 08:07:48+00:00,Consumer Products,V-029,153312.38,False,0.6700327731779886,True,High
P2P-005284,2026-04-30 10:04:46+00:00,Industrial Systems,V-002,10546.36,False,0.24097727769444727,False,Low
P2P-007264,2026-04-30 11:18:05+00:00,Consumer Products,V-002,2942.69,False,0.011411030493371815,False,Low
P2P-010922,2026-04-30 11:23:38+00:00,Consumer Products,V-062,24811.63,True,0.6859595953328426,True,High
P2P-010291,2026-04-30 14:12:52+00:00,Corporate Services,V-023,18251.96,False,0.16707061959942046,False,Low
P2P-003815,2026-04-30 18:24:37+00:00,Corporate Services,V-064,15682.11,True,0.31109393421682957,False,Medium
P2P-001607,2026-04-30 19:20:18+00:00,Industrial Systems,V-065,15305.37,True,0.8378045869790144,True,Critical
P2P-004839,2026-04-30 19:40:12+00:00,Industrial Systems,V-071,16865.04,False,0.46269217723987177,False,Medium
P2P-006333,2026-04-30 20:01:01+00:00,Industrial Systems,V-035,86807.24,False,0.445595899466467,False,Medium
P2P-008056,2026-04-30 20:10:38+00:00,Industrial Systems,V-036,6437.5,False,0.24091717554151276,False,Low
P2P-004427,2026-04-30 20:31:10+00:00,Consumer Products,V-033,8953.33,False,0.07165549177814474,False,Low
P2P-005103,2026-04-30 23:13:09+00:00,Consumer Products,V-023,4685.28,True,0.2542903644134124,False,Low
P2P-008784,2026-04-30 23:13:29+00:00,Industrial Systems,V-015,7417.51,False,0.1402897081267033,False,Low
P2P-002770,2026-05-01 00:07:22+00:00,Industrial Systems,V-044,6079.57,False,0.12174789445228992,False,Low
P2P-001658,2026-05-01 00:21:06+00:00,Consumer Products,V-045,6751.73,False,0.24941461809111845,False,Low
P2P-011037,2026-05-01 01:15:14+00:00,Consumer Products,V-014,68158.03,True,0.748303137972661,True,High
P2P-002241,2026-05-01 02:13:04+00:00,Industrial Systems,V-011,14703.72,False,0.2005409142118481,False,Low
P2P-008765,2026-05-01 02:46:42+00:00,Corporate Services,V-043,18090.54,False,0.35559651831086286,False,Medium
P2P-006550,2026-05-01 04:11:48+00:00,Industrial Systems,V-021,3542.25,False,0.2656684446724425,False,Low
P2P-000879,2026-05-01 04:55:48+00:00,Industrial Systems,V-055,8104.79,False,0.19103470259977917,False,Low
P2P-002955,2026-05-01 05:15:54+00:00,Industrial Systems,V-038,300000.0,True,0.6383231136353263,True,High
P2P-000315,2026-05-01 05:30:28+00:00,Consumer Products,V-020,32492.36,False,0.26820170274758137,False,Low
P2P-007744,2026-05-01 06:31:29+00:00,Corporate Services,V-006,12420.5,False,0.1603245866237166,False,Low
P2P-010879,2026-05-01 08:12:24+00:00,Industrial Systems,V-046,141151.25,False,0.2192657565188161,False,Low
P2P-000371,2026-05-01 10:36:59+00:00,Industrial Systems,V-021,10355.45,True,0.4168678956823404,False,Medium
P2P-008979,2026-05-01 12:32:58+00:00,Industrial Systems,V-047,98412.77,True,0.8950397869124477,True,Critical
P2P-000344,2026-05-01 15:04:22+00:00,Corporate Services,V-023,21678.72,False,0.3234493584986519,False,Medium
P2P-000008,2026-05-01 15:45:45+00:00,Industrial Systems,V-056,4117.28,False,0.47238211547238884,False,Medium
P2P-005119,2026-05-01 16:47:52+00:00,Industrial Systems,V-033,17690.17,False,0.39062505894549093,False,Medium
P2P-010083,2026-05-01 17:04:08+00:00,Industrial Systems,V-077,42361.55,True,0.7260487989760985,True,High
P2P-003937,2026-05-01 20:37:02+00:00,Consumer Products,V-003,101765.45,True,0.7078347681356019,True,High
P2P-004366,2026-05-01 20:37:11+00:00,Industrial Systems,V-052,6333.73,False,0.3130369638656007,False,Medium
P2P-006850,2026-05-01 20:42:32+00:00,Corporate Services,V-034,53082.49,False,0.18244484835168628,False,Low
P2P-002250,2026-05-01 20:52:57+00:00,Consumer Products,V-044,79832.89,True,0.7703600896929876,True,High
P2P-004205,2026-05-01 20:59:04+00:00,Consumer Products,V-080,12529.73,True,0.4880955400883979,False,Medium
P2P-009116,2026-05-01 21:22:17+00:00,Consumer Products,V-077,11854.11,True,0.7740050767135385,True,High
P2P-011601,2026-05-01 21:36:19+00:00,Industrial Systems,V-006,300.3,False,0.13460604077547983,False,Low
P2P-007932,2026-05-01 22:12:03+00:00,Consumer Products,V-069,36608.49,True,0.8054364552972961,True,Critical
P2P-000494,2026-05-02 00:10:51+00:00,Industrial Systems,V-064,16563.94,True,0.5759636407116542,True,Medium
P2P-007954,2026-05-02 00:33:33+00:00,Corporate Services,V-012,78528.26,False,0.24549016814909957,False,Low
P2P-005889,2026-05-02 02:44:01+00:00,Corporate Services,V-054,4107.33,False,0.33344600127391305,False,Medium
P2P-007991,2026-05-02 02:54:27+00:00,Industrial Systems,V-023,29894.39,True,0.2757258998361327,False,Low
P2P-011412,2026-05-02 05:12:12+00:00,Consumer Products,V-055,26209.65,True,0.5622879414911381,True,Medium
P2P-010375,2026-05-02 05:28:39+00:00,Industrial Systems,V-053,5128.97,True,0.343700667999192,False,Medium
P2P-005441,2026-05-02 05:40:20+00:00,Consumer Products,V-076,59508.84,True,0.8211847919474053,True,Critical
P2P-008806,2026-05-02 06:36:04+00:00,Industrial Systems,V-062,19353.52,False,0.7106543551021403,True,High
P2P-005211,2026-05-02 08:29:05+00:00,Industrial Systems,V-052,13700.52,True,0.5414133491705931,True,Medium
P2P-000903,2026-05-02 08:46:36+00:00,Corporate Services,V-042,83454.75,False,0.12684222891912011,False,Low
P2P-010565,2026-05-02 09:01:10+00:00,Consumer Products,V-062,17047.06,False,0.3052997584164959,False,Medium
P2P-004589,2026-05-02 10:30:50+00:00,Industrial Systems,V-054,21008.78,False,0.5754865286147454,True,Medium
P2P-009017,2026-05-02 10:35:43+00:00,Consumer Products,V-079,46141.99,False,0.7288036332498387,True,High
P2P-004043,2026-05-02 10:55:55+00:00,Consumer Products,V-039,3389.52,True,0.22769500056349848,False,Low
P2P-009818,2026-05-02 11:35:38+00:00,Industrial Systems,V-061,65760.35,False,0.8690936593234421,True,Critical
P2P-004512,2026-05-02 11:38:16+00:00,Corporate Services,V-025,10840.79,False,0.2823277208428086,False,Low
P2P-005627,2026-05-02 11:56:38+00:00,Consumer Products,V-068,3805.26,False,0.5796607203173534,True,Medium
P2P-010657,2026-05-02 12:37:39+00:00,Consumer Products,V-031,17191.35,False,0.43169782801720696,False,Medium
P2P-002654,2026-05-02 15:24:18+00:00,Consumer Products,V-036,10766.59,False,0.09765800597667859,False,Low
P2P-009022,2026-05-02 15:57:16+00:00,Industrial Systems,V-025,31281.0,False,0.6144955720111622,True,High
P2P-003417,2026-05-02 16:14:39+00:00,Industrial Systems,V-041,2230.69,False,0.26478344863282016,False,Low
P2P-004768,2026-05-02 16:18:34+00:00,Corporate Services,V-019,68229.25,True,0.3582533807370501,False,Medium
P2P-004871,2026-05-02 17:51:49+00:00,Corporate Services,V-065,17345.45,False,0.8517644255474439,True,Critical
P2P-002765,2026-05-02 18:20:50+00:00,Corporate Services,V-028,99687.5,False,0.48958552632110686,False,Medium
P2P-010477,2026-05-02 18:29:40+00:00,Consumer Products,V-060,22709.26,False,0.32072060939267516,False,Medium
P2P-000583,2026-05-02 18:40:54+00:00,Consumer Products,V-028,1790.64,False,0.33450751381649846,False,Medium
P2P-004087,2026-05-02 18:54:36+00:00,Corporate Services,V-069,185116.61,True,0.46298780591978705,False,Medium
P2P-010351,2026-05-02 19:55:25+00:00,Consumer Products,V-014,1545.93,True,0.7586116435008656,True,High
P2P-006756,2026-05-02 21:43:00+00:00,Industrial Systems,V-026,1676.05,False,0.12268486310330529,False,Low
P2P-010598,2026-05-02 21:57:20+00:00,Industrial Systems,V-054,18479.06,True,0.869850207678118,True,Critical
P2P-008012,2026-05-02 23:20:25+00:00,Industrial Systems,V-053,1524.44,False,0.03398078904133097,False,Low
P2P-007234,2026-05-03 00:36:29+00:00,Consumer Products,V-037,6486.0,False,0.32367001210722707,False,Medium
P2P-008767,2026-05-03 03:09:50+00:00,Industrial Systems,V-003,25816.88,False,0.14534605536680195,False,Low
P2P-008976,2026-05-03 03:56:36+00:00,Consumer Products,V-023,8991.32,False,0.1826455457025816,False,Low
P2P-009948,2026-05-03 04:15:30+00:00,Industrial Systems,V-080,166858.46,True,0.9760950655072506,True,Critical
P2P-000390,2026-05-03 04:48:09+00:00,Consumer Products,V-067,51360.03,False,0.5476653504716654,True,Medium
P2P-003766,2026-05-03 05:51:14+00:00,Industrial Systems,V-003,40305.3,True,0.6921161360970779,True,High
P2P-011118,2026-05-03 05:52:20+00:00,Corporate Services,V-043,19167.53,False,0.4716859233567739,False,Medium
P2P-003120,2026-05-03 06:45:15+00:00,Consumer Products,V-053,8487.02,True,0.36125226605096317,False,Medium
P2P-009634,2026-05-03 06:52:38+00:00,Consumer Products,V-072,16949.26,True,0.24547589027556074,False,Low
P2P-003462,2026-05-03 06:55:23+00:00,Corporate Services,V-031,37036.51,True,0.5018041771432504,True,Medium
P2P-001209,2026-05-03 08:06:48+00:00,Industrial Systems,V-040,21425.61,True,0.31572324328180157,False,Medium
P2P-011676,2026-05-03 09:11:20+00:00,Industrial Systems,V-027,17238.87,False,0.3151937601448696,False,Medium
P2P-001322,2026-05-03 10:46:45+00:00,Consumer Products,V-053,68465.03,True,0.45119078003148483,False,Medium
P2P-009405,2026-05-03 12:09:05+00:00,Industrial Systems,V-020,2240.4,False,0.7807225140907924,True,High
P2P-008266,2026-05-03 12:16:16+00:00,Industrial Systems,V-005,9799.21,False,0.1234551120947713,False,Low
P2P-011970,2026-05-03 12:24:29+00:00,Consumer Products,V-005,9572.49,False,0.569314870591892,True,Medium
P2P-000776,2026-05-03 14:42:01+00:00,Industrial Systems,V-032,4223.28,False,0.3539092931161471,False,Medium
P2P-001877,2026-05-03 15:43:26+00:00,Industrial Systems,V-031,75213.14,True,0.8539639795743179,True,Critical
P2P-002821,2026-05-03 16:54:50+00:00,Industrial Systems,V-040,10826.65,False,0.4930808625493135,False,Medium
P2P-003806,2026-05-03 18:03:07+00:00,Industrial Systems,V-070,14904.48,True,0.7856582567983316,True,High
P2P-000986,2026-05-03 20:16:48+00:00,Industrial Systems,V-080,11078.17,False,0.737160900472016,True,High
P2P-008258,2026-05-03 21:59:19+00:00,Consumer Products,V-009,40708.49,True,0.7697082027713442,True,High
P2P-001249,2026-05-03 22:14:48+00:00,Industrial Systems,V-057,6795.34,False,0.26157847997897593,False,Low
P2P-007813,2026-05-03 23:54:16+00:00,Consumer Products,V-021,40224.86,False,0.33839618403640576,False,Medium
P2P-004076,2026-05-03 23:56:37+00:00,Consumer Products,V-017,19469.76,False,0.03881060162582746,False,Low
P2P-004590,2026-05-04 00:35:02+00:00,Consumer Products,V-058,133105.08,False,0.3508692370515383,False,Medium
P2P-006222,2026-05-04 00:54:28+00:00,Consumer Products,V-018,23860.25,False,0.25922424999763055,False,Low
P2P-000115,2026-05-04 01:18:31+00:00,Industrial Systems,V-051,9977.72,False,0.13509679587639314,False,Low
P2P-005960,2026-05-04 03:19:38+00:00,Corporate Services,V-078,20811.3,True,0.6899597118977792,True,High
P2P-005541,2026-05-04 03:34:46+00:00,Industrial Systems,V-013,5991.55,False,0.13323817219247985,False,Low
P2P-010424,2026-05-04 04:13:57+00:00,Industrial Systems,V-040,22468.0,True,0.9308441200297698,True,Critical
P2P-005523,2026-05-04 08:38:27+00:00,Corporate Services,V-006,51436.63,False,0.1026045852727036,False,Low
P2P-003909,2026-05-04 09:24:43+00:00,Industrial Systems,V-058,10890.2,False,0.27106148225292886,False,Low
P2P-009567,2026-05-04 10:37:54+00:00,Consumer Products,V-005,34270.32,False,0.29555324514804165,False,Low
P2P-002258,2026-05-04 10:41:51+00:00,Consumer Products,V-043,14334.55,False,0.09764129502769145,False,Low
P2P-010747,2026-05-04 12:05:54+00:00,Industrial Systems,V-002,30685.08,False,0.21484239036058905,False,Low
P2P-002381,2026-05-04 13:08:33+00:00,Consumer Products,V-047,15870.31,False,0.0945523290792481,False,Low
P2P-005336,2026-05-04 13:51:00+00:00,Consumer Products,V-022,77101.71,False,0.5929895863818622,True,Medium
P2P-011008,2026-05-04 14:54:13+00:00,Corporate Services,V-065,4824.84,True,0.4847510422333527,False,Medium
P2P-008465,2026-05-04 15:26:44+00:00,Industrial Systems,V-038,26208.75,False,0.3221050846656934,False,Medium
P2P-000333,2026-05-04 16:25:03+00:00,Consumer Products,V-012,15280.74,False,0.09427970860545194,False,Low
P2P-000105,2026-05-04 18:33:26+00:00,Corporate Services,V-066,6173.08,False,0.6672219951121896,True,High
P2P-006007,2026-05-04 19:21:03+00:00,Consumer Products,V-032,8529.74,False,0.4799930968829468,False,Medium
P2P-006617,2026-05-04 22:16:59+00:00,Industrial Systems,V-074,7307.78,True,0.5982973592118848,True,Medium
P2P-009631,2026-05-04 22:22:39+00:00,Industrial Systems,V-076,51542.07,False,0.6078749945109815,True,High
P2P-005277,2026-05-04 22:48:05+00:00,Consumer Products,V-060,3677.49,False,0.7909569596473319,True,High
P2P-003964,2026-05-04 22:49:50+00:00,Industrial Systems,V-076,22013.4,True,0.7591043361408283,True,High
P2P-009668,2026-05-04 23:25:59+00:00,Consumer Products,V-062,19567.55,True,0.9624848008824428,True,Critical
P2P-002087,2026-05-05 01:21:03+00:00,Consumer Products,V-008,12802.07,False,0.056280750537204965,False,Low
P2P-004217,2026-05-05 01:28:22+00:00,Consumer Products,V-026,6814.35,False,0.3763325914037499,False,Medium
P2P-003198,2026-05-05 01:57:16+00:00,Industrial Systems,V-060,7563.04,True,0.9718091330987171,True,Critical
P2P-003254,2026-05-05 04:13:09+00:00,Consumer Products,V-041,18619.11,False,0.07507823618592051,False,Low
P2P-002146,2026-05-05 06:22:27+00:00,Corporate Services,V-030,2754.89,False,0.3218338018736631,False,Medium
P2P-007659,2026-05-05 07:22:38+00:00,Industrial Systems,V-073,134360.46,False,0.47145315814111427,False,Medium
P2P-007112,2026-05-05 07:26:44+00:00,Industrial Systems,V-037,14733.43,False,0.32426050954603786,False,Medium
P2P-011981,2026-05-05 11:26:08+00:00,Industrial Systems,V-053,8937.5,True,0.8473765370471753,True,Critical
P2P-009835,2026-05-05 11:43:38+00:00,Industrial Systems,V-023,2604.63,False,0.2548271040962864,False,Low
P2P-000031,2026-05-05 13:07:47+00:00,Consumer Products,V-038,16856.71,True,0.854714054244378,True,Critical
P2P-003948,2026-05-05 19:14:57+00:00,Industrial Systems,V-047,3506.07,True,0.3345294628993843,False,Medium
P2P-002831,2026-05-05 19:54:10+00:00,Consumer Products,V-056,13316.19,False,0.8374254205203705,True,Critical
P2P-007040,2026-05-05 21:13:04+00:00,Corporate Services,V-019,11904.98,True,0.23089732690447562,False,Low
P2P-009456,2026-05-05 21:30:50+00:00,Industrial Systems,V-017,10939.41,False,0.18810864734493873,False,Low
P2P-011987,2026-05-05 21:57:24+00:00,Corporate Services,V-076,3528.8,True,0.7998741230553235,True,High
P2P-002655,2026-05-05 23:39:41+00:00,Consumer Products,V-019,20591.72,False,0.803604598963848,True,Critical
P2P-007572,2026-05-05 23:40:25+00:00,Industrial Systems,V-029,53900.48,False,0.41214024903263086,False,Medium
P2P-000814,2026-05-06 02:25:42+00:00,Industrial Systems,V-051,866.09,False,0.11595316139699026,False,Low
P2P-004788,2026-05-06 02:33:11+00:00,Consumer Products,V-019,5353.56,False,0.08518045583680073,False,Low
P2P-005973,2026-05-06 03:17:17+00:00,Corporate Services,V-013,5867.48,False,0.34712495770870905,False,Medium
P2P-007969,2026-05-06 04:08:51+00:00,Consumer Products,V-033,9536.72,False,0.1350712585270094,False,Low
P2P-008046,2026-05-06 04:15:00+00:00,Consumer Products,V-013,19807.53,False,0.08213707434581645,False,Low
P2P-009180,2026-05-06 04:38:39+00:00,Corporate Services,V-037,4820.51,True,0.23046497209966163,False,Low
P2P-002012,2026-05-06 05:13:34+00:00,Industrial Systems,V-075,10985.86,False,0.732505034090223,True,High
P2P-000282,2026-05-06 05:39:01+00:00,Consumer Products,V-069,17599.44,False,0.7390909420490891,True,High
P2P-006842,2026-05-06 05:49:31+00:00,Consumer Products,V-068,23130.99,True,0.9424367363240098,True,Critical
P2P-011387,2026-05-06 07:03:42+00:00,Industrial Systems,V-015,3870.66,False,0.07519576231584829,False,Low
P2P-009291,2026-05-06 11:17:09+00:00,Consumer Products,V-054,3509.43,False,0.3543987889308733,False,Medium
P2P-000138,2026-05-06 11:38:53+00:00,Industrial Systems,V-004,5820.49,False,0.15711662610284813,False,Low
P2P-006643,2026-05-06 12:34:50+00:00,Consumer Products,V-067,6210.33,True,0.9285685193376421,True,Critical
P2P-005259,2026-05-06 16:53:36+00:00,Industrial Systems,V-034,13574.73,False,0.24437186869119504,False,Low
P2P-010555,2026-05-06 17:15:16+00:00,Industrial Systems,V-062,27391.84,True,0.9615219971521424,True,Critical
P2P-001857,2026-05-06 18:01:19+00:00,Consumer Products,V-021,40339.5,False,0.564945351862545,True,Medium
P2P-001046,2026-05-06 18:07:23+00:00,Consumer Products,V-057,6771.53,False,0.46894033848010425,False,Medium
P2P-005316,2026-05-06 19:37:39+00:00,Industrial Systems,V-072,10192.95,True,0.7663025112088324,True,High
P2P-008974,2026-05-06 21:17:47+00:00,Industrial Systems,V-064,5355.4,False,0.6108121024063322,True,High
P2P-004078,2026-05-07 00:00:43+00:00,Industrial Systems,V-042,8360.75,False,0.3907732202974787,False,Medium
P2P-010156,2026-05-07 00:41:58+00:00,Industrial Systems,V-045,10770.66,True,0.45384039983626734,False,Medium
P2P-000557,2026-05-07 00:59:37+00:00,Industrial Systems,V-056,13372.67,False,0.2219857292347181,False,Low
P2P-005145,2026-05-07 01:11:38+00:00,Corporate Services,V-048,11961.93,True,0.3477539677619071,False,Medium
P2P-011327,2026-05-07 01:31:03+00:00,Corporate Services,V-080,128883.11,True,0.94119623839359,True,Critical
P2P-001631,2026-05-07 01:56:06+00:00,Consumer Products,V-076,38485.1,True,0.7428986791205868,True,High
P2P-010771,2026-05-07 02:39:48+00:00,Corporate Services,V-010,9764.77,False,0.06298076762552315,False,Low
P2P-006384,2026-05-07 02:53:05+00:00,Industrial Systems,V-014,729.05,False,0.16377892929503224,False,Low
P2P-006084,2026-05-07 03:36:58+00:00,Industrial Systems,V-015,5180.67,False,0.054216839366135285,False,Low
P2P-002384,2026-05-07 04:04:34+00:00,Corporate Services,V-033,25806.44,True,0.8539743612643032,True,Critical
P2P-002690,2026-05-07 04:34:51+00:00,Consumer Products,V-010,23523.07,True,0.6049425322957956,True,High
P2P-002488,2026-05-07 05:01:06+00:00,Consumer Products,V-019,16238.81,False,0.22477853423924488,False,Low
P2P-003055,2026-05-07 07:23:58+00:00,Industrial Systems,V-003,14920.94,False,0.177721763677339,False,Low
P2P-009448,2026-05-07 10:58:03+00:00,Corporate Services,V-068,53275.24,True,0.682959610991673,True,High
P2P-001282,2026-05-07 12:25:09+00:00,Corporate Services,V-077,20847.53,True,0.8351096193053966,True,Critical
P2P-008495,2026-05-07 14:14:01+00:00,Industrial Systems,V-036,18858.2,True,0.8163043987315245,True,Critical
P2P-003187,2026-05-07 14:36:30+00:00,Industrial Systems,V-066,31109.93,False,0.6645197377558044,True,High
P2P-001498,2026-05-07 15:42:03+00:00,Consumer Products,V-077,10876.32,True,0.9483950492649126,True,Critical
P2P-007645,2026-05-07 15:52:10+00:00,Consumer Products,V-045,21490.35,True,0.12384156986767524,False,Low
P2P-007017,2026-05-07 16:51:08+00:00,Industrial Systems,V-025,34379.92,False,0.1047467172084744,False,Low
P2P-001236,2026-05-07 17:06:33+00:00,Corporate Services,V-033,9339.81,True,0.798984910008358,True,High
P2P-002065,2026-05-07 18:03:31+00:00,Industrial Systems,V-017,59266.0,False,0.3688655295835148,False,Medium
P2P-006016,2026-05-07 18:55:51+00:00,Industrial Systems,V-040,3966.76,False,0.3388732580763048,False,Medium
P2P-011538,2026-05-07 20:42:29+00:00,Industrial Systems,V-051,4424.45,False,0.163291391575778,False,Low
P2P-010118,2026-05-07 21:09:03+00:00,Consumer Products,V-058,43078.16,False,0.46410881707408036,False,Medium
P2P-010352,2026-05-07 21:31:11+00:00,Industrial Systems,V-015,94049.25,False,0.2689331730576866,False,Low
P2P-002750,2026-05-07 23:24:54+00:00,Consumer Products,V-063,42829.86,True,0.593035920778684,True,Medium
P2P-009399,2026-05-08 00:59:17+00:00,Industrial Systems,V-047,58613.6,False,0.3464853902483322,False,Medium
P2P-005617,2026-05-08 01:58:55+00:00,Consumer Products,V-077,22941.48,True,0.7734718055195561,True,High
P2P-004811,2026-05-08 07:26:17+00:00,Industrial Systems,V-060,3604.82,False,0.31393015384006245,False,Medium
P2P-001874,2026-05-08 08:58:46+00:00,Consumer Products,V-075,37763.54,True,0.959717783648171,True,Critical
P2P-000520,2026-05-08 09:23:44+00:00,Consumer Products,V-016,7585.32,False,0.32900639031258916,False,Medium
P2P-006006,2026-05-08 11:21:58+00:00,Industrial Systems,V-038,6413.82,False,0.14236137127923587,False,Low
P2P-003859,2026-05-08 13:28:21+00:00,Corporate Services,V-079,4307.64,True,0.920344699414004,True,Critical
P2P-006641,2026-05-08 15:43:32+00:00,Consumer Products,V-044,14711.53,False,0.08127591101037658,False,Low
P2P-011704,2026-05-08 22:10:26+00:00,Industrial Systems,V-032,8421.78,False,0.31137139582973916,False,Medium
P2P-004667,2026-05-08 22:57:46+00:00,Corporate Services,V-029,59798.43,False,0.05834589474730977,False,Low
P2P-001314,2026-05-08 22:59:49+00:00,Consumer Products,V-020,11320.34,False,0.44148034483707127,False,Medium
P2P-001454,2026-05-08 23:24:29+00:00,Corporate Services,V-022,18131.2,True,0.2855488023438351,False,Low
P2P-011247,2026-05-09 01:38:15+00:00,Corporate Services,V-061,5820.6,False,0.31178984166421,False,Medium
P2P-000488,2026-05-09 02:56:27+00:00,Industrial Systems,V-043,9283.16,False,0.24983666748994673,False,Low
P2P-005100,2026-05-09 02:58:33+00:00,Industrial Systems,V-072,24113.3,True,0.7555709970017761,True,High
P2P-005777,2026-05-09 04:10:27+00:00,Corporate Services,V-061,16760.27,True,0.9353753477693442,True,Critical
P2P-010602,2026-05-09 04:13:20+00:00,Industrial Systems,V-066,17937.21,True,0.8320244191552109,True,Critical
P2P-004566,2026-05-09 04:17:32+00:00,Corporate Services,V-005,35100.45,True,0.7590082180992631,True,High
P2P-006318,2026-05-09 04:38:59+00:00,Consumer Products,V-048,10880.02,False,0.8502860001161952,True,Critical
P2P-011585,2026-05-09 05:35:46+00:00,Corporate Services,V-053,73276.53,False,0.15919439485109796,False,Low
P2P-004977,2026-05-09 07:25:45+00:00,Consumer Products,V-019,73307.71,False,0.21027901265810323,False,Low
P2P-010952,2026-05-09 08:28:10+00:00,Industrial Systems,V-006,1555.36,True,0.6867755050729679,True,High
P2P-010061,2026-05-09 09:50:25+00:00,Corporate Services,V-001,36340.14,False,0.2848238696926625,False,Low
P2P-010543,2026-05-09 10:26:04+00:00,Industrial Systems,V-038,65364.68,False,0.45128495401059987,False,Medium
P2P-002025,2026-05-09 10:57:00+00:00,Industrial Systems,V-010,34504.55,False,0.1733344139211845,False,Low
P2P-007513,2026-05-09 14:00:44+00:00,Industrial Systems,V-067,12313.2,True,0.7344603455682275,True,High
P2P-006277,2026-05-09 14:51:06+00:00,Corporate Services,V-078,4052.5,True,0.9605055142660974,True,Critical
P2P-003174,2026-05-09 14:58:43+00:00,Corporate Services,V-020,22111.3,False,0.35359373597399174,False,Medium
P2P-008671,2026-05-09 15:24:17+00:00,Industrial Systems,V-047,31529.66,False,0.12673262069236338,False,Low
P2P-010816,2026-05-09 16:02:43+00:00,Industrial Systems,V-025,9143.91,True,0.2726800276326904,False,Low
P2P-007424,2026-05-09 16:16:10+00:00,Corporate Services,V-068,14545.85,False,0.33386571067815674,False,Medium
P2P-002022,2026-05-09 16:18:10+00:00,Consumer Products,V-055,13862.79,True,0.8449190378120934,True,Critical
P2P-010276,2026-05-09 16:18:24+00:00,Industrial Systems,V-028,21283.26,False,0.4897549881572823,False,Medium
P2P-002240,2026-05-09 16:54:15+00:00,Industrial Systems,V-064,21552.09,False,0.6015492146532011,True,High
P2P-002061,2026-05-09 19:20:49+00:00,Consumer Products,V-077,12999.97,False,0.6568296815187546,True,High
P2P-011952,2026-05-09 19:29:51+00:00,Industrial Systems,V-071,2168.34,True,0.90829917883603,True,Critical
P2P-008031,2026-05-09 22:19:28+00:00,Consumer Products,V-026,9727.49,False,0.4575506404468273,False,Medium
P2P-011063,2026-05-09 23:47:53+00:00,Industrial Systems,V-022,36071.52,False,0.3277748715599308,False,Medium
P2P-002802,2026-05-10 01:07:53+00:00,Industrial Systems,V-074,6994.15,True,0.7554659685039395,True,High
P2P-007529,2026-05-10 01:40:37+00:00,Industrial Systems,V-062,44641.86,False,0.28442735142759396,False,Low
P2P-001682,2026-05-10 01:41:42+00:00,Consumer Products,V-079,41064.52,False,0.7416175561069539,True,High
P2P-008650,2026-05-10 01:50:14+00:00,Industrial Systems,V-074,8976.47,True,0.9070172600208563,True,Critical
P2P-007732,2026-05-10 02:25:35+00:00,Industrial Systems,V-072,13322.67,True,0.9603014429585703,True,Critical
P2P-009396,2026-05-10 02:32:26+00:00,Consumer Products,V-072,47574.02,True,0.758783347905605,True,High
P2P-000979,2026-05-10 04:58:44+00:00,Consumer Products,V-075,4987.74,True,0.7405573105231497,True,High
P2P-010421,2026-05-10 05:33:53+00:00,Corporate Services,V-024,31374.51,False,0.2665152261777925,False,Low
P2P-007271,2026-05-10 05:54:53+00:00,Consumer Products,V-047,13541.79,False,0.2593118854482521,False,Low
P2P-007883,2026-05-10 06:02:36+00:00,Consumer Products,V-073,15799.3,True,0.8208602756449835,True,Critical
P2P-011025,2026-05-10 06:04:34+00:00,Industrial Systems,V-004,6169.74,False,0.1874067694248813,False,Low
P2P-008428,2026-05-10 06:57:49+00:00,Industrial Systems,V-066,10882.94,False,0.7278995977473648,True,High
P2P-011717,2026-05-10 08:31:05+00:00,Industrial Systems,V-006,94637.87,False,0.30630355450605223,False,Medium
P2P-011148,2026-05-10 08:41:58+00:00,Industrial Systems,V-028,74763.07,False,0.12151982396641381,False,Low
P2P-000475,2026-05-10 09:36:07+00:00,Industrial Systems,V-025,11300.08,False,0.06863318212562787,False,Low
P2P-009940,2026-05-10 09:40:30+00:00,Consumer Products,V-028,40725.67,True,0.28747198541592245,False,Low
P2P-004208,2026-05-10 11:17:40+00:00,Corporate Services,V-039,15334.64,True,0.5718407588184176,True,Medium
P2P-004616,2026-05-10 11:42:24+00:00,Consumer Products,V-035,11443.42,False,0.36300601612047995,False,Medium
P2P-001683,2026-05-10 11:42:51+00:00,Industrial Systems,V-075,37528.44,True,0.9561253193516425,True,Critical
P2P-002494,2026-05-10 13:50:54+00:00,Corporate Services,V-073,5962.83,False,0.7202493468363693,True,High
P2P-011404,2026-05-10 14:23:25+00:00,Industrial Systems,V-064,35010.93,True,0.7998430503045625,True,High
P2P-007108,2026-05-10 14:23:51+00:00,Consumer Products,V-052,9287.2,False,0.23669926904380384,False,Low
P2P-004460,2026-05-10 15:01:46+00:00,Industrial Systems,V-027,88198.92,True,0.326720256013734,False,Medium
P2P-008545,2026-05-10 15:03:50+00:00,Industrial Systems,V-023,1807.05,False,0.33200477340382906,False,Medium
P2P-009974,2026-05-10 15:38:04+00:00,Industrial Systems,V-052,9905.23,True,0.8543760024341429,True,Critical
P2P-006661,2026-05-10 15:43:32+00:00,Corporate Services,V-029,21070.33,False,0.420909159101895,False,Medium
P2P-003026,2026-05-10 16:08:38+00:00,Industrial Systems,V-070,47647.7,True,0.6350334517668144,True,High
P2P-010032,2026-05-10 17:12:38+00:00,Consumer Products,V-057,5924.11,False,0.07972217948551354,False,Low
P2P-001653,2026-05-10 17:48:06+00:00,Consumer Products,V-004,8126.41,False,0.13345443384479927,False,Low
P2P-001604,2026-05-10 18:00:53+00:00,Industrial Systems,V-056,9536.72,False,0.20517716205396513,False,Low
P2P-006378,2026-05-10 18:29:19+00:00,Industrial Systems,V-059,12855.82,True,0.6253628790437064,True,High
P2P-002166,2026-05-10 18:58:41+00:00,Consumer Products,V-053,5054.11,True,0.36132530844597754,False,Medium
P2P-003218,2026-05-10 20:00:43+00:00,Consumer Products,V-017,18797.41,False,0.15280148207978955,False,Low
P2P-010961,2026-05-10 20:27:48+00:00,Industrial Systems,V-065,3966.51,True,0.7853253746245704,True,High
P2P-000149,2026-05-10 20:29:07+00:00,Industrial Systems,V-043,23233.8,False,0.7285127747312405,True,High
P2P-010981,2026-05-10 21:06:18+00:00,Industrial Systems,V-047,20546.27,False,0.04035527920367111,False,Low
P2P-009580,2026-05-10 21:15:50+00:00,Industrial Systems,V-036,44553.55,False,0.2910100336655408,False,Low
P2P-010431,2026-05-10 21:18:06+00:00,Consumer Products,V-005,10452.15,False,0.25982078248170953,False,Low
P2P-005878,2026-05-10 21:19:26+00:00,Industrial Systems,V-014,16203.12,False,0.12987509521484566,False,Low
P2P-007967,2026-05-10 21:38:07+00:00,Industrial Systems,V-001,41452.96,False,0.7251189695510143,True,High
P2P-000093,2026-05-10 21:44:13+00:00,Consumer Products,V-040,48527.1,False,0.35971698995184687,False,Medium
P2P-002052,2026-05-10 22:02:57+00:00,Consumer Products,V-031,18291.21,False,0.3540884388704791,False,Medium
P2P-001778,2026-05-10 23:14:29+00:00,Industrial Systems,V-038,1463.73,False,0.2736056216942857,False,Low
P2P-011919,2026-05-10 23:19:34+00:00,Consumer Products,V-020,38965.37,False,0.835015893883637,True,Critical
P2P-008770,2026-05-10 23:49:24+00:00,Consumer Products,V-066,4105.58,False,0.6711981525087359,True,High
P2P-004863,2026-05-11 01:52:23+00:00,Consumer Products,V-037,12469.56,False,0.34824361200203696,False,Medium
P2P-001894,2026-05-11 02:04:47+00:00,Consumer Products,V-052,19894.88,True,0.6663231741682596,True,High
P2P-000615,2026-05-11 02:46:29+00:00,Industrial Systems,V-003,14325.48,True,0.624063029549975,True,High
P2P-005111,2026-05-11 04:10:17+00:00,Industrial Systems,V-027,86300.31,True,0.525095449286007,True,Medium
P2P-005500,2026-05-11 06:20:14+00:00,Consumer Products,V-024,38884.61,True,0.25525657127199186,False,Low
P2P-010246,2026-05-11 06:29:10+00:00,Industrial Systems,V-019,7736.33,False,0.1359379897405721,False,Low
P2P-001684,2026-05-11 07:53:34+00:00,Consumer Products,V-058,4094.62,False,0.42865174562854413,False,Medium
P2P-010150,2026-05-11 09:09:49+00:00,Consumer Products,V-009,22165.33,False,0.4836279186694701,False,Medium
P2P-007516,2026-05-11 13:43:15+00:00,Consumer Products,V-007,10026.67,False,0.49959959543088645,False,Medium
P2P-006733,2026-05-11 14:32:47+00:00,Industrial Systems,V-026,8906.45,False,0.2075332637135421,False,Low
P2P-008155,2026-05-11 14:42:48+00:00,Consumer Products,V-070,37173.23,True,0.7619595890746715,True,High
P2P-003982,2026-05-11 17:10:52+00:00,Industrial Systems,V-053,27439.19,False,0.4001821217301267,False,Medium
P2P-011088,2026-05-11 17:20:39+00:00,Consumer Products,V-006,2878.37,False,0.16439917768702886,False,Low
P2P-007495,2026-05-11 21:39:20+00:00,Consumer Products,V-047,14777.71,False,0.08598725105810909,False,Low
P2P-003877,2026-05-11 21:53:39+00:00,Industrial Systems,V-046,64323.17,True,0.8888965033963694,True,Critical
P2P-008209,2026-05-11 22:39:41+00:00,Consumer Products,V-063,26424.93,True,0.8413048890721389,True,Critical
P2P-001734,2026-05-11 23:35:51+00:00,Consumer Products,V-034,2335.57,False,0.09231430592698579,False,Low
P2P-000039,2026-05-11 23:59:21+00:00,Corporate Services,V-071,2783.57,False,0.6834147777567343,True,High
P2P-002224,2026-05-12 00:12:42+00:00,Industrial Systems,V-061,2164.78,True,0.9512722391928322,True,Critical
P2P-003485,2026-05-12 00:25:43+00:00,Consumer Products,V-037,30262.1,False,0.3931626607743369,False,Medium
P2P-010145,2026-05-12 00:38:51+00:00,Consumer Products,V-044,15980.79,False,0.2414124724739622,False,Low
P2P-000139,2026-05-12 01:32:16+00:00,Consumer Products,V-008,26563.81,False,0.2237250950453953,False,Low
P2P-004670,2026-05-12 02:07:42+00:00,Industrial Systems,V-050,19031.65,False,0.4430436198689846,False,Medium
P2P-003231,2026-05-12 04:30:44+00:00,Consumer Products,V-027,13111.47,False,0.1282585978348728,False,Low
P2P-011937,2026-05-12 05:17:19+00:00,Consumer Products,V-051,1127.28,True,0.3276553551322134,False,Medium
P2P-000738,2026-05-12 05:55:51+00:00,Consumer Products,V-008,6902.59,False,0.34357781693745426,False,Medium
P2P-007150,2026-05-12 07:13:51+00:00,Consumer Products,V-027,2466.71,False,0.6892865178613774,True,High
P2P-003814,2026-05-12 08:48:12+00:00,Consumer Products,V-043,10453.99,False,0.4122743074488693,False,Medium
P2P-010269,2026-05-12 09:10:49+00:00,Industrial Systems,V-019,16723.46,True,0.7925887046062124,True,High
P2P-007669,2026-05-12 09:14:53+00:00,Industrial Systems,V-034,51376.02,False,0.31438245854487723,False,Medium
P2P-009848,2026-05-12 09:49:41+00:00,Industrial Systems,V-004,2931.89,False,0.6866462300512695,True,High
P2P-005849,2026-05-12 10:17:15+00:00,Corporate Services,V-043,5855.16,False,0.19315973822580806,False,Low
P2P-000718,2026-05-12 10:58:20+00:00,Corporate Services,V-068,3183.55,False,0.7577529589321618,True,High
P2P-000790,2026-05-12 11:48:25+00:00,Industrial Systems,V-026,15436.27,False,0.19222660202394035,False,Low
P2P-004527,2026-05-12 13:02:06+00:00,Industrial Systems,V-030,24382.72,False,0.3420690234400328,False,Medium
P2P-006619,2026-05-12 16:29:15+00:00,Industrial Systems,V-025,4658.03,False,0.6606102946007438,True,High
P2P-004464,2026-05-12 17:24:13+00:00,Industrial Systems,V-039,5590.32,False,0.35084605362407006,False,Medium
P2P-001354,2026-05-12 17:25:25+00:00,Industrial Systems,V-009,28867.36,False,0.1689804927874218,False,Low
P2P-001179,2026-05-12 17:59:25+00:00,Corporate Services,V-003,71055.01,False,0.14563099511520447,False,Low
P2P-010613,2026-05-12 18:41:30+00:00,Industrial Systems,V-066,26731.69,True,0.5856789858952651,True,Medium
P2P-008645,2026-05-12 20:43:52+00:00,Corporate Services,V-006,24102.9,False,0.03968740615707113,False,Low
P2P-010040,2026-05-12 21:00:57+00:00,Industrial Systems,V-029,8299.73,True,0.8309491679122534,True,Critical
P2P-001277,2026-05-12 21:13:06+00:00,Consumer Products,V-019,14393.1,False,0.4160238376560921,False,Medium
P2P-002714,2026-05-12 22:31:49+00:00,Consumer Products,V-059,46287.1,True,0.7250913945255778,True,High
P2P-002354,2026-05-12 23:36:04+00:00,Consumer Products,V-053,38060.71,False,0.3124707892481672,False,Medium
P2P-002058,2026-05-13 00:11:32+00:00,Corporate Services,V-018,16122.71,False,0.14822266793106664,False,Low
P2P-003695,2026-05-13 02:05:22+00:00,Industrial Systems,V-055,1993.49,False,0.12795038057570549,False,Low
P2P-008404,2026-05-13 03:22:05+00:00,Corporate Services,V-067,20676.7,True,0.703754718132725,True,High
P2P-000626,2026-05-13 03:28:25+00:00,Industrial Systems,V-066,14272.86,True,0.6177152867711527,True,High
P2P-007633,2026-05-13 03:39:15+00:00,Industrial Systems,V-037,56550.06,True,0.5978305424275262,True,Medium
P2P-000165,2026-05-13 04:00:19+00:00,Industrial Systems,V-030,25634.84,False,0.326338216369611,False,Medium
P2P-004486,2026-05-13 05:12:20+00:00,Industrial Systems,V-006,78327.97,False,0.35663935510341843,False,Medium
P2P-009404,2026-05-13 09:14:41+00:00,Consumer Products,V-013,10166.27,False,0.2459846235389347,False,Low
P2P-011526,2026-05-13 10:46:03+00:00,Industrial Systems,V-007,11952.92,False,0.04179253167522366,False,Low
P2P-003003,2026-05-13 10:56:30+00:00,Corporate Services,V-012,70136.76,True,0.8675771706924178,True,Critical
P2P-008137,2026-05-13 11:04:25+00:00,Industrial Systems,V-012,3378.5,False,0.11008823774485768,False,Low
P2P-005580,2026-05-13 12:45:42+00:00,Corporate Services,V-001,13578.94,True,0.7418483889293586,True,High
P2P-000740,2026-05-13 14:15:46+00:00,Industrial Systems,V-059,71213.65,True,0.750216327047606,True,High
P2P-010997,2026-05-13 15:04:14+00:00,Corporate Services,V-075,18436.53,False,0.6816298705230395,True,High
P2P-002576,2026-05-13 15:06:37+00:00,Consumer Products,V-058,22572.42,False,0.3720920951218726,False,Medium
P2P-004572,2026-05-13 17:06:03+00:00,Industrial Systems,V-011,28432.13,False,0.1854860685123269,False,Low
P2P-011298,2026-05-13 17:28:42+00:00,Consumer Products,V-068,8713.08,False,0.2569751660072033,False,Low
P2P-002545,2026-05-13 19:17:06+00:00,Industrial Systems,V-034,5978.2,False,0.26095532622915585,False,Low
P2P-003891,2026-05-13 19:47:38+00:00,Industrial Systems,V-010,16132.89,False,0.154523784995283,False,Low
P2P-002800,2026-05-13 21:25:21+00:00,Consumer Products,V-002,6530.03,False,0.1717067727663799,False,Low
P2P-010429,2026-05-13 23:08:20+00:00,Corporate Services,V-074,18694.59,True,0.8546185746449463,True,Critical
P2P-008848,2026-05-13 23:51:00+00:00,Industrial Systems,V-067,22551.66,True,0.8265249012807571,True,Critical
P2P-003159,2026-05-14 00:41:08+00:00,Industrial Systems,V-020,6704.95,True,0.4462694769266764,False,Medium
P2P-007228,2026-05-14 02:14:30+00:00,Consumer Products,V-044,4173.55,False,0.17236927731962723,False,Low
P2P-003536,2026-05-14 02:26:17+00:00,Corporate Services,V-030,33945.8,True,0.287487703233679,False,Low
P2P-007119,2026-05-14 02:58:03+00:00,Consumer Products,V-035,7399.49,True,0.23935690915003435,False,Low
P2P-005484,2026-05-14 05:44:28+00:00,Industrial Systems,V-063,30980.81,True,0.35445587929494676,False,Medium
P2P-011675,2026-05-14 06:45:40+00:00,Corporate Services,V-056,18971.44,False,0.28667834631441425,False,Low
P2P-002220,2026-05-14 09:35:26+00:00,Industrial Systems,V-021,15623.27,False,0.25948724053535854,False,Low
P2P-004571,2026-05-14 10:39:08+00:00,Consumer Products,V-065,50128.98,True,0.870715558408511,True,Critical
P2P-010794,2026-05-14 10:56:13+00:00,Industrial Systems,V-046,57853.5,False,0.11990181371416458,False,Low
P2P-004686,2026-05-14 13:11:07+00:00,Industrial Systems,V-025,12724.57,False,0.20136714443665737,False,Low
P2P-000480,2026-05-14 13:14:35+00:00,Corporate Services,V-054,20068.11,False,0.27159885090825825,False,Low
P2P-009788,2026-05-14 16:17:56+00:00,Industrial Systems,V-061,42624.24,True,0.6616523991515263,True,High
P2P-008435,2026-05-14 17:51:04+00:00,Industrial Systems,V-024,117432.55,False,0.4121405305284546,False,Medium
P2P-009606,2026-05-14 18:14:38+00:00,Industrial Systems,V-069,15864.37,True,0.710660239848053,True,High
P2P-006854,2026-05-14 18:46:31+00:00,Corporate Services,V-011,48850.19,True,0.7718917580392877,True,High
P2P-009099,2026-05-14 19:02:27+00:00,Industrial Systems,V-049,3195.05,False,0.07536297708476743,False,Low
P2P-006742,2026-05-14 20:01:13+00:00,Industrial Systems,V-061,12864.76,True,0.3550614379314824,False,Medium
P2P-009534,2026-05-14 20:03:52+00:00,Corporate Services,V-080,10686.61,True,0.7868946045307594,True,High
P2P-004045,2026-05-14 20:05:24+00:00,Consumer Products,V-028,9413.77,True,0.4640493737967322,False,Medium
P2P-005247,2026-05-14 21:13:34+00:00,Industrial Systems,V-045,21570.24,False,0.44602363555299746,False,Medium
P2P-001701,2026-05-14 21:45:13+00:00,Industrial Systems,V-043,3420.85,False,0.22842049016020483,False,Low
P2P-002900,2026-05-14 22:06:05+00:00,Corporate Services,V-005,44952.67,False,0.19745571287129304,False,Low
P2P-008444,2026-05-14 22:31:10+00:00,Consumer Products,V-011,10201.53,False,0.0813765795586043,False,Low
P2P-004206,2026-05-14 22:32:21+00:00,Industrial Systems,V-020,10284.6,True,0.8747291452138112,True,Critical
P2P-004320,2026-05-15 00:12:48+00:00,Industrial Systems,V-046,19050.48,True,0.3103826143674891,False,Medium
P2P-009452,2026-05-15 00:44:36+00:00,Consumer Products,V-048,8175.96,False,0.32547466218011134,False,Medium
P2P-009217,2026-05-15 01:06:30+00:00,Industrial Systems,V-043,8150.01,True,0.8425847455068477,True,Critical
P2P-006099,2026-05-15 01:26:16+00:00,Industrial Systems,V-063,9583.74,True,0.6450069925571058,True,High
P2P-000051,2026-05-15 02:15:24+00:00,Industrial Systems,V-044,28301.19,True,0.29203159960452285,False,Low
P2P-001079,2026-05-15 02:25:59+00:00,Industrial Systems,V-006,47115.55,False,0.07841898315480589,False,Low
P2P-003713,2026-05-15 02:48:02+00:00,Industrial Systems,V-032,5350.1,False,0.34970791568437276,False,Medium
P2P-001316,2026-05-15 02:53:30+00:00,Industrial Systems,V-022,7454.68,False,0.5495197117069788,True,Medium
P2P-008809,2026-05-15 06:36:35+00:00,Consumer Products,V-078,3495.11,False,0.678363564956444,True,High
P2P-007595,2026-05-15 09:04:55+00:00,Consumer Products,V-017,64988.4,False,0.1674576165060866,False,Low
P2P-011542,2026-05-15 09:30:02+00:00,Corporate Services,V-075,53686.93,True,0.9738471507578704,True,Critical
P2P-000514,2026-05-15 09:37:10+00:00,Corporate Services,V-039,6117.61,False,0.2628335466131172,False,Low
P2P-008741,2026-05-15 10:14:49+00:00,Industrial Systems,V-003,18119.08,False,0.6513367842560012,True,High
P2P-004192,2026-05-15 11:15:52+00:00,Consumer Products,V-069,49099.35,False,0.562337221417199,True,Medium
P2P-005632,2026-05-15 14:44:06+00:00,Consumer Products,V-002,16248.67,True,0.8206260587226066,True,Critical
P2P-010556,2026-05-15 16:24:22+00:00,Consumer Products,V-039,17766.01,True,0.36430349509454035,False,Medium
P2P-011166,2026-05-15 18:20:18+00:00,Consumer Products,V-042,13879.83,False,0.39710407978736006,False,Medium
P2P-009093,2026-05-15 19:22:43+00:00,Corporate Services,V-051,3142.67,False,0.2846104948077021,False,Low
P2P-006011,2026-05-15 22:53:13+00:00,Consumer Products,V-016,21425.96,False,0.6977118048619825,True,High
P2P-002596,2026-05-15 22:57:29+00:00,Consumer Products,V-007,17090.34,False,0.492628437666725,False,Medium
P2P-000672,2026-05-15 23:07:09+00:00,Industrial Systems,V-059,3979.68,True,0.9006856190954379,True,Critical
P2P-003800,2026-05-15 23:22:54+00:00,Consumer Products,V-051,1691.97,True,0.25786787320506965,False,Low
P2P-005859,2026-05-15 23:51:44+00:00,Consumer Products,V-029,8497.18,True,0.8327632234391881,True,Critical
P2P-001334,2026-05-16 00:11:53+00:00,Industrial Systems,V-009,24014.73,False,0.2640782540321291,False,Low
P2P-004832,2026-05-16 00:15:29+00:00,Consumer Products,V-010,23941.79,False,0.14522493111598755,False,Low
P2P-008156,2026-05-16 00:56:05+00:00,Corporate Services,V-034,3536.86,False,0.2243471209213548,False,Low
P2P-003137,2026-05-16 01:53:59+00:00,Consumer Products,V-009,26827.77,True,0.2762617378463315,False,Low
P2P-004254,2026-05-16 03:23:01+00:00,Consumer Products,V-044,6606.3,False,0.15905800866342729,False,Low
P2P-002882,2026-05-16 03:57:01+00:00,Industrial Systems,V-019,17753.55,False,0.16821002188826342,False,Low
P2P-000275,2026-05-16 04:31:42+00:00,Industrial Systems,V-056,21468.1,True,0.2777447740710965,False,Low
P2P-009666,2026-05-16 06:56:58+00:00,Corporate Services,V-001,13026.18,True,0.8765919117860823,True,Critical
P2P-000881,2026-05-16 10:19:37+00:00,Consumer Products,V-068,12391.77,True,0.6333769315755342,True,High
P2P-008133,2026-05-16 10:21:11+00:00,Industrial Systems,V-027,79316.18,True,0.4039940790936846,False,Medium
P2P-005761,2026-05-16 10:50:39+00:00,Industrial Systems,V-053,32097.94,True,0.8926470692706786,True,Critical
P2P-004842,2026-05-16 10:58:29+00:00,Corporate Services,V-065,12010.26,True,0.9646510993820271,True,Critical
P2P-007446,2026-05-16 11:49:10+00:00,Consumer Products,V-013,18269.89,False,0.1375560134286828,False,Low
P2P-005383,2026-05-16 12:17:07+00:00,Consumer Products,V-012,6963.63,False,0.2593870532966468,False,Low
P2P-007646,2026-05-16 12:18:39+00:00,Industrial Systems,V-048,84610.96,False,0.5483385926834768,True,Medium
P2P-010925,2026-05-16 12:20:56+00:00,Consumer Products,V-024,196396.6,False,0.6556600466270637,True,High
P2P-011626,2026-05-16 14:13:12+00:00,Consumer Products,V-038,3209.23,True,0.31544467995521475,False,Medium
P2P-002451,2026-05-16 17:20:37+00:00,Industrial Systems,V-078,24255.87,False,0.374499549428183,False,Medium
P2P-006300,2026-05-16 19:07:19+00:00,Corporate Services,V-046,2950.13,True,0.3525352732079103,False,Medium
P2P-005308,2026-05-16 20:24:35+00:00,Industrial Systems,V-020,21065.9,False,0.29347578868855945,False,Low
P2P-004646,2026-05-16 20:47:13+00:00,Corporate Services,V-035,30568.51,False,0.39681807807715164,False,Medium
P2P-002198,2026-05-16 23:17:52+00:00,Industrial Systems,V-064,7108.62,True,0.5239796347049338,True,Medium
P2P-011038,2026-05-16 23:48:27+00:00,Industrial Systems,V-066,11132.71,False,0.7054177122685295,True,High
P2P-008236,2026-05-17 00:51:48+00:00,Corporate Services,V-012,6254.12,True,0.6351825435206988,True,High
P2P-003645,2026-05-17 02:09:51+00:00,Industrial Systems,V-002,3237.29,True,0.0596155841427317,False,Low
P2P-002026,2026-05-17 03:11:21+00:00,Consumer Products,V-032,2243.69,True,0.21460925410435008,False,Low
P2P-000331,2026-05-17 04:58:53+00:00,Industrial Systems,V-033,3799.38,False,0.06840966399904418,False,Low
P2P-002271,2026-05-17 07:03:46+00:00,Consumer Products,V-041,4845.11,False,0.38025772189981716,False,Medium
P2P-001320,2026-05-17 07:13:46+00:00,Industrial Systems,V-080,4972.84,False,0.2827598740783843,False,Low
P2P-003068,2026-05-17 07:26:19+00:00,Consumer Products,V-045,8457.19,False,0.497985090972433,False,Medium
P2P-001315,2026-05-17 08:48:15+00:00,Industrial Systems,V-075,27685.31,False,0.9077858657641062,True,Critical
P2P-007855,2026-05-17 10:10:26+00:00,Consumer Products,V-009,10239.41,True,0.7260122814079792,True,High
P2P-011496,2026-05-17 10:21:24+00:00,Consumer Products,V-028,57835.74,False,0.5742351457360831,True,Medium
P2P-008561,2026-05-17 10:50:34+00:00,Industrial Systems,V-013,5391.97,False,0.0957836313879734,False,Low
P2P-007686,2026-05-17 11:17:43+00:00,Industrial Systems,V-071,25550.75,True,0.7513529867001474,True,High
P2P-006713,2026-05-17 13:02:37+00:00,Corporate Services,V-070,29136.32,True,0.9697714067746165,True,Critical
P2P-008347,2026-05-17 14:06:42+00:00,Consumer Products,V-050,16766.75,True,0.8466899689925895,True,Critical
P2P-007123,2026-05-17 16:56:24+00:00,Industrial Systems,V-005,51817.42,True,0.6848531989131696,True,High
P2P-003983,2026-05-17 17:23:55+00:00,Consumer Products,V-012,14551.98,False,0.27665811892592407,False,Low
P2P-000396,2026-05-17 19:26:04+00:00,Consumer Products,V-019,4760.72,True,0.4342236771947397,False,Medium
P2P-001223,2026-05-17 20:22:52+00:00,Corporate Services,V-020,32389.08,False,0.28622456688713965,False,Low
P2P-005794,2026-05-17 22:49:58+00:00,Consumer Products,V-070,7280.91,False,0.6289920547521123,True,High
P2P-007124,2026-05-17 22:54:38+00:00,Corporate Services,V-061,42842.28,False,0.5994860065709079,True,Medium
P2P-008431,2026-05-17 23:11:42+00:00,Industrial Systems,V-012,9738.79,False,0.061411353013941794,False,Low
P2P-009506,2026-05-17 23:35:03+00:00,Industrial Systems,V-055,8287.14,True,0.2138744704150359,False,Low
P2P-007640,2026-05-18 00:42:43+00:00,Corporate Services,V-023,48089.26,False,0.3462381893900607,False,Medium
P2P-007926,2026-05-18 02:07:22+00:00,Corporate Services,V-065,11457.08,True,0.7138555087749872,True,High
P2P-011481,2026-05-18 04:59:22+00:00,Industrial Systems,V-031,10404.67,True,0.7099972813734063,True,High
P2P-005736,2026-05-18 05:23:19+00:00,Corporate Services,V-021,7398.74,False,0.25760044413888034,False,Low
P2P-010895,2026-05-18 06:43:17+00:00,Industrial Systems,V-075,8549.55,True,0.6358744955592935,True,High
P2P-010226,2026-05-18 09:59:06+00:00,Corporate Services,V-029,59163.25,False,0.3187039665370007,False,Medium
P2P-005455,2026-05-18 10:05:25+00:00,Corporate Services,V-065,22330.39,False,0.7427627188029228,True,High
P2P-009039,2026-05-18 10:13:09+00:00,Consumer Products,V-053,7415.84,False,0.2505128453246427,False,Low
P2P-011488,2026-05-18 11:48:06+00:00,Industrial Systems,V-003,22950.95,False,0.21137479384985794,False,Low
P2P-011831,2026-05-18 12:03:15+00:00,Industrial Systems,V-063,86785.39,False,0.7381186708925118,True,High
P2P-005053,2026-05-18 13:11:35+00:00,Consumer Products,V-054,2044.69,False,0.24198140515173547,False,Low
P2P-002345,2026-05-18 13:17:20+00:00,Industrial Systems,V-007,7030.45,False,0.1477866557137603,False,Low
P2P-002671,2026-05-18 13:25:39+00:00,Corporate Services,V-025,30380.09,True,0.45679272720129105,False,Medium
P2P-000447,2026-05-18 14:07:09+00:00,Industrial Systems,V-001,14571.2,False,0.06271065984311201,False,Low
P2P-001651,2026-05-18 14:47:40+00:00,Consumer Products,V-049,8463.71,False,0.30183335470966316,False,Medium
P2P-010134,2026-05-18 15:07:24+00:00,Consumer Products,V-065,18355.6,False,0.6812389534984139,True,High
P2P-001230,2026-05-18 16:15:41+00:00,Industrial Systems,V-030,4650.73,False,0.24472655839178914,False,Low
P2P-008948,2026-05-18 18:02:56+00:00,Industrial Systems,V-078,73896.22,True,0.6717035465245657,True,High
P2P-010907,2026-05-18 18:10:05+00:00,Industrial Systems,V-009,35710.3,False,0.04883874810967596,False,Low
P2P-008681,2026-05-18 19:10:14+00:00,Industrial Systems,V-070,41267.52,True,0.7843567938492992,True,High
P2P-005027,2026-05-18 19:48:47+00:00,Consumer Products,V-072,33586.35,False,0.717897298460107,True,High
P2P-010298,2026-05-18 20:15:57+00:00,Corporate Services,V-014,25916.58,False,0.10115278061234757,False,Low
P2P-007642,2026-05-18 21:36:21+00:00,Industrial Systems,V-004,5165.06,False,0.09991712708576335,False,Low
P2P-010815,2026-05-18 22:26:44+00:00,Industrial Systems,V-020,19123.57,True,0.4778169229956836,False,Medium
P2P-010897,2026-05-19 00:01:31+00:00,Industrial Systems,V-031,47307.34,False,0.5037058669527075,True,Medium
P2P-006313,2026-05-19 00:08:01+00:00,Industrial Systems,V-001,18046.35,False,0.06338259407044611,False,Low
P2P-009065,2026-05-19 00:44:54+00:00,Consumer Products,V-062,15011.61,True,0.6877543342641166,True,High
P2P-011892,2026-05-19 02:54:25+00:00,Industrial Systems,V-043,24267.39,True,0.6942190046429781,True,High
P2P-004753,2026-05-19 03:03:04+00:00,Consumer Products,V-012,13484.31,False,0.15177379974330607,False,Low
P2P-009325,2026-05-19 03:04:20+00:00,Consumer Products,V-017,10259.94,False,0.24950681728509147,False,Low
P2P-000536,2026-05-19 03:30:16+00:00,Consumer Products,V-078,5916.37,True,0.9487129185510133,True,Critical
P2P-010382,2026-05-19 03:43:38+00:00,Industrial Systems,V-049,29565.57,True,0.7754949346877619,True,High
P2P-000575,2026-05-19 05:44:39+00:00,Consumer Products,V-077,2396.71,True,0.3496265004794957,False,Medium
P2P-009540,2026-05-19 09:28:56+00:00,Corporate Services,V-043,5174.26,False,0.3851902065944822,False,Medium
P2P-009293,2026-05-19 09:44:42+00:00,Corporate Services,V-044,3350.56,True,0.8448417185180295,True,Critical
P2P-006864,2026-05-19 10:02:59+00:00,Corporate Services,V-013,42439.73,False,0.20734634326569334,False,Low
P2P-000465,2026-05-19 11:29:11+00:00,Industrial Systems,V-015,12263.42,False,0.4977223283504644,False,Medium
P2P-001639,2026-05-19 12:00:09+00:00,Consumer Products,V-014,12183.59,False,0.1315510039745512,False,Low
P2P-004470,2026-05-19 12:33:54+00:00,Industrial Systems,V-053,7389.25,True,0.33748077542935034,False,Medium
P2P-011690,2026-05-19 15:30:41+00:00,Corporate Services,V-075,3041.19,True,0.6537771559852368,True,High
P2P-011366,2026-05-19 15:57:53+00:00,Consumer Products,V-042,8740.3,True,0.1257181968074991,False,Low
P2P-008139,2026-05-19 15:59:27+00:00,Industrial Systems,V-079,3982.45,False,0.3918374854370035,False,Medium
P2P-008303,2026-05-19 16:20:18+00:00,Corporate Services,V-056,14130.1,True,0.5554843664800708,True,Medium
P2P-008419,2026-05-19 16:23:09+00:00,Industrial Systems,V-046,8937.58,True,0.5130441968860191,True,Medium
P2P-010683,2026-05-19 17:27:22+00:00,Industrial Systems,V-080,14063.19,False,0.6135852151034569,True,High
P2P-000992,2026-05-19 17:40:38+00:00,Corporate Services,V-069,34243.84,True,0.715183889055152,True,High
P2P-000155,2026-05-19 23:11:48+00:00,Industrial Systems,V-010,9001.13,False,0.06646720701143158,False,Low
P2P-002995,2026-05-19 23:16:20+00:00,Consumer Products,V-070,8268.3,True,0.8304115228182835,True,Critical
P2P-004620,2026-05-19 23:53:10+00:00,Corporate Services,V-037,15940.8,False,0.18885403246786087,False,Low
P2P-010522,2026-05-20 02:14:43+00:00,Corporate Services,V-007,9248.68,False,0.16589108166080313,False,Low
P2P-003874,2026-05-20 08:08:20+00:00,Consumer Products,V-055,15575.18,False,0.2544618440935995,False,Low
P2P-002365,2026-05-20 08:43:11+00:00,Consumer Products,V-078,3415.85,True,0.8113526050106472,True,Critical
P2P-009222,2026-05-20 08:58:22+00:00,Consumer Products,V-017,23041.79,False,0.19789488763640373,False,Low
P2P-006601,2026-05-20 11:07:52+00:00,Consumer Products,V-052,111630.99,False,0.6844379278503626,True,High
P2P-007930,2026-05-20 13:18:48+00:00,Industrial Systems,V-052,27947.01,False,0.3632770183120309,False,Medium
P2P-007176,2026-05-20 13:20:34+00:00,Corporate Services,V-067,26526.81,True,0.6074855543651485,True,High
P2P-005667,2026-05-20 13:30:51+00:00,Corporate Services,V-020,13942.03,False,0.34345299451736144,False,Medium
P2P-000182,2026-05-20 17:21:11+00:00,Consumer Products,V-033,22691.91,True,0.3910653652695349,False,Medium
P2P-003516,2026-05-20 18:26:59+00:00,Consumer Products,V-007,11544.2,True,0.736283149644578,True,High
P2P-001493,2026-05-20 18:48:18+00:00,Industrial Systems,V-040,2510.22,False,0.27630513800223133,False,Low
P2P-008457,2026-05-20 19:26:37+00:00,Industrial Systems,V-005,6824.72,False,0.09861732242965629,False,Low
P2P-003316,2026-05-20 21:46:39+00:00,Consumer Products,V-055,13727.71,False,0.1508348501000263,False,Low
P2P-002402,2026-05-20 22:03:54+00:00,Consumer Products,V-004,20571.91,False,0.068698716522736,False,Low
P2P-008072,2026-05-20 22:13:11+00:00,Corporate Services,V-022,123122.11,False,0.46639825321605405,False,Medium
P2P-002676,2026-05-20 22:38:01+00:00,Industrial Systems,V-011,2245.14,False,0.14844638088591686,False,Low
P2P-006571,2026-05-20 23:21:35+00:00,Corporate Services,V-040,28744.38,False,0.10707404899282032,False,Low
P2P-001864,2026-05-20 23:54:10+00:00,Consumer Products,V-041,52720.29,False,0.6976252600062041,True,High
P2P-008862,2026-05-21 00:11:25+00:00,Industrial Systems,V-053,16885.62,False,0.41507488642237567,False,Medium
P2P-009975,2026-05-21 00:28:16+00:00,Industrial Systems,V-027,26696.73,False,0.2533808600610009,False,Low
P2P-003662,2026-05-21 01:17:20+00:00,Consumer Products,V-071,9730.92,False,0.2616886411090385,False,Low
P2P-007879,2026-05-21 01:47:32+00:00,Consumer Products,V-061,10432.44,False,0.7574725591247312,True,High
P2P-005505,2026-05-21 03:41:57+00:00,Corporate Services,V-027,33103.12,True,0.8111315867405384,True,Critical
P2P-005990,2026-05-21 04:59:40+00:00,Consumer Products,V-067,7415.39,True,0.7687968505504453,True,High
P2P-007887,2026-05-21 07:22:28+00:00,Industrial Systems,V-076,14766.71,True,0.48619386854555374,False,Medium
P2P-011559,2026-05-21 07:31:21+00:00,Industrial Systems,V-027,24324.61,False,0.10569118655211891,False,Low
P2P-009651,2026-05-21 09:57:29+00:00,Consumer Products,V-004,10029.25,False,0.15208952690201485,False,Low
P2P-007676,2026-05-21 10:17:04+00:00,Consumer Products,V-049,11138.92,False,0.28316343601908245,False,Low
P2P-006122,2026-05-21 12:15:03+00:00,Consumer Products,V-022,3222.56,False,0.08587213711117589,False,Low
P2P-006840,2026-05-21 12:41:44+00:00,Consumer Products,V-032,17062.04,False,0.20430662899740884,False,Low
P2P-004876,2026-05-21 13:00:23+00:00,Consumer Products,V-038,12483.58,False,0.18043889032710517,False,Low
P2P-003596,2026-05-21 17:38:07+00:00,Industrial Systems,V-025,5242.88,False,0.8411954892380483,True,Critical
P2P-004822,2026-05-21 18:16:14+00:00,Consumer Products,V-028,20480.54,True,0.29925700014675277,False,Low
P2P-005582,2026-05-21 22:24:21+00:00,Industrial Systems,V-048,16654.22,True,0.29819807116064595,False,Low
P2P-005465,2026-05-21 23:22:13+00:00,Industrial Systems,V-033,1758.98,False,0.28714353112136554,False,Low
P2P-002898,2026-05-21 23:46:33+00:00,Industrial Systems,V-008,16985.97,False,0.6280544128651782,True,High
P2P-004033,2026-05-22 01:42:06+00:00,Consumer Products,V-014,12160.38,False,0.09007617920714528,False,Low
P2P-011917,2026-05-22 02:14:33+00:00,Industrial Systems,V-018,13306.33,False,0.24147031170160504,False,Low
P2P-002165,2026-05-22 03:36:00+00:00,Industrial Systems,V-055,10381.98,False,0.3111811219024958,False,Medium
P2P-000375,2026-05-22 04:14:49+00:00,Consumer Products,V-058,70410.6,True,0.5454225752321803,True,Medium
P2P-006020,2026-05-22 06:43:37+00:00,Corporate Services,V-018,77556.15,False,0.1880773054646252,False,Low
P2P-002003,2026-05-22 06:58:11+00:00,Industrial Systems,V-015,15127.05,True,0.7050656892564741,True,High
P2P-001644,2026-05-22 07:10:00+00:00,Industrial Systems,V-058,9315.13,False,0.14351072134678886,False,Low
P2P-008921,2026-05-22 08:48:55+00:00,Industrial Systems,V-030,12002.77,False,0.09734811829437644,False,Low
P2P-003718,2026-05-22 09:27:45+00:00,Industrial Systems,V-040,11361.64,False,0.35901859421734134,False,Medium
P2P-003408,2026-05-22 09:32:10+00:00,Consumer Products,V-062,9571.11,False,0.36185516803673945,False,Medium
P2P-011321,2026-05-22 10:15:41+00:00,Consumer Products,V-055,10227.55,False,0.3590396350602553,False,Medium
P2P-001897,2026-05-22 11:53:10+00:00,Corporate Services,V-018,7466.1,False,0.06221108597843625,False,Low
P2P-003172,2026-05-22 13:14:43+00:00,Corporate Services,V-045,13573.41,False,0.35415605611753426,False,Medium
P2P-001911,2026-05-22 14:06:30+00:00,Industrial Systems,V-015,60259.82,False,0.16948267721716204,False,Low
P2P-011546,2026-05-22 15:08:22+00:00,Consumer Products,V-073,24657.61,True,0.7150910160128494,True,High
P2P-000086,2026-05-22 15:38:06+00:00,Industrial Systems,V-058,3732.88,False,0.40028724660974946,False,Medium
P2P-002351,2026-05-22 16:03:38+00:00,Industrial Systems,V-078,53983.98,True,0.8260079698010577,True,Critical
P2P-006432,2026-05-22 17:23:53+00:00,Industrial Systems,V-007,27847.94,False,0.03911082986797507,False,Low
P2P-000493,2026-05-22 18:09:35+00:00,Consumer Products,V-056,12781.14,True,0.8806256037969619,True,Critical
P2P-006675,2026-05-22 18:52:00+00:00,Industrial Systems,V-021,21752.28,False,0.30709869358318226,False,Medium
P2P-005605,2026-05-22 18:53:42+00:00,Consumer Products,V-012,9876.88,True,0.09695312578154534,False,Low
P2P-006471,2026-05-22 21:32:02+00:00,Industrial Systems,V-007,2641.87,True,0.13758672244468648,False,Low
P2P-002017,2026-05-22 22:25:51+00:00,Consumer Products,V-079,25599.74,True,0.8208520777020994,True,Critical
P2P-010132,2026-05-22 23:30:38+00:00,Consumer Products,V-034,11059.71,False,0.12105714507768013,False,Low
P2P-008552,2026-05-23 00:00:13+00:00,Corporate Services,V-070,9284.81,True,0.6100277317456053,True,High
P2P-000801,2026-05-23 02:22:24+00:00,Industrial Systems,V-016,137578.41,False,0.14058820354719612,False,Low
P2P-011921,2026-05-23 02:27:17+00:00,Industrial Systems,V-015,21285.66,False,0.18566520977274922,False,Low
P2P-008938,2026-05-23 05:45:19+00:00,Industrial Systems,V-027,9781.8,False,0.25144059975716376,False,Low
P2P-008310,2026-05-23 05:53:31+00:00,Corporate Services,V-031,32208.72,False,0.31951106215403946,False,Medium
P2P-001202,2026-05-23 06:07:59+00:00,Consumer Products,V-016,26810.04,False,0.17935324065767222,False,Low
P2P-008587,2026-05-23 06:33:28+00:00,Consumer Products,V-048,42797.57,False,0.3445365354052521,False,Medium
P2P-006320,2026-05-23 08:25:32+00:00,Consumer Products,V-012,24617.89,False,0.21326844806412218,False,Low
P2P-006856,2026-05-23 08:31:16+00:00,Consumer Products,V-003,7007.26,False,0.06085556884062351,False,Low
P2P-007882,2026-05-23 09:18:09+00:00,Corporate Services,V-017,30821.5,True,0.7573046112628714,True,High
P2P-000658,2026-05-23 16:38:38+00:00,Corporate Services,V-059,18566.67,True,0.8269854778914851,True,Critical
P2P-005934,2026-05-23 18:19:27+00:00,Industrial Systems,V-071,12104.45,False,0.6832391445956566,True,High
P2P-008301,2026-05-23 18:22:48+00:00,Consumer Products,V-056,300000.0,True,0.5940889923376255,True,Medium
P2P-004376,2026-05-23 20:13:50+00:00,Industrial Systems,V-005,33364.18,False,0.38909928946606304,False,Medium
P2P-001287,2026-05-23 21:40:02+00:00,Industrial Systems,V-034,44951.44,False,0.4170751215985883,False,Medium
P2P-006835,2026-05-23 23:16:21+00:00,Industrial Systems,V-008,41143.78,True,0.7534614958179896,True,High
P2P-001561,2026-05-23 23:58:27+00:00,Industrial Systems,V-050,23987.01,False,0.3428780132505209,False,Medium
P2P-010256,2026-05-24 02:21:14+00:00,Industrial Systems,V-077,7404.67,True,0.603207586857079,True,High
P2P-005051,2026-05-24 02:27:22+00:00,Industrial Systems,V-078,91318.21,False,0.6696916781590704,True,High
P2P-003533,2026-05-24 02:33:29+00:00,Consumer Products,V-047,27976.78,False,0.36982059168269943,False,Medium
P2P-001764,2026-05-24 04:43:56+00:00,Industrial Systems,V-010,6408.86,False,0.21242773033479972,False,Low
P2P-005645,2026-05-24 05:03:40+00:00,Consumer Products,V-065,16038.7,True,0.9750076245514785,True,Critical
P2P-001582,2026-05-24 08:40:16+00:00,Industrial Systems,V-066,17247.54,True,0.7375422310783079,True,High
P2P-006714,2026-05-24 10:02:47+00:00,Corporate Services,V-043,1408.91,False,0.046777097977167524,False,Low
P2P-008532,2026-05-24 10:40:11+00:00,Consumer Products,V-012,2102.38,False,0.15316019916090867,False,Low
P2P-005123,2026-05-24 12:43:38+00:00,Consumer Products,V-024,10486.91,False,0.1273005426470611,False,Low
P2P-000293,2026-05-24 12:49:46+00:00,Corporate Services,V-003,14282.04,False,0.15751174525458891,False,Low
P2P-011799,2026-05-24 13:13:17+00:00,Consumer Products,V-007,101809.38,True,0.8359365323562921,True,Critical
P2P-010787,2026-05-24 13:30:16+00:00,Industrial Systems,V-025,3425.87,True,0.40987295158420733,False,Medium
P2P-004226,2026-05-24 17:06:48+00:00,Corporate Services,V-005,30801.87,False,0.3229393676658641,False,Medium
P2P-005150,2026-05-24 17:46:46+00:00,Consumer Products,V-053,10198.58,False,0.32651655203283814,False,Medium
P2P-003821,2026-05-24 18:21:54+00:00,Consumer Products,V-048,16022.04,True,0.5734257700474397,True,Medium
P2P-009862,2026-05-24 21:36:52+00:00,Industrial Systems,V-017,19031.59,False,0.6377476007364627,True,High
P2P-008497,2026-05-24 22:39:07+00:00,Industrial Systems,V-067,19829.13,True,0.69971860763391,True,High
P2P-000458,2026-05-25 00:03:59+00:00,Consumer Products,V-063,10538.37,False,0.3453608601619111,False,Medium
P2P-002842,2026-05-25 01:04:18+00:00,Industrial Systems,V-066,16724.67,False,0.705562937351658,True,High
P2P-004954,2026-05-25 03:55:45+00:00,Industrial Systems,V-056,8101.96,False,0.3242975937191043,False,Medium
P2P-003940,2026-05-25 04:00:25+00:00,Industrial Systems,V-065,20371.12,True,0.9190967150980986,True,Critical
P2P-000357,2026-05-25 04:47:31+00:00,Consumer Products,V-012,41478.57,False,0.2007946388706397,False,Low
P2P-002438,2026-05-25 07:58:53+00:00,Industrial Systems,V-065,4669.95,True,0.2774840605708358,False,Low
P2P-007243,2026-05-25 09:11:07+00:00,Industrial Systems,V-061,15882.09,False,0.6523280000911034,True,High
P2P-003808,2026-05-25 09:24:46+00:00,Consumer Products,V-051,39437.39,True,0.9289420390415196,True,Critical
P2P-005101,2026-05-25 09:52:41+00:00,Consumer Products,V-003,75303.73,False,0.20069084099474857,False,Low
P2P-000927,2026-05-25 11:45:50+00:00,Industrial Systems,V-037,9825.27,True,0.5124332665017796,True,Medium
P2P-004933,2026-05-25 13:45:20+00:00,Consumer Products,V-036,9227.84,False,0.34974624950926597,False,Medium
P2P-004605,2026-05-25 14:27:28+00:00,Industrial Systems,V-032,1527.7,False,0.37330636747739465,False,Medium
P2P-009587,2026-05-25 15:02:41+00:00,Consumer Products,V-079,20902.68,True,0.4426716213844946,False,Medium
P2P-011625,2026-05-25 15:57:11+00:00,Consumer Products,V-032,3431.53,True,0.4516512917050623,False,Medium
P2P-003984,2026-05-25 16:48:00+00:00,Consumer Products,V-065,26453.2,True,0.6211282874228246,True,High
P2P-011936,2026-05-25 18:35:38+00:00,Consumer Products,V-054,28111.28,False,0.2713035707140807,False,Low
P2P-004408,2026-05-25 20:28:13+00:00,Corporate Services,V-043,47312.02,False,0.43550767984632804,False,Medium
P2P-000110,2026-05-25 20:32:46+00:00,Corporate Services,V-066,57932.96,True,0.6885593426580595,True,High
P2P-006522,2026-05-25 21:00:02+00:00,Industrial Systems,V-061,63631.9,False,0.7311175203543963,True,High
P2P-004964,2026-05-25 21:02:45+00:00,Industrial Systems,V-059,34411.14,False,0.3379521923426061,False,Medium
P2P-000712,2026-05-25 21:19:47+00:00,Industrial Systems,V-017,8224.66,False,0.511969734538265,True,Medium
P2P-008415,2026-05-25 21:19:57+00:00,Corporate Services,V-072,15682.25,False,0.2600404660893339,False,Low
P2P-002852,2026-05-25 22:32:44+00:00,Industrial Systems,V-035,85065.6,False,0.042999394834935076,False,Low
P2P-010210,2026-05-26 00:35:47+00:00,Corporate Services,V-076,21145.19,True,0.8588904130025174,True,Critical
P2P-005750,2026-05-26 00:45:37+00:00,Corporate Services,V-038,10652.34,False,0.4512390339250767,False,Medium
P2P-003167,2026-05-26 02:12:33+00:00,Corporate Services,V-001,13309.34,False,0.18626020761179082,False,Low
P2P-001204,2026-05-26 05:02:27+00:00,Consumer Products,V-065,11822.92,False,0.7124788131307707,True,High
P2P-006555,2026-05-26 05:51:47+00:00,Consumer Products,V-052,8339.9,True,0.3382580412261868,False,Medium
P2P-008916,2026-05-26 08:42:01+00:00,Industrial Systems,V-008,14357.89,True,0.16499193177297292,False,Low
P2P-011547,2026-05-26 09:52:59+00:00,Industrial Systems,V-032,4195.28,True,0.7369492242133517,True,High
P2P-011895,2026-05-26 10:04:19+00:00,Corporate Services,V-064,8077.02,True,0.6982045998763104,True,High
P2P-005044,2026-05-26 10:23:17+00:00,Industrial Systems,V-008,27818.77,False,0.18162318944138145,False,Low
P2P-002726,2026-05-26 12:15:18+00:00,Industrial Systems,V-040,14881.51,True,0.8373950308568625,True,Critical
P2P-001869,2026-05-26 12:45:24+00:00,Consumer Products,V-017,16429.18,False,0.16521512599573349,False,Low
P2P-002405,2026-05-26 13:16:30+00:00,Industrial Systems,V-057,7010.71,False,0.09951085888230143,False,Low
P2P-004487,2026-05-26 13:24:43+00:00,Consumer Products,V-045,4792.66,False,0.47597773327855863,False,Medium
P2P-010826,2026-05-26 16:44:28+00:00,Consumer Products,V-078,15252.93,True,0.6909524382036528,True,High
P2P-001053,2026-05-26 17:19:34+00:00,Industrial Systems,V-006,19691.18,False,0.20255803936777875,False,Low
P2P-006047,2026-05-26 19:50:54+00:00,Industrial Systems,V-029,14888.82,False,0.34078584450534555,False,Medium
P2P-010682,2026-05-26 21:55:24+00:00,Corporate Services,V-015,145480.52,False,0.2107809750938121,False,Low
P2P-008780,2026-05-26 23:29:14+00:00,Corporate Services,V-032,36179.46,True,0.17945930068043223,False,Low
P2P-011684,2026-05-27 01:01:49+00:00,Consumer Products,V-014,42086.33,True,0.7356057712559008,True,High
P2P-005869,2026-05-27 01:03:12+00:00,Industrial Systems,V-069,27666.48,False,0.6424466859454774,True,High
P2P-011877,2026-05-27 01:53:40+00:00,Corporate Services,V-080,9287.75,True,0.6067563157750198,True,High
P2P-005155,2026-05-27 02:07:55+00:00,Consumer Products,V-065,6181.48,True,0.7116378996956731,True,High
P2P-004399,2026-05-27 02:32:14+00:00,Industrial Systems,V-075,37366.32,True,0.7369810540432608,True,High
P2P-004973,2026-05-27 04:20:08+00:00,Corporate Services,V-007,18942.04,False,0.2438039781357432,False,Low
P2P-003178,2026-05-27 05:19:24+00:00,Consumer Products,V-007,12231.31,False,0.6577733175273982,True,High
P2P-009866,2026-05-27 06:46:57+00:00,Consumer Products,V-054,35247.57,False,0.5597529041941011,True,Medium
P2P-004341,2026-05-27 12:16:15+00:00,Industrial Systems,V-034,35744.05,True,0.5697289249500302,True,Medium
P2P-006000,2026-05-27 14:47:10+00:00,Consumer Products,V-062,34569.39,True,0.8734362737699543,True,Critical
P2P-003400,2026-05-27 16:36:49+00:00,Consumer Products,V-033,24189.24,False,0.5006011527710231,True,Medium
P2P-008539,2026-05-27 17:12:57+00:00,Consumer Products,V-058,69220.32,False,0.45629706382429003,False,Medium
P2P-011359,2026-05-27 18:31:49+00:00,Industrial Systems,V-018,44736.32,False,0.23024637926632485,False,Low
P2P-008406,2026-05-27 19:15:40+00:00,Corporate Services,V-048,28431.39,True,0.8414256740091064,True,Critical
P2P-007018,2026-05-27 20:59:02+00:00,Consumer Products,V-029,98812.76,False,0.3589433389646422,False,Medium
P2P-009944,2026-05-28 00:31:01+00:00,Consumer Products,V-077,14068.48,True,0.9666796068510951,True,Critical
P2P-000385,2026-05-28 00:36:49+00:00,Corporate Services,V-080,2738.59,False,0.20576295320522273,False,Low
P2P-001762,2026-05-28 01:00:37+00:00,Consumer Products,V-055,19980.42,False,0.261112895427285,False,Low
P2P-003933,2026-05-28 01:47:59+00:00,Consumer Products,V-076,4214.37,True,0.9638211257660709,True,Critical
P2P-011670,2026-05-28 02:23:52+00:00,Industrial Systems,V-024,25205.37,False,0.3327371591700532,False,Medium
P2P-008378,2026-05-28 02:40:38+00:00,Consumer Products,V-073,37847.47,False,0.7362530038128322,True,High
P2P-001883,2026-05-28 03:44:49+00:00,Industrial Systems,V-006,45375.66,True,0.7492596088809174,True,High
P2P-006638,2026-05-28 06:46:53+00:00,Industrial Systems,V-007,7818.92,False,0.21378901821049734,False,Low
P2P-009853,2026-05-28 09:39:52+00:00,Industrial Systems,V-074,23406.5,True,0.7297253721929572,True,High
P2P-009737,2026-05-28 10:37:20+00:00,Consumer Products,V-054,23266.46,False,0.6529459796632159,True,High
P2P-010765,2026-05-28 11:21:34+00:00,Industrial Systems,V-052,6314.86,False,0.29327550426759086,False,Low
P2P-007239,2026-05-28 15:19:29+00:00,Industrial Systems,V-001,12120.13,False,0.138549784137952,False,Low
P2P-007357,2026-05-28 16:51:43+00:00,Industrial Systems,V-057,14431.68,True,0.556310020443417,True,Medium
P2P-010926,2026-05-28 17:16:15+00:00,Consumer Products,V-015,9739.66,False,0.2589713911329238,False,Low
P2P-002125,2026-05-28 22:12:26+00:00,Corporate Services,V-065,5534.31,True,0.71700741552451,True,High
P2P-004044,2026-05-28 22:37:53+00:00,Consumer Products,V-026,2703.37,False,0.42998320343174534,False,Medium
P2P-005451,2026-05-29 01:05:28+00:00,Consumer Products,V-078,1029.15,False,0.9548958475844879,True,Critical
P2P-004750,2026-05-29 04:25:09+00:00,Industrial Systems,V-057,65681.78,True,0.404815304136936,False,Medium
P2P-001096,2026-05-29 07:27:06+00:00,Consumer Products,V-048,36136.33,True,0.7640631103687515,True,High
P2P-005313,2026-05-29 08:19:42+00:00,Consumer Products,V-026,23330.5,True,0.9004847540684832,True,Critical
P2P-002450,2026-05-29 10:36:23+00:00,Industrial Systems,V-080,29223.37,True,0.7335789144734411,True,High
P2P-008454,2026-05-29 10:44:10+00:00,Corporate Services,V-073,19501.17,False,0.4522011440547941,False,Medium
P2P-004404,2026-05-29 10:48:13+00:00,Industrial Systems,V-011,35732.84,True,0.6180913772225712,True,High
P2P-000359,2026-05-29 11:47:33+00:00,Consumer Products,V-039,39384.17,False,0.5228107051637918,True,Medium
P2P-006886,2026-05-29 11:55:32+00:00,Consumer Products,V-029,1281.19,False,0.8500087638865124,True,Critical
P2P-001924,2026-05-29 13:39:27+00:00,Corporate Services,V-057,30764.7,True,0.39675960996895315,False,Medium
P2P-004488,2026-05-29 14:28:02+00:00,Industrial Systems,V-029,16548.78,False,0.21600998979677366,False,Low
P2P-003355,2026-05-29 14:59:37+00:00,Corporate Services,V-034,12246.95,False,0.08020702407370456,False,Low
P2P-010314,2026-05-29 15:58:31+00:00,Consumer Products,V-012,5354.34,False,0.2073253928950892,False,Low
P2P-000960,2026-05-29 16:39:51+00:00,Consumer Products,V-044,82769.37,False,0.7576053049926811,True,High
P2P-001037,2026-05-29 16:56:35+00:00,Industrial Systems,V-038,30279.32,True,0.35231458020380085,False,Medium
P2P-011350,2026-05-29 18:54:06+00:00,Consumer Products,V-025,49416.33,True,0.49679546668624935,False,Medium
P2P-006902,2026-05-29 21:53:28+00:00,Industrial Systems,V-068,6685.72,True,0.9438353350773704,True,Critical
P2P-000709,2026-05-29 23:21:08+00:00,Consumer Products,V-077,7642.93,True,0.9239856834092373,True,Critical
P2P-004131,2026-05-29 23:49:41+00:00,Industrial Systems,V-039,5120.61,True,0.883996456016724,True,Critical
P2P-010889,2026-05-30 00:47:43+00:00,Corporate Services,V-004,18249.36,False,0.1234306768456177,False,Low
P2P-000783,2026-05-30 04:40:00+00:00,Industrial Systems,V-065,14130.56,True,0.948674087033085,True,Critical
P2P-005868,2026-05-30 05:01:12+00:00,Consumer Products,V-044,34582.13,False,0.49280469966640844,False,Medium
P2P-002150,2026-05-30 07:05:01+00:00,Consumer Products,V-054,6802.58,False,0.38202170322778445,False,Medium
P2P-001635,2026-05-30 07:34:36+00:00,Industrial Systems,V-061,5259.94,False,0.6563748367795254,True,High
P2P-006367,2026-05-30 08:39:42+00:00,Corporate Services,V-026,13989.12,False,0.037229502234261726,False,Low
P2P-005893,2026-05-30 08:45:47+00:00,Consumer Products,V-032,26661.0,False,0.259637627382666,False,Low
P2P-008002,2026-05-30 09:18:08+00:00,Industrial Systems,V-004,168073.28,False,0.25377427787835244,False,Low
P2P-007384,2026-05-30 09:51:50+00:00,Consumer Products,V-026,13775.25,False,0.28875341420761896,False,Low
P2P-007947,2026-05-30 10:29:55+00:00,Consumer Products,V-023,25833.31,False,0.07028658191923606,False,Low
P2P-006832,2026-05-30 10:30:12+00:00,Industrial Systems,V-077,2655.18,True,0.9420703543168261,True,Critical
P2P-003013,2026-05-30 12:17:23+00:00,Corporate Services,V-060,26089.94,True,0.7911756930248567,True,High
P2P-006150,2026-05-30 13:26:28+00:00,Consumer Products,V-006,14827.24,False,0.14932077128825724,False,Low
P2P-006309,2026-05-30 13:41:43+00:00,Industrial Systems,V-062,37032.35,True,0.8164215509875677,True,Critical
P2P-007126,2026-05-30 17:49:19+00:00,Consumer Products,V-008,3240.56,False,0.17324667447599115,False,Low
P2P-000732,2026-05-30 18:07:03+00:00,Industrial Systems,V-040,6597.8,False,0.39677425168857755,False,Medium
P2P-004874,2026-05-30 18:22:42+00:00,Industrial Systems,V-002,15959.02,False,0.03879758763920781,False,Low
P2P-000272,2026-05-30 20:14:58+00:00,Corporate Services,V-042,61781.77,False,0.2619724008661574,False,Low
P2P-000113,2026-05-30 20:17:15+00:00,Consumer Products,V-035,31997.9,True,0.3003607716593821,False,Medium
P2P-010588,2026-05-30 21:33:10+00:00,Consumer Products,V-028,81396.81,False,0.5330492123574163,True,Medium
P2P-004493,2026-05-30 21:56:33+00:00,Industrial Systems,V-079,5990.96,False,0.14134583960751188,False,Low
P2P-001480,2026-05-30 22:08:11+00:00,Industrial Systems,V-013,48297.45,False,0.05326462688041929,False,Low
P2P-007724,2026-05-30 23:01:09+00:00,Industrial Systems,V-066,11592.02,False,0.695045483896145,True,High
P2P-000436,2026-05-30 23:10:34+00:00,Industrial Systems,V-017,8836.07,False,0.1835568766755615,False,Low
P2P-003571,2026-05-30 23:41:47+00:00,Consumer Products,V-072,25169.6,False,0.7226794328950109,True,High
P2P-010623,2026-05-31 00:35:33+00:00,Consumer Products,V-059,4807.85,False,0.7913881473785689,True,High
P2P-011117,2026-05-31 01:53:08+00:00,Industrial Systems,V-059,7164.42,False,0.40944878500552273,False,Medium
P2P-002740,2026-05-31 02:05:42+00:00,Industrial Systems,V-064,7319.0,True,0.6282519575236492,True,High
P2P-003100,2026-05-31 02:52:14+00:00,Industrial Systems,V-051,67723.83,False,0.3835131377699668,False,Medium
P2P-006820,2026-05-31 04:28:27+00:00,Industrial Systems,V-029,103780.71,False,0.3469770428001041,False,Medium
P2P-000896,2026-05-31 05:00:18+00:00,Industrial Systems,V-068,11326.64,True,0.6684953819266898,True,High
P2P-007923,2026-05-31 06:08:57+00:00,Industrial Systems,V-078,7517.37,True,0.7311850908233551,True,High
P2P-007241,2026-05-31 07:39:11+00:00,Corporate Services,V-060,7042.4,True,0.7444960772496169,True,High
P2P-011512,2026-05-31 07:45:35+00:00,Industrial Systems,V-061,36265.76,False,0.7201721354699442,True,High
P2P-000160,2026-05-31 11:56:04+00:00,Industrial Systems,V-044,13830.07,False,0.08196111168919862,False,Low
P2P-004362,2026-05-31 12:06:47+00:00,Industrial Systems,V-072,18977.71,True,0.6790722043950105,True,High
P2P-004142,2026-05-31 13:56:42+00:00,Consumer Products,V-059,31991.28,False,0.7123037386010087,True,High
P2P-011439,2026-05-31 14:47:54+00:00,Corporate Services,V-078,110265.95,True,0.912136108964029,True,Critical
P2P-011554,2026-05-31 16:09:43+00:00,Corporate Services,V-043,2971.4,False,0.08113913447084832,False,Low
P2P-004600,2026-05-31 17:45:27+00:00,Corporate Services,V-012,20799.84,True,0.17838191102738027,False,Low
P2P-005038,2026-05-31 19:39:03+00:00,Consumer Products,V-032,77117.26,False,0.36011223868586967,False,Medium
P2P-000804,2026-05-31 20:01:02+00:00,Industrial Systems,V-080,8333.38,False,0.7824275590265933,True,High
P2P-003210,2026-05-31 20:19:52+00:00,Industrial Systems,V-016,13541.54,False,0.6509986992910735,True,High
P2P-003377,2026-05-31 20:30:53+00:00,Corporate Services,V-079,13175.5,True,0.9752964282743941,True,Critical
P2P-002204,2026-05-31 21:01:02+00:00,Industrial Systems,V-049,70781.37,False,0.35045924261585204,False,Medium
P2P-007167,2026-05-31 21:40:17+00:00,Industrial Systems,V-018,5544.5,False,0.050837818207793886,False,Low
P2P-007609,2026-05-31 22:04:20+00:00,Industrial Systems,V-013,18304.93,False,0.18866411630886068,False,Low
P2P-000969,2026-05-31 22:49:26+00:00,Corporate Services,V-010,31176.27,True,0.7253002946495646,True,High
P2P-005698,2026-06-01 01:05:51+00:00,Corporate Services,V-072,5773.14,False,0.4513368480721701,False,Medium
P2P-005079,2026-06-01 03:05:01+00:00,Industrial Systems,V-027,9621.93,False,0.8094227068973338,True,Critical
P2P-000329,2026-06-01 05:10:58+00:00,Consumer Products,V-055,16391.96,False,0.3039544401514826,False,Medium
P2P-004579,2026-06-01 06:08:45+00:00,Consumer Products,V-034,10922.03,False,0.03835170925507293,False,Low
P2P-006133,2026-06-01 07:54:22+00:00,Industrial Systems,V-052,48444.38,False,0.2601978242089828,False,Low
P2P-001129,2026-06-01 09:35:41+00:00,Industrial Systems,V-061,7334.02,False,0.7596397372738979,True,High
P2P-002097,2026-06-01 09:55:35+00:00,Corporate Services,V-047,48491.41,False,0.46345914591081466,False,Medium
P2P-002455,2026-06-01 10:05:10+00:00,Industrial Systems,V-067,25156.07,True,0.9702823800357337,True,Critical
P2P-006415,2026-06-01 12:31:32+00:00,Industrial Systems,V-050,9827.04,False,0.2599636828023898,False,Low
P2P-001768,2026-06-01 13:37:36+00:00,Corporate Services,V-050,39057.69,False,0.7898077686934936,True,High
P2P-008029,2026-06-01 15:27:13+00:00,Corporate Services,V-036,4170.78,False,0.5672616445908697,True,Medium
P2P-009498,2026-06-01 15:50:40+00:00,Consumer Products,V-011,63816.65,False,0.22075938771716136,False,Low
P2P-006154,2026-06-01 17:14:53+00:00,Industrial Systems,V-080,30772.42,True,0.6689888416554065,True,High
P2P-005641,2026-06-01 17:45:09+00:00,Industrial Systems,V-057,5231.72,False,0.22748533351067077,False,Low
P2P-010746,2026-06-01 18:31:30+00:00,Consumer Products,V-010,23221.22,False,0.17937571861652932,False,Low
P2P-004687,2026-06-01 19:44:25+00:00,Industrial Systems,V-060,14932.04,False,0.683610073998567,True,High
P2P-001696,2026-06-01 20:32:22+00:00,Industrial Systems,V-058,26865.31,False,0.2501305311479008,False,Low
P2P-001774,2026-06-01 20:42:03+00:00,Consumer Products,V-012,9519.02,False,0.05198702330177054,False,Low
P2P-002631,2026-06-01 21:26:13+00:00,Industrial Systems,V-065,6037.64,True,0.414042941458389,False,Medium
P2P-011736,2026-06-01 22:05:22+00:00,Industrial Systems,V-033,2804.21,False,0.06079281515072345,False,Low
P2P-007444,2026-06-01 22:48:12+00:00,Industrial Systems,V-043,190345.23,False,0.4895028523533431,False,Medium
P2P-010837,2026-06-02 00:15:53+00:00,Industrial Systems,V-002,10357.09,False,0.16047634629469398,False,Low
P2P-006576,2026-06-02 00:52:15+00:00,Industrial Systems,V-045,3806.41,False,0.33400828867769855,False,Medium
P2P-009526,2026-06-02 01:16:44+00:00,Industrial Systems,V-034,10794.15,False,0.4341148568270857,False,Medium
P2P-005105,2026-06-02 02:53:26+00:00,Corporate Services,V-036,31812.88,False,0.37624801849242323,False,Medium
P2P-003416,2026-06-02 03:52:15+00:00,Corporate Services,V-059,12174.09,True,0.6520864406738762,True,High
P2P-005947,2026-06-02 05:05:42+00:00,Consumer Products,V-010,6862.68,False,0.02958568656560472,False,Low
P2P-005444,2026-06-02 06:57:40+00:00,Consumer Products,V-047,14310.18,False,0.6454292306512542,True,High
P2P-010802,2026-06-02 07:34:25+00:00,Industrial Systems,V-030,183000.85,True,0.9374621124881829,True,Critical
P2P-003366,2026-06-02 09:06:12+00:00,Industrial Systems,V-035,7953.61,True,0.8541422244964634,True,Critical
P2P-005630,2026-06-02 09:19:16+00:00,Industrial Systems,V-015,39396.88,True,0.7064652991052145,True,High
P2P-001565,2026-06-02 09:34:10+00:00,Corporate Services,V-028,8748.4,False,0.11536366907904597,False,Low
P2P-006869,2026-06-02 09:47:59+00:00,Industrial Systems,V-054,14150.27,False,0.2911018213122393,False,Low
P2P-002712,2026-06-02 10:23:23+00:00,Industrial Systems,V-077,10236.31,True,0.48645711989764107,False,Medium
P2P-001716,2026-06-02 10:34:45+00:00,Industrial Systems,V-005,21187.99,False,0.1445713647051105,False,Low
P2P-002243,2026-06-02 11:57:23+00:00,Industrial Systems,V-029,114229.34,False,0.43487466723548546,False,Medium
P2P-007418,2026-06-02 12:53:47+00:00,Corporate Services,V-009,21218.89,False,0.19804010862768295,False,Low
P2P-004732,2026-06-02 12:59:47+00:00,Consumer Products,V-026,2587.41,False,0.2580980966917826,False,Low
P2P-000219,2026-06-02 16:49:21+00:00,Industrial Systems,V-069,16292.33,False,0.4244478287956609,False,Medium
P2P-000749,2026-06-02 17:31:57+00:00,Corporate Services,V-049,29755.13,False,0.15589560630072416,False,Low
P2P-000982,2026-06-02 20:35:20+00:00,Industrial Systems,V-055,14241.55,False,0.3629391463699234,False,Medium
P2P-005429,2026-06-02 20:57:05+00:00,Consumer Products,V-040,47841.6,False,0.25787863185417725,False,Low
P2P-000563,2026-06-02 23:06:34+00:00,Industrial Systems,V-002,111057.78,False,0.25464599971149693,False,Low
P2P-011461,2026-06-02 23:51:49+00:00,Industrial Systems,V-073,8496.64,True,0.8281615173957118,True,Critical
P2P-002759,2026-06-03 00:12:17+00:00,Industrial Systems,V-043,7039.19,True,0.869791056728398,True,Critical
P2P-007305,2026-06-03 00:53:05+00:00,Consumer Products,V-038,46988.86,True,0.46971494732544866,False,Medium
P2P-001375,2026-06-03 00:58:22+00:00,Industrial Systems,V-024,10983.1,False,0.4041302337941549,False,Medium
P2P-009824,2026-06-03 02:55:58+00:00,Corporate Services,V-003,15321.86,False,0.23768515333755624,False,Low
P2P-009207,2026-06-03 02:59:34+00:00,Corporate Services,V-024,36899.36,False,0.31765861726101197,False,Medium
P2P-010877,2026-06-03 04:23:04+00:00,Consumer Products,V-077,7865.49,False,0.39713697722967434,False,Medium
P2P-001374,2026-06-03 06:38:20+00:00,Consumer Products,V-050,8488.14,False,0.39063912323056066,False,Medium
P2P-003043,2026-06-03 07:18:43+00:00,Industrial Systems,V-029,17737.24,False,0.37313184796803617,False,Medium
P2P-001366,2026-06-03 07:51:56+00:00,Industrial Systems,V-064,36542.03,True,0.3493826840913217,False,Medium
P2P-007755,2026-06-03 08:44:10+00:00,Consumer Products,V-031,4184.68,True,0.499293967461624,False,Medium
P2P-003513,2026-06-03 09:02:32+00:00,Industrial Systems,V-039,7902.94,False,0.32663380503943357,False,Medium
P2P-009828,2026-06-03 09:17:37+00:00,Industrial Systems,V-069,108852.09,True,0.8105613329381804,True,Critical
P2P-008463,2026-06-03 10:08:12+00:00,Consumer Products,V-073,32871.63,False,0.7894193079762847,True,High
P2P-009803,2026-06-03 14:04:52+00:00,Consumer Products,V-044,46964.1,False,0.34630742787200086,False,Medium
P2P-003186,2026-06-03 14:33:07+00:00,Corporate Services,V-008,7535.95,False,0.01877519182093888,False,Low
P2P-003438,2026-06-03 17:08:20+00:00,Consumer Products,V-014,18584.29,False,0.055708854814914104,False,Low
P2P-000656,2026-06-03 17:22:42+00:00,Industrial Systems,V-019,9628.4,False,0.033077700687628525,False,Low
P2P-010470,2026-06-03 19:26:16+00:00,Corporate Services,V-005,29196.85,False,0.503550168808344,True,Medium
P2P-003672,2026-06-03 22:58:48+00:00,Industrial Systems,V-051,5019.85,False,0.4246998332881293,False,Medium
P2P-008276,2026-06-03 23:19:28+00:00,Industrial Systems,V-053,22826.65,False,0.40212064335788383,False,Medium
P2P-003722,2026-06-03 23:55:47+00:00,Industrial Systems,V-026,11394.63,False,0.3689689783881356,False,Medium
P2P-003496,2026-06-04 02:34:07+00:00,Corporate Services,V-020,13054.89,False,0.39146962086628506,False,Medium
P2P-003139,2026-06-04 05:05:36+00:00,Consumer Products,V-040,14632.24,False,0.17821829624016694,False,Low
P2P-006210,2026-06-04 05:25:13+00:00,Corporate Services,V-018,25982.08,False,0.19793873364957884,False,Low
P2P-001146,2026-06-04 07:14:53+00:00,Consumer Products,V-057,38029.64,True,0.42676401883182036,False,Medium
P2P-010558,2026-06-04 10:21:38+00:00,Industrial Systems,V-033,8905.01,False,0.5151054491279905,True,Medium
P2P-005757,2026-06-04 10:44:37+00:00,Consumer Products,V-008,1635.88,False,0.1291932694324885,False,Low
P2P-005099,2026-06-04 12:20:24+00:00,Industrial Systems,V-029,21011.26,True,0.4733928339569253,False,Medium
P2P-010993,2026-06-04 13:20:55+00:00,Consumer Products,V-020,19427.73,False,0.2934593296225416,False,Low
P2P-009532,2026-06-04 13:36:46+00:00,Industrial Systems,V-033,9437.0,True,0.8239087544536718,True,Critical
P2P-004993,2026-06-04 15:20:30+00:00,Industrial Systems,V-031,66982.06,True,0.8871851196799204,True,Critical
P2P-010593,2026-06-04 16:19:20+00:00,Consumer Products,V-013,7703.61,False,0.044212737258844156,False,Low
P2P-007536,2026-06-04 16:51:49+00:00,Consumer Products,V-027,7570.49,False,0.35099957030934104,False,Medium
P2P-010992,2026-06-04 18:15:16+00:00,Corporate Services,V-009,10691.56,True,0.6762527586986115,True,High
P2P-000446,2026-06-04 19:32:36+00:00,Consumer Products,V-017,46865.22,False,0.24299415339450806,False,Low
P2P-009918,2026-06-04 22:13:43+00:00,Consumer Products,V-034,26460.12,False,0.30923974657908765,False,Medium
P2P-010550,2026-06-04 22:27:43+00:00,Corporate Services,V-062,7756.02,True,0.9572255576404054,True,Critical
P2P-005311,2026-06-04 23:16:05+00:00,Industrial Systems,V-080,9505.26,True,0.7862156192624633,True,High
P2P-000058,2026-06-05 04:14:36+00:00,Industrial Systems,V-011,7684.19,False,0.6078896650360078,True,High
P2P-011005,2026-06-05 05:53:25+00:00,Consumer Products,V-022,8090.8,False,0.11201582040946426,False,Low
P2P-002754,2026-06-05 06:40:29+00:00,Industrial Systems,V-021,18729.43,False,0.43330070973549467,False,Medium
P2P-008177,2026-06-05 07:13:11+00:00,Industrial Systems,V-019,5418.28,False,0.3426796827386126,False,Medium
P2P-009424,2026-06-05 11:31:40+00:00,Consumer Products,V-053,6878.36,False,0.11280939795573766,False,Low
P2P-006083,2026-06-05 12:17:51+00:00,Corporate Services,V-011,65777.19,False,0.24697184248468884,False,Low
P2P-003548,2026-06-05 13:10:22+00:00,Industrial Systems,V-042,46473.5,False,0.1816789583611338,False,Low
P2P-003978,2026-06-05 13:25:03+00:00,Corporate Services,V-050,5986.41,False,0.33025820268899314,False,Medium
P2P-003592,2026-06-05 15:26:10+00:00,Consumer Products,V-049,29978.06,True,0.8744899392220653,True,Critical
P2P-011906,2026-06-05 17:46:14+00:00,Consumer Products,V-052,19245.54,False,0.31226585270090745,False,Medium
P2P-007230,2026-06-05 19:36:19+00:00,Consumer Products,V-043,1309.22,True,0.8684762987569196,True,Critical
P2P-000764,2026-06-05 19:39:29+00:00,Consumer Products,V-075,13407.01,True,0.9712385551162803,True,Critical
P2P-005767,2026-06-05 19:40:53+00:00,Industrial Systems,V-061,21303.37,True,0.65977609111567,True,High
P2P-010418,2026-06-05 20:00:17+00:00,Industrial Systems,V-076,60811.8,True,0.49823951197591104,False,Medium
P2P-002374,2026-06-05 20:08:57+00:00,Corporate Services,V-008,68708.75,True,0.8104223174192547,True,Critical
P2P-005408,2026-06-05 21:11:05+00:00,Consumer Products,V-060,36194.85,False,0.7513661042950833,True,High
P2P-002439,2026-06-05 21:35:40+00:00,Corporate Services,V-051,28827.88,False,0.3351527247978811,False,Medium
P2P-009872,2026-06-05 22:24:54+00:00,Consumer Products,V-004,30057.76,False,0.3413367142736939,False,Medium
P2P-011231,2026-06-06 00:01:53+00:00,Corporate Services,V-056,13499.42,False,0.22760968151043007,False,Low
P2P-008178,2026-06-06 01:02:57+00:00,Consumer Products,V-069,94895.36,True,0.786868512417608,True,High
P2P-009701,2026-06-06 02:29:58+00:00,Industrial Systems,V-009,22467.89,True,0.7548124205282181,True,High
P2P-011801,2026-06-06 04:15:05+00:00,Consumer Products,V-013,546.01,False,0.046647064602316844,False,Low
P2P-009681,2026-06-06 04:32:23+00:00,Industrial Systems,V-007,43564.8,False,0.041776817506175866,False,Low
P2P-002561,2026-06-06 05:16:52+00:00,Industrial Systems,V-070,35121.36,False,0.4274830996246325,False,Medium
P2P-000081,2026-06-06 05:28:06+00:00,Industrial Systems,V-004,21006.98,False,0.06693974020425966,False,Low
P2P-010624,2026-06-06 05:37:01+00:00,Consumer Products,V-007,19870.71,False,0.3093688923642427,False,Medium
P2P-007461,2026-06-06 07:40:15+00:00,Industrial Systems,V-064,85296.08,True,0.9686549306009913,True,Critical
P2P-007591,2026-06-06 09:30:45+00:00,Corporate Services,V-080,9093.54,True,0.2557828910555305,False,Low
P2P-001496,2026-06-06 10:02:14+00:00,Industrial Systems,V-046,22638.03,True,0.22993776577756653,False,Low
P2P-006559,2026-06-06 10:11:24+00:00,Corporate Services,V-037,4881.17,False,0.2594377812949375,False,Low
P2P-006959,2026-06-06 12:09:15+00:00,Industrial Systems,V-034,35550.53,False,0.3463647962532147,False,Medium
P2P-002311,2026-06-06 12:17:44+00:00,Consumer Products,V-023,24243.0,False,0.26127786738724074,False,Low
P2P-002428,2026-06-06 14:05:54+00:00,Corporate Services,V-050,26807.66,False,0.09990508897707848,False,Low
P2P-009740,2026-06-06 14:42:26+00:00,Corporate Services,V-037,11923.01,False,0.24516004311299147,False,Low
P2P-007285,2026-06-06 14:55:01+00:00,Industrial Systems,V-035,8380.11,False,0.36680426209673983,False,Medium
P2P-000955,2026-06-06 15:13:23+00:00,Corporate Services,V-080,51794.3,True,0.7220663303926131,True,High
P2P-010540,2026-06-06 15:23:02+00:00,Consumer Products,V-051,18575.23,False,0.4002131820908141,False,Medium
P2P-008473,2026-06-06 15:38:27+00:00,Industrial Systems,V-029,20141.01,False,0.423696108926199,False,Medium
P2P-011720,2026-06-06 15:54:10+00:00,Corporate Services,V-020,24666.17,False,0.8827320175327046,True,Critical
P2P-003781,2026-06-06 16:58:30+00:00,Consumer Products,V-071,18672.18,False,0.8518819687932816,True,Critical
P2P-007700,2026-06-06 16:59:23+00:00,Industrial Systems,V-021,21205.03,False,0.8140759739132722,True,Critical
P2P-001861,2026-06-06 18:17:48+00:00,Corporate Services,V-061,10723.64,False,0.7972389179455881,True,High
P2P-005967,2026-06-06 19:31:35+00:00,Industrial Systems,V-038,12439.2,False,0.31992192545177695,False,Medium
P2P-000346,2026-06-06 19:36:04+00:00,Industrial Systems,V-045,3557.78,False,0.5687271628946461,True,Medium
P2P-003957,2026-06-06 21:22:46+00:00,Corporate Services,V-032,28833.6,False,0.3160579413542526,False,Medium
P2P-003705,2026-06-06 23:28:38+00:00,Consumer Products,V-054,11565.52,False,0.28966747905041346,False,Low
P2P-008090,2026-06-07 00:06:36+00:00,Consumer Products,V-023,19412.03,False,0.19657681004680433,False,Low
P2P-004736,2026-06-07 00:35:37+00:00,Corporate Services,V-078,29193.06,True,0.9635347118392165,True,Critical
P2P-008304,2026-06-07 02:00:27+00:00,Consumer Products,V-079,23919.41,True,0.7080094778944978,True,High
P2P-007466,2026-06-07 02:09:44+00:00,Corporate Services,V-019,31260.08,False,0.33183900542183964,False,Medium
P2P-011523,2026-06-07 02:50:35+00:00,Industrial Systems,V-078,24834.48,True,0.7739821149340268,True,High
P2P-000722,2026-06-07 02:58:45+00:00,Corporate Services,V-069,5986.86,True,0.7205979443924602,True,High
P2P-006269,2026-06-07 03:16:07+00:00,Consumer Products,V-057,17219.31,False,0.2527242555383912,False,Low
P2P-009799,2026-06-07 04:21:24+00:00,Consumer Products,V-045,10481.97,False,0.1637137704961619,False,Low
P2P-002771,2026-06-07 07:42:52+00:00,Consumer Products,V-077,12936.72,True,0.9590298936361209,True,Critical
P2P-005016,2026-06-07 07:52:12+00:00,Consumer Products,V-073,42804.51,False,0.7103317653279638,True,High
P2P-002769,2026-06-07 08:45:18+00:00,Corporate Services,V-053,2349.44,False,0.3157049237470003,False,Medium
P2P-003011,2026-06-07 09:28:00+00:00,Industrial Systems,V-049,19731.88,False,0.335673995034655,False,Medium
P2P-005087,2026-06-07 09:50:38+00:00,Corporate Services,V-053,4760.43,False,0.355325669500959,False,Medium
P2P-009479,2026-06-07 09:57:17+00:00,Consumer Products,V-045,12276.39,False,0.47514831879823327,False,Medium
P2P-011376,2026-06-07 10:14:36+00:00,Industrial Systems,V-024,25060.9,False,0.2785822582997199,False,Low
P2P-005132,2026-06-07 11:41:09+00:00,Industrial Systems,V-041,57771.22,False,0.13911718647598278,False,Low
P2P-002868,2026-06-07 11:43:41+00:00,Consumer Products,V-030,20634.36,False,0.30768750631860237,False,Medium
P2P-004137,2026-06-07 12:54:27+00:00,Corporate Services,V-032,17961.89,True,0.45894941142064627,False,Medium
P2P-004260,2026-06-07 13:02:08+00:00,Industrial Systems,V-041,20926.78,False,0.14490696819844442,False,Low
P2P-004235,2026-06-07 13:18:40+00:00,Industrial Systems,V-075,1216.65,False,0.30911404471633724,False,Medium
P2P-007925,2026-06-07 13:38:48+00:00,Industrial Systems,V-076,29722.67,True,0.8454977618026379,True,Critical
P2P-007441,2026-06-07 13:58:48+00:00,Industrial Systems,V-004,75692.53,False,0.45396974875559126,False,Medium
P2P-006613,2026-06-07 14:08:21+00:00,Industrial Systems,V-066,5162.27,True,0.43442452696270406,False,Medium
P2P-009212,2026-06-07 14:47:27+00:00,Corporate Services,V-066,13990.82,True,0.7478278001932667,True,High
P2P-004758,2026-06-07 14:49:37+00:00,Consumer Products,V-001,70616.5,False,0.405323795110072,False,Medium
P2P-007517,2026-06-07 15:09:16+00:00,Corporate Services,V-058,28988.18,False,0.1072770517765575,False,Low
P2P-007770,2026-06-07 17:23:25+00:00,Industrial Systems,V-050,18747.69,False,0.2552523841540533,False,Low
P2P-002170,2026-06-07 17:48:52+00:00,Industrial Systems,V-043,3979.53,False,0.22563353220438156,False,Low
P2P-005118,2026-06-07 18:40:45+00:00,Industrial Systems,V-024,17418.46,True,0.12532140920343304,False,Low
P2P-004081,2026-06-07 18:46:32+00:00,Corporate Services,V-009,5446.16,False,0.0660273390727704,False,Low
P2P-003442,2026-06-07 19:29:13+00:00,Industrial Systems,V-022,9396.08,False,0.3738360353436243,False,Medium
P2P-000833,2026-06-07 19:37:14+00:00,Corporate Services,V-073,24536.21,True,0.9753682740881914,True,Critical
P2P-011199,2026-06-07 21:42:36+00:00,Industrial Systems,V-035,10802.87,True,0.32170801762934387,False,Medium
P2P-010511,2026-06-07 21:49:15+00:00,Industrial Systems,V-004,3907.96,True,0.665955096805568,True,High
P2P-002575,2026-06-07 22:30:08+00:00,Corporate Services,V-016,61752.24,True,0.8375015899381799,True,Critical
P2P-005400,2026-06-07 23:42:47+00:00,Industrial Systems,V-002,3426.14,False,0.20258866846155799,False,Low
P2P-005735,2026-06-08 00:36:03+00:00,Industrial Systems,V-036,1625.57,False,0.2468584245130555,False,Low
P2P-002856,2026-06-08 00:42:55+00:00,Consumer Products,V-031,15468.3,False,0.712110171379257,True,High
P2P-009878,2026-06-08 01:16:00+00:00,Corporate Services,V-036,61754.34,True,0.8602175802456931,True,Critical
P2P-007086,2026-06-08 01:55:42+00:00,Consumer Products,V-037,5651.27,False,0.6529992634959799,True,High
P2P-007679,2026-06-08 03:04:56+00:00,Consumer Products,V-044,2533.7,False,0.3611560204278553,False,Medium
P2P-002811,2026-06-08 04:32:09+00:00,Consumer Products,V-055,669.36,True,0.2754470687299771,False,Low
P2P-007842,2026-06-08 04:36:54+00:00,Consumer Products,V-052,13910.93,False,0.42433619331454286,False,Medium
P2P-004409,2026-06-08 04:59:59+00:00,Corporate Services,V-017,5854.35,False,0.012195749774660637,False,Low
P2P-001811,2026-06-08 05:03:56+00:00,Corporate Services,V-025,6198.29,False,0.2966988289651274,False,Low
P2P-000360,2026-06-08 05:06:20+00:00,Consumer Products,V-050,2842.54,False,0.2525779683935334,False,Low
P2P-007929,2026-06-08 06:00:30+00:00,Corporate Services,V-039,4909.98,False,0.029822537173677888,False,Low
P2P-005068,2026-06-08 07:07:19+00:00,Consumer Products,V-076,34744.74,False,0.8483585146257983,True,Critical
P2P-005226,2026-06-08 08:28:40+00:00,Industrial Systems,V-031,4521.12,False,0.30410278466045154,False,Medium
P2P-003114,2026-06-08 10:03:32+00:00,Industrial Systems,V-046,64391.72,False,0.14405026899959214,False,Low
P2P-003196,2026-06-08 10:33:55+00:00,Consumer Products,V-060,26247.08,True,0.6693080172016392,True,High
P2P-000687,2026-06-08 11:12:38+00:00,Consumer Products,V-031,34997.98,True,0.32816671092520144,False,Medium
P2P-003375,2026-06-08 12:06:39+00:00,Consumer Products,V-046,12025.77,False,0.2473174867093711,False,Low
P2P-000146,2026-06-08 12:07:46+00:00,Consumer Products,V-001,77493.28,False,0.48747687828669745,False,Medium
P2P-004561,2026-06-08 14:00:49+00:00,Industrial Systems,V-075,11105.24,True,0.949727600444507,True,Critical
P2P-003737,2026-06-08 14:32:27+00:00,Consumer Products,V-069,8833.31,True,0.777803490385421,True,High
P2P-001545,2026-06-08 15:08:42+00:00,Industrial Systems,V-030,17814.24,False,0.38069671564712065,False,Medium
P2P-004222,2026-06-08 15:29:35+00:00,Industrial Systems,V-048,30816.47,False,0.13403844700411552,False,Low
P2P-000813,2026-06-08 17:26:21+00:00,Industrial Systems,V-037,16510.68,False,0.49430612021336895,False,Medium
P2P-008253,2026-06-08 18:50:49+00:00,Industrial Systems,V-033,25994.45,False,0.08246571188632833,False,Low
P2P-000303,2026-06-08 19:33:26+00:00,Consumer Products,V-017,9078.77,False,0.21735598889446683,False,Low
P2P-008602,2026-06-08 22:14:23+00:00,Industrial Systems,V-038,31641.74,True,0.8987148140797886,True,Critical
P2P-007682,2026-06-09 02:24:08+00:00,Industrial Systems,V-062,26903.83,False,0.701703881001878,True,High
P2P-008223,2026-06-09 04:07:36+00:00,Consumer Products,V-053,13002.76,False,0.36170729528992446,False,Medium
P2P-010078,2026-06-09 04:50:34+00:00,Corporate Services,V-055,16596.5,True,0.2540215087458861,False,Low
P2P-009883,2026-06-09 04:55:28+00:00,Industrial Systems,V-031,8800.43,False,0.06447886183204209,False,Low
P2P-003313,2026-06-09 06:07:30+00:00,Consumer Products,V-055,18451.67,False,0.3765028877374182,False,Medium
P2P-004558,2026-06-09 06:34:23+00:00,Consumer Products,V-003,537.89,False,0.11732475076909117,False,Low
P2P-005432,2026-06-09 06:49:43+00:00,Consumer Products,V-028,7938.71,False,0.2731989069753369,False,Low
P2P-009349,2026-06-09 09:33:14+00:00,Industrial Systems,V-070,41237.51,True,0.7103044185155956,True,High
P2P-004022,2026-06-09 09:40:14+00:00,Industrial Systems,V-027,2659.88,True,0.44224587391620074,False,Medium
P2P-005084,2026-06-09 09:53:12+00:00,Corporate Services,V-046,13499.71,True,0.4724911103466777,False,Medium
P2P-004505,2026-06-09 11:16:59+00:00,Consumer Products,V-054,3283.4,False,0.29344434527573754,False,Low
P2P-003730,2026-06-09 12:14:08+00:00,Consumer Products,V-074,12769.0,True,0.747051534431227,True,High
P2P-005483,2026-06-09 12:49:29+00:00,Consumer Products,V-031,87379.22,False,0.15505967866022516,False,Low
P2P-010221,2026-06-09 14:11:24+00:00,Corporate Services,V-078,43448.21,True,0.9008123113429233,True,Critical
P2P-004402,2026-06-09 14:16:11+00:00,Industrial Systems,V-012,38745.33,False,0.23831660663182277,False,Low
P2P-010608,2026-06-09 14:54:05+00:00,Consumer Products,V-004,21349.36,False,0.6847616841292945,True,High
P2P-007462,2026-06-09 15:25:54+00:00,Industrial Systems,V-018,68896.94,False,0.24974027008323343,False,Low
P2P-002608,2026-06-09 16:20:20+00:00,Corporate Services,V-038,99499.64,False,0.4455988429776447,False,Medium
P2P-003434,2026-06-09 16:33:22+00:00,Industrial Systems,V-004,28810.32,False,0.7829878502792759,True,High
P2P-010582,2026-06-09 20:26:21+00:00,Corporate Services,V-011,8803.04,True,0.13838333763581334,False,Low
P2P-007429,2026-06-09 21:00:17+00:00,Consumer Products,V-062,21699.22,True,0.5664277547223463,True,Medium
P2P-008202,2026-06-09 22:58:09+00:00,Industrial Systems,V-011,96581.39,False,0.26941960087428213,False,Low
P2P-005740,2026-06-10 01:00:11+00:00,Industrial Systems,V-001,17210.1,True,0.25413942241866444,False,Low
P2P-008477,2026-06-10 01:20:13+00:00,Consumer Products,V-042,10569.84,False,0.13687284375553976,False,Low
P2P-008769,2026-06-10 01:26:27+00:00,Consumer Products,V-077,10387.16,True,0.17474653467271456,False,Low
P2P-007903,2026-06-10 01:59:16+00:00,Consumer Products,V-060,27534.84,True,0.8143123052356516,True,Critical
P2P-011760,2026-06-10 03:33:43+00:00,Industrial Systems,V-066,14933.49,True,0.9702742141379298,True,Critical
P2P-005241,2026-06-10 06:17:03+00:00,Industrial Systems,V-060,20092.19,False,0.6648390458888442,True,High
P2P-010344,2026-06-10 08:37:05+00:00,Industrial Systems,V-073,10440.6,True,0.8706991049944379,True,Critical
P2P-010824,2026-06-10 09:31:25+00:00,Consumer Products,V-072,37680.07,False,0.950855626848543,True,Critical
P2P-002024,2026-06-10 09:43:02+00:00,Consumer Products,V-013,54043.63,True,0.14456705319170618,False,Low
P2P-003354,2026-06-10 10:24:39+00:00,Industrial Systems,V-048,284248.63,False,0.12140750244825657,False,Low
P2P-002942,2026-06-10 11:49:54+00:00,Corporate Services,V-027,26673.33,True,0.8382759843508788,True,Critical
P2P-011470,2026-06-10 12:15:48+00:00,Consumer Products,V-049,6306.84,True,0.8898268779384707,True,Critical
P2P-011630,2026-06-10 13:57:53+00:00,Industrial Systems,V-041,21488.06,False,0.333967912300441,False,Medium
P2P-006126,2026-06-10 16:45:07+00:00,Industrial Systems,V-010,8772.99,True,0.7546051290299046,True,High
P2P-001386,2026-06-10 17:39:46+00:00,Industrial Systems,V-039,13479.02,False,0.34609332168498597,False,Medium
P2P-009330,2026-06-10 19:53:53+00:00,Corporate Services,V-017,17544.53,False,0.09001371339316357,False,Low
P2P-011136,2026-06-10 20:27:16+00:00,Consumer Products,V-043,36992.75,False,0.4359425672884738,False,Medium
P2P-009953,2026-06-10 20:47:05+00:00,Industrial Systems,V-066,15412.94,True,0.34374135700324043,False,Medium
P2P-003299,2026-06-11 00:45:29+00:00,Corporate Services,V-028,11258.29,False,0.2965172137520808,False,Low
P2P-003357,2026-06-11 02:42:07+00:00,Consumer Products,V-048,18385.11,False,0.1374123248021896,False,Low
P2P-001104,2026-06-11 03:14:38+00:00,Consumer Products,V-058,17654.09,False,0.150868794501054,False,Low
P2P-002182,2026-06-11 04:47:27+00:00,Industrial Systems,V-074,39631.4,False,0.6962521962946894,True,High
P2P-009259,2026-06-11 05:31:31+00:00,Industrial Systems,V-075,14247.16,True,0.6766279733511517,True,High
P2P-008703,2026-06-11 05:42:15+00:00,Corporate Services,V-064,21039.07,False,0.3504180543586317,False,Medium
P2P-002142,2026-06-11 06:17:34+00:00,Industrial Systems,V-067,21975.36,True,0.9544852202277941,True,Critical
P2P-007058,2026-06-11 06:41:03+00:00,Industrial Systems,V-030,20519.68,False,0.33113653652517977,False,Medium
P2P-009191,2026-06-11 07:11:48+00:00,Industrial Systems,V-007,36115.26,False,0.22008593585922795,False,Low
P2P-011107,2026-06-11 09:37:00+00:00,Industrial Systems,V-048,15351.95,False,0.12090394990252361,False,Low
P2P-003444,2026-06-11 09:46:58+00:00,Consumer Products,V-045,5741.24,False,0.38511136389547485,False,Medium
P2P-006700,2026-06-11 09:49:44+00:00,Consumer Products,V-052,84946.18,True,0.42386705967215577,False,Medium
P2P-006395,2026-06-11 17:59:01+00:00,Industrial Systems,V-079,63136.18,True,0.5810471136187526,True,Medium
P2P-009841,2026-06-11 18:00:31+00:00,Industrial Systems,V-072,16947.26,False,0.7000240057091831,True,High
P2P-001775,2026-06-11 19:15:48+00:00,Corporate Services,V-048,4914.2,True,0.2715113212217446,False,Low
P2P-000916,2026-06-12 00:19:05+00:00,Industrial Systems,V-063,12077.88,True,0.5306719932187128,True,Medium
P2P-008778,2026-06-12 01:26:20+00:00,Corporate Services,V-023,114718.3,False,0.14066919067869185,False,Low
P2P-008472,2026-06-12 01:41:11+00:00,Industrial Systems,V-028,12348.8,False,0.2930888895405359,False,Low
P2P-010772,2026-06-12 01:56:10+00:00,Industrial Systems,V-065,6613.4,False,0.6359450576584106,True,High
P2P-010289,2026-06-12 02:53:34+00:00,Consumer Products,V-018,38940.76,False,0.04902357701552996,False,Low
P2P-010303,2026-06-12 03:07:58+00:00,Corporate Services,V-009,71963.73,True,0.19830844419253127,False,Low
P2P-007413,2026-06-12 03:08:29+00:00,Industrial Systems,V-046,19979.19,False,0.15128784741518186,False,Low
P2P-000491,2026-06-12 03:14:19+00:00,Corporate Services,V-014,10577.16,False,0.16060094731308874,False,Low
P2P-001961,2026-06-12 08:04:13+00:00,Consumer Products,V-064,37019.88,True,0.8648172541972963,True,Critical
P2P-010217,2026-06-12 08:06:33+00:00,Corporate Services,V-020,10288.64,False,0.15255804329623596,False,Low
P2P-007598,2026-06-12 09:27:02+00:00,Industrial Systems,V-052,14526.02,True,0.32917140030757835,False,Medium
P2P-011680,2026-06-12 14:42:43+00:00,Industrial Systems,V-004,17118.67,True,0.2397898126737623,False,Low
P2P-004170,2026-06-12 15:34:51+00:00,Consumer Products,V-033,2714.91,False,0.33351144004985234,False,Medium
P2P-001184,2026-06-12 18:40:30+00:00,Industrial Systems,V-051,27768.97,False,0.12337957528330332,False,Low
P2P-005644,2026-06-12 19:01:49+00:00,Consumer Products,V-049,34099.95,False,0.17879450871705288,False,Low
P2P-000624,2026-06-12 20:59:01+00:00,Industrial Systems,V-014,5918.22,False,0.8178780293588872,True,Critical
P2P-008649,2026-06-12 22:13:10+00:00,Consumer Products,V-056,9062.55,False,0.38231349866672437,False,Medium
P2P-003363,2026-06-12 22:50:54+00:00,Consumer Products,V-017,8243.13,False,0.20388340136162353,False,Low
P2P-008749,2026-06-13 00:48:20+00:00,Corporate Services,V-050,42253.62,True,0.9197731653376996,True,Critical
P2P-008170,2026-06-13 01:00:36+00:00,Corporate Services,V-080,24453.35,False,0.837143606277045,True,Critical
P2P-008873,2026-06-13 01:56:20+00:00,Consumer Products,V-052,7509.92,False,0.18815963176802317,False,Low
P2P-003643,2026-06-13 03:08:58+00:00,Consumer Products,V-059,3168.67,True,0.6494785227716064,True,High
P2P-005461,2026-06-13 03:47:36+00:00,Industrial Systems,V-030,14466.22,False,0.23497077434458294,False,Low
P2P-007403,2026-06-13 05:04:17+00:00,Industrial Systems,V-042,31099.29,False,0.14946253797182132,False,Low
P2P-002179,2026-06-13 05:07:47+00:00,Corporate Services,V-074,26224.1,False,0.7225761628451697,True,High
P2P-009112,2026-06-13 05:58:03+00:00,Consumer Products,V-031,5530.81,False,0.4031256877131124,False,Medium
P2P-002208,2026-06-13 06:27:50+00:00,Industrial Systems,V-078,871.02,True,0.7489127512976185,True,High
P2P-001932,2026-06-13 06:31:50+00:00,Consumer Products,V-051,7310.69,False,0.08647217990469591,False,Low
P2P-008192,2026-06-13 06:32:28+00:00,Corporate Services,V-064,15101.32,False,0.78206268069956,True,High
P2P-000599,2026-06-13 06:32:57+00:00,Consumer Products,V-034,4049.35,False,0.3258077430531001,False,Medium
P2P-004039,2026-06-13 06:43:05+00:00,Industrial Systems,V-031,76069.62,False,0.14742434204322932,False,Low
P2P-010793,2026-06-13 07:46:43+00:00,Consumer Products,V-076,16867.61,False,0.5159028768462489,True,Medium
P2P-009830,2026-06-13 08:58:37+00:00,Corporate Services,V-046,63418.15,False,0.3237736296026156,False,Medium
P2P-009397,2026-06-13 17:19:24+00:00,Corporate Services,V-033,13672.22,True,0.8632592295515742,True,Critical
P2P-010206,2026-06-13 18:06:30+00:00,Industrial Systems,V-015,8806.97,False,0.07335063937202436,False,Low
P2P-009026,2026-06-13 19:28:49+00:00,Consumer Products,V-062,6134.46,False,0.6950598955780255,True,High
P2P-010515,2026-06-13 20:06:27+00:00,Corporate Services,V-051,7607.64,True,0.40865591552718994,False,Medium
P2P-006447,2026-06-13 20:50:08+00:00,Consumer Products,V-017,5421.94,False,0.18217094580430832,False,Low
P2P-005527,2026-06-13 20:50:15+00:00,Consumer Products,V-058,33647.21,False,0.38976481416488273,False,Medium
P2P-005020,2026-06-13 22:10:22+00:00,Consumer Products,V-032,1349.27,False,0.20107591359550486,False,Low
P2P-001417,2026-06-14 00:44:42+00:00,Consumer Products,V-045,49702.26,False,0.508585076757035,True,Medium
P2P-000281,2026-06-14 02:28:25+00:00,Industrial Systems,V-069,3436.51,True,0.7010350849147958,True,High
P2P-007739,2026-06-14 02:32:03+00:00,Consumer Products,V-027,45556.53,False,0.6271303576648333,True,High
P2P-010861,2026-06-14 03:12:48+00:00,Industrial Systems,V-050,69475.24,False,0.5456142944170612,True,Medium
P2P-000129,2026-06-14 03:53:54+00:00,Corporate Services,V-037,12988.9,True,0.14555538943669272,False,Low
P2P-010696,2026-06-14 04:15:29+00:00,Industrial Systems,V-052,10239.92,True,0.29364022588924427,False,Low
P2P-000108,2026-06-14 04:17:04+00:00,Industrial Systems,V-027,4868.29,False,0.2519317455087697,False,Low
P2P-010748,2026-06-14 05:24:43+00:00,Consumer Products,V-049,13493.83,False,0.2698446649448088,False,Low
P2P-004868,2026-06-14 06:30:13+00:00,Consumer Products,V-029,19280.15,True,0.8756707435005269,True,Critical
P2P-001919,2026-06-14 06:51:24+00:00,Consumer Products,V-035,26530.0,True,0.3468081737472842,False,Medium
P2P-008344,2026-06-14 10:51:27+00:00,Corporate Services,V-019,1076.11,False,0.8089557563598372,True,Critical
P2P-000087,2026-06-14 12:04:40+00:00,Industrial Systems,V-064,7138.81,False,0.6537526434956331,True,High
P2P-001507,2026-06-14 12:36:18+00:00,Corporate Services,V-010,26594.46,True,0.2333512232849806,False,Low
P2P-002091,2026-06-14 14:44:05+00:00,Industrial Systems,V-012,42458.77,False,0.17040808033213417,False,Low
P2P-007103,2026-06-14 16:01:10+00:00,Corporate Services,V-009,8091.37,False,0.17536199896248233,False,Low
P2P-006305,2026-06-14 16:37:53+00:00,Industrial Systems,V-074,21681.9,False,0.8263253978515882,True,Critical
P2P-005888,2026-06-14 19:20:27+00:00,Industrial Systems,V-001,13775.6,False,0.032890016225569765,False,Low
P2P-002735,2026-06-14 19:25:06+00:00,Consumer Products,V-028,3579.24,True,0.32967688949462487,False,Medium
P2P-002452,2026-06-15 00:10:05+00:00,Corporate Services,V-030,7720.86,False,0.37119161730476224,False,Medium
P2P-008050,2026-06-15 02:59:46+00:00,Consumer Products,V-038,21149.72,False,0.40217438134972283,False,Medium
P2P-011122,2026-06-15 04:42:08+00:00,Consumer Products,V-009,29434.79,False,0.20405107039836734,False,Low
P2P-009706,2026-06-15 07:41:42+00:00,Consumer Products,V-028,178471.77,False,0.2150829734251585,False,Low
P2P-010180,2026-06-15 08:15:00+00:00,Industrial Systems,V-012,60462.9,False,0.03866905368789872,False,Low
P2P-000620,2026-06-15 12:07:09+00:00,Industrial Systems,V-007,16078.2,False,0.19427801143381904,False,Low
P2P-005109,2026-06-15 12:21:22+00:00,Consumer Products,V-039,41596.22,True,0.2742079875574919,False,Low
P2P-011374,2026-06-15 12:28:08+00:00,Consumer Products,V-054,3108.13,False,0.6540831504055084,True,High
P2P-002118,2026-06-15 15:45:43+00:00,Industrial Systems,V-043,33033.34,True,0.35518502921194284,False,Medium
P2P-004766,2026-06-15 17:07:19+00:00,Industrial Systems,V-070,40774.4,True,0.9267541284731023,True,Critical
P2P-001143,2026-06-15 19:33:38+00:00,Consumer Products,V-029,43363.87,True,0.5451996271085079,True,Medium
P2P-011040,2026-06-15 21:15:19+00:00,Consumer Products,V-071,21907.53,False,0.8483631956457545,True,Critical
P2P-008966,2026-06-15 22:37:00+00:00,Industrial Systems,V-070,20193.49,True,0.9896935163260117,True,Critical
P2P-007100,2026-06-15 23:31:01+00:00,Industrial Systems,V-064,12352.4,False,0.6190690249559379,True,High
P2P-003165,2026-06-15 23:54:08+00:00,Consumer Products,V-005,22997.17,False,0.13417082635472222,False,Low
P2P-005833,2026-06-16 02:47:00+00:00,Industrial Systems,V-007,7775.62,False,0.017138143082393018,False,Low
P2P-001213,2026-06-16 03:08:32+00:00,Consumer Products,V-024,93036.15,False,0.18362578703415575,False,Low
P2P-009954,2026-06-16 03:15:42+00:00,Industrial Systems,V-036,5599.21,False,0.14144872458443758,False,Low
P2P-005601,2026-06-16 03:16:24+00:00,Industrial Systems,V-059,4387.83,True,0.8250515303689746,True,Critical
P2P-009822,2026-06-16 04:49:08+00:00,Corporate Services,V-037,3522.6,False,0.06663562695488245,False,Low
P2P-005023,2026-06-16 05:58:19+00:00,Corporate Services,V-031,79397.32,False,0.4743848045157447,False,Medium
P2P-000044,2026-06-16 06:19:48+00:00,Industrial Systems,V-046,4803.47,True,0.3387920688451403,False,Medium
P2P-002780,2026-06-16 06:22:35+00:00,Corporate Services,V-032,47920.78,False,0.08132596253805816,False,Low
P2P-011409,2026-06-16 07:25:13+00:00,Consumer Products,V-009,5349.75,False,0.05692888656305583,False,Low
P2P-007432,2026-06-16 09:47:06+00:00,Industrial Systems,V-051,11064.88,False,0.03540407722650882,False,Low
P2P-001801,2026-06-16 11:11:20+00:00,Industrial Systems,V-047,11143.48,False,0.13936776360133518,False,Low
P2P-010347,2026-06-16 11:22:44+00:00,Corporate Services,V-067,10311.0,True,0.6803069360774022,True,High
P2P-011220,2026-06-16 12:24:08+00:00,Corporate Services,V-072,56612.38,True,0.8513506250192893,True,Critical
P2P-001593,2026-06-16 13:56:58+00:00,Consumer Products,V-006,3462.21,False,0.21308866153996314,False,Low
P2P-006875,2026-06-16 14:40:17+00:00,Industrial Systems,V-018,16555.65,False,0.6406067103176923,True,High
P2P-006942,2026-06-16 17:41:15+00:00,Industrial Systems,V-074,20482.27,False,0.5242105463834379,True,Medium
P2P-011441,2026-06-16 18:27:41+00:00,Industrial Systems,V-042,2425.31,False,0.09752064730202313,False,Low
P2P-000300,2026-06-16 19:23:48+00:00,Industrial Systems,V-057,144496.14,False,0.5618847849741024,True,Medium
P2P-002043,2026-06-16 19:48:07+00:00,Corporate Services,V-059,13298.66,True,0.7072840132964029,True,High
P2P-000361,2026-06-16 21:04:54+00:00,Industrial Systems,V-021,13916.07,True,0.9070398128088425,True,Critical
P2P-007735,2026-06-16 22:49:01+00:00,Corporate Services,V-036,4890.43,True,0.5118280891457228,True,Medium
P2P-001747,2026-06-16 23:50:05+00:00,Industrial Systems,V-032,92603.42,False,0.2869522028239938,False,Low
P2P-006834,2026-06-17 00:07:47+00:00,Corporate Services,V-043,54646.66,False,0.7086462546131078,True,High
P2P-008374,2026-06-17 05:21:51+00:00,Industrial Systems,V-009,6872.67,False,0.20057747859751648,False,Low
P2P-005328,2026-06-17 05:50:32+00:00,Consumer Products,V-021,2869.01,True,0.49570935975345504,False,Medium
P2P-006531,2026-06-17 05:56:27+00:00,Consumer Products,V-007,22427.46,False,0.22698180006488358,False,Low
P2P-003544,2026-06-17 07:13:25+00:00,Corporate Services,V-051,48870.03,True,0.8780048105336523,True,Critical
P2P-002040,2026-06-17 07:24:23+00:00,Corporate Services,V-055,26236.02,False,0.1962998445326197,False,Low
P2P-002191,2026-06-17 08:39:02+00:00,Industrial Systems,V-009,9274.81,False,0.04359932109583391,False,Low
P2P-000335,2026-06-17 08:39:58+00:00,Industrial Systems,V-032,61047.87,True,0.5720226197695018,True,Medium
P2P-009903,2026-06-17 08:49:09+00:00,Industrial Systems,V-003,79938.01,False,0.5103023313505309,True,Medium
P2P-008994,2026-06-17 09:11:58+00:00,Corporate Services,V-027,10415.18,True,0.3880319801073084,False,Medium
P2P-009776,2026-06-17 09:22:31+00:00,Consumer Products,V-074,37755.49,False,0.46766964238967695,False,Medium
P2P-000142,2026-06-17 09:29:45+00:00,Consumer Products,V-013,16796.85,True,0.18485519404575287,False,Low
P2P-003895,2026-06-17 10:26:22+00:00,Consumer Products,V-054,5671.17,False,0.3003097491751376,False,Medium
P2P-004246,2026-06-17 12:28:21+00:00,Consumer Products,V-073,22950.0,False,0.6762421618588589,True,High
P2P-007069,2026-06-17 15:00:06+00:00,Consumer Products,V-008,32213.73,True,0.8387720619577352,True,Critical
P2P-000890,2026-06-17 15:20:44+00:00,Industrial Systems,V-007,5259.77,False,0.11373343777722922,False,Low
P2P-010097,2026-06-17 16:08:19+00:00,Corporate Services,V-040,29363.1,False,0.6802746080735617,True,High
P2P-004883,2026-06-17 16:32:40+00:00,Industrial Systems,V-054,50979.82,False,0.12312254709422452,False,Low
P2P-004895,2026-06-17 19:14:49+00:00,Corporate Services,V-064,7918.71,False,0.5769729068792417,True,Medium
P2P-007655,2026-06-17 19:25:14+00:00,Industrial Systems,V-046,4979.82,False,0.3371763449227441,False,Medium
P2P-010844,2026-06-17 21:56:51+00:00,Industrial Systems,V-015,6410.12,False,0.13862696014299544,False,Low
P2P-010124,2026-06-17 22:12:33+00:00,Industrial Systems,V-059,149201.59,True,0.7607167445182614,True,High
P2P-005748,2026-06-17 22:51:50+00:00,Industrial Systems,V-003,2794.43,False,0.652635620084204,True,High
P2P-003070,2026-06-18 00:00:09+00:00,Industrial Systems,V-021,22776.73,False,0.32339966759884436,False,Medium
P2P-009576,2026-06-18 01:27:53+00:00,Consumer Products,V-053,12053.98,True,0.5481453966896503,True,Medium
P2P-007036,2026-06-18 01:37:23+00:00,Industrial Systems,V-054,116954.12,False,0.896363145794072,True,Critical
P2P-009732,2026-06-18 02:08:08+00:00,Consumer Products,V-009,5502.24,False,0.16552615061618503,False,Low
P2P-000016,2026-06-18 02:20:45+00:00,Consumer Products,V-069,22099.0,False,0.8446232642879598,True,Critical
P2P-006888,2026-06-18 03:43:54+00:00,Corporate Services,V-019,2429.12,False,0.16125796284035768,False,Low
P2P-005762,2026-06-18 04:58:18+00:00,Industrial Systems,V-022,22210.26,True,0.8488000825230145,True,Critical
P2P-005890,2026-06-18 05:32:30+00:00,Industrial Systems,V-020,11757.06,False,0.06278999660186238,False,Low
P2P-010963,2026-06-18 06:08:09+00:00,Industrial Systems,V-020,71376.03,False,0.5721918599845465,True,Medium
P2P-011907,2026-06-18 06:20:17+00:00,Corporate Services,V-036,205663.27,True,0.368244931629106,False,Medium
P2P-007232,2026-06-18 06:53:41+00:00,Consumer Products,V-021,7210.27,False,0.8272334298853413,True,Critical
P2P-004459,2026-06-18 06:58:21+00:00,Corporate Services,V-003,8212.07,True,0.8344118216263798,True,Critical
P2P-008692,2026-06-18 09:00:41+00:00,Corporate Services,V-075,13998.19,True,0.8882894532395997,True,Critical
P2P-010441,2026-06-18 09:14:28+00:00,Corporate Services,V-076,7816.5,False,0.5268533099647591,True,Medium
P2P-011802,2026-06-18 12:41:00+00:00,Consumer Products,V-080,6530.45,True,0.9573504142645552,True,Critical
P2P-003373,2026-06-18 13:09:03+00:00,Industrial Systems,V-008,67997.69,True,0.2352996227345837,False,Low
P2P-006158,2026-06-18 14:54:02+00:00,Industrial Systems,V-011,5598.01,True,0.7475938635173763,True,High
P2P-005166,2026-06-18 15:08:37+00:00,Industrial Systems,V-028,14145.53,False,0.032180265971327324,False,Low
P2P-006026,2026-06-18 18:01:22+00:00,Corporate Services,V-020,41546.88,False,0.412414338008517,False,Medium
P2P-010026,2026-06-18 18:55:11+00:00,Consumer Products,V-036,15682.53,False,0.1207249540963699,False,Low
P2P-001957,2026-06-18 19:38:34+00:00,Corporate Services,V-065,8314.69,False,0.7069605834982189,True,High
P2P-005294,2026-06-18 20:47:15+00:00,Consumer Products,V-070,85670.2,True,0.5008109310145918,True,Medium
P2P-011195,2026-06-18 20:53:02+00:00,Industrial Systems,V-066,8882.44,True,0.9808144815795287,True,Critical
P2P-000022,2026-06-18 21:59:33+00:00,Corporate Services,V-031,9328.1,False,0.09143021850409988,False,Low
P2P-012000,2026-06-18 22:25:10+00:00,Corporate Services,V-015,32258.92,True,0.6652857153384306,True,High
P2P-010786,2026-06-18 23:29:59+00:00,Consumer Products,V-062,10030.99,False,0.7422001081528145,True,High
P2P-010326,2026-06-19 00:22:34+00:00,Corporate Services,V-069,38328.71,True,0.653007476008161,True,High
P2P-005538,2026-06-19 01:22:22+00:00,Consumer Products,V-058,23184.87,False,0.3290559113505711,False,Medium
P2P-009364,2026-06-19 03:18:09+00:00,Consumer Products,V-059,15204.85,True,0.7680682022104074,True,High
P2P-011940,2026-06-19 03:32:30+00:00,Consumer Products,V-018,30636.6,False,0.028211162861830674,False,Low
P2P-003253,2026-06-19 03:56:29+00:00,Consumer Products,V-011,60622.9,False,0.20180652056491497,False,Low
P2P-005115,2026-06-19 05:38:29+00:00,Industrial Systems,V-058,3415.52,False,0.2484562874990809,False,Low
P2P-006354,2026-06-19 05:54:32+00:00,Corporate Services,V-011,22690.86,False,0.8013173035429703,True,Critical
P2P-007738,2026-06-19 07:12:55+00:00,Industrial Systems,V-052,31705.01,True,0.34536058008714393,False,Medium
P2P-006183,2026-06-19 08:29:01+00:00,Consumer Products,V-021,5568.84,True,0.8746704675339356,True,Critical
P2P-002283,2026-06-19 09:25:56+00:00,Consumer Products,V-038,6111.71,False,0.2601178507048619,False,Low
P2P-000249,2026-06-19 10:31:11+00:00,Consumer Products,V-049,6967.66,True,0.6066976520437221,True,High
P2P-000449,2026-06-19 12:23:19+00:00,Corporate Services,V-031,7723.22,True,0.8228453288757532,True,Critical
P2P-002475,2026-06-19 12:39:00+00:00,Industrial Systems,V-033,9583.97,False,0.3265874561613339,False,Medium
P2P-010387,2026-06-19 13:01:51+00:00,Corporate Services,V-059,9954.79,False,0.6868418107785831,True,High
P2P-006070,2026-06-19 13:19:47+00:00,Corporate Services,V-024,208159.45,False,0.2100407299294562,False,Low
P2P-002194,2026-06-19 13:50:36+00:00,Industrial Systems,V-073,16098.96,True,0.9652691392064354,True,Critical
P2P-010753,2026-06-19 14:42:02+00:00,Corporate Services,V-064,29925.93,True,0.6810693269233573,True,High
P2P-002876,2026-06-19 14:44:02+00:00,Corporate Services,V-053,28405.97,False,0.3929623764952105,False,Medium
P2P-003099,2026-06-19 16:17:45+00:00,Corporate Services,V-020,2711.16,True,0.68821268121979,True,High
P2P-008826,2026-06-19 17:19:15+00:00,Corporate Services,V-037,7035.2,True,0.36807935436273975,False,Medium
P2P-005202,2026-06-19 18:22:38+00:00,Consumer Products,V-048,31315.78,False,0.687536651528411,True,High
P2P-010538,2026-06-19 19:16:46+00:00,Industrial Systems,V-009,11307.71,False,0.27183622234177013,False,Low
P2P-004521,2026-06-19 20:06:41+00:00,Industrial Systems,V-048,13059.2,True,0.2570050105529824,False,Low
P2P-008432,2026-06-19 20:14:37+00:00,Consumer Products,V-043,15222.14,False,0.40443977016594734,False,Medium
P2P-001776,2026-06-19 21:41:38+00:00,Industrial Systems,V-025,1158.72,False,0.06557783692951763,False,Low
P2P-008022,2026-06-19 21:42:11+00:00,Consumer Products,V-054,6855.18,False,0.3665876837600416,False,Medium
P2P-002469,2026-06-19 22:48:58+00:00,Consumer Products,V-010,9906.32,False,0.26083930078913786,False,Low
P2P-003389,2026-06-19 23:12:35+00:00,Industrial Systems,V-032,5707.81,False,0.35621012924196405,False,Medium
P2P-000723,2026-06-19 23:36:47+00:00,Consumer Products,V-019,64918.82,False,0.3642416867933465,False,Medium
P2P-000912,2026-06-20 00:25:51+00:00,Industrial Systems,V-046,12582.36,False,0.2940459644487101,False,Low
P2P-002643,2026-06-20 02:09:59+00:00,Consumer Products,V-058,32498.91,False,0.15942920802528124,False,Low
P2P-006310,2026-06-20 02:20:33+00:00,Industrial Systems,V-020,7650.58,True,0.8053027011381263,True,Critical
P2P-008365,2026-06-20 02:33:36+00:00,Consumer Products,V-057,8685.15,False,0.37660239074412866,False,Medium
P2P-010585,2026-06-20 04:22:21+00:00,Consumer Products,V-043,9532.79,False,0.51642582483129,True,Medium
P2P-011994,2026-06-20 05:52:49+00:00,Corporate Services,V-027,28554.46,False,0.05340128993418846,False,Low
P2P-010620,2026-06-20 05:59:39+00:00,Industrial Systems,V-073,4198.81,True,0.7544503220683039,True,High
P2P-011951,2026-06-20 07:21:22+00:00,Industrial Systems,V-022,45706.08,True,0.4679916177008075,False,Medium
P2P-009583,2026-06-20 08:32:35+00:00,Consumer Products,V-056,6204.16,False,0.2255357303437801,False,Low
P2P-005525,2026-06-20 09:49:40+00:00,Corporate Services,V-047,5694.29,False,0.4005439617038124,False,Medium
P2P-011181,2026-06-20 10:22:22+00:00,Industrial Systems,V-052,52700.68,False,0.8810341267511926,True,Critical
P2P-011051,2026-06-20 10:50:13+00:00,Corporate Services,V-044,23964.88,True,0.870093901251163,True,Critical
P2P-011915,2026-06-20 11:13:32+00:00,Corporate Services,V-017,86800.79,False,0.29293875791941143,False,Low
P2P-006813,2026-06-20 12:47:50+00:00,Consumer Products,V-034,74528.1,False,0.35882915415775035,False,Medium
P2P-001790,2026-06-20 13:06:37+00:00,Consumer Products,V-036,8635.66,False,0.08503942286051347,False,Low
P2P-009059,2026-06-20 13:53:52+00:00,Industrial Systems,V-040,39323.67,False,0.4815806481686121,False,Medium
P2P-010846,2026-06-20 15:06:54+00:00,Industrial Systems,V-002,26814.45,False,0.14588555629697045,False,Low
P2P-007868,2026-06-20 18:15:07+00:00,Consumer Products,V-036,9375.87,False,0.06321118373056543,False,Low
P2P-006147,2026-06-20 18:17:45+00:00,Industrial Systems,V-045,5374.43,False,0.1440922560374249,False,Low
P2P-001927,2026-06-20 18:49:36+00:00,Corporate Services,V-015,50193.13,False,0.15358844033876054,False,Low
P2P-002731,2026-06-20 19:32:10+00:00,Consumer Products,V-068,63424.44,True,0.9737129077634409,True,Critical
P2P-007918,2026-06-20 21:54:24+00:00,Corporate Services,V-031,24392.12,False,0.25867237493074996,False,Low
P2P-003952,2026-06-20 22:33:00+00:00,Industrial Systems,V-052,29194.6,False,0.31577823964409024,False,Medium
P2P-010517,2026-06-20 23:15:29+00:00,Consumer Products,V-060,15984.05,True,0.9134195188684087,True,Critical
P2P-003813,2026-06-20 23:16:14+00:00,Consumer Products,V-025,6997.32,False,0.04703631872755804,False,Low
P2P-004563,2026-06-21 00:31:01+00:00,Industrial Systems,V-002,14085.86,False,0.16961851301218228,False,Low
P2P-006331,2026-06-21 00:41:56+00:00,Industrial Systems,V-041,11806.01,False,0.27332439454769697,False,Low
P2P-000080,2026-06-21 00:44:29+00:00,Industrial Systems,V-023,13152.5,False,0.5668645897369387,True,Medium
P2P-011018,2026-06-21 01:37:36+00:00,Consumer Products,V-042,2637.56,False,0.25913566153411643,False,Low
P2P-008084,2026-06-21 02:40:58+00:00,Industrial Systems,V-025,6368.03,False,0.16625863945385436,False,Low
P2P-000904,2026-06-21 03:21:18+00:00,Consumer Products,V-072,6670.07,True,0.9707165483629838,True,Critical
P2P-008190,2026-06-21 03:36:44+00:00,Industrial Systems,V-072,56260.28,True,0.6443900578414125,True,High
P2P-008292,2026-06-21 03:51:57+00:00,Industrial Systems,V-024,1829.21,True,0.5228172813302989,True,Medium
P2P-006207,2026-06-21 04:17:35+00:00,Consumer Products,V-009,13258.32,False,0.08301220105930533,False,Low
P2P-009458,2026-06-21 05:38:34+00:00,Consumer Products,V-046,79567.5,False,0.22647703395272295,False,Low
P2P-004172,2026-06-21 05:39:19+00:00,Consumer Products,V-035,28471.61,False,0.37764677532794017,False,Medium
P2P-002174,2026-06-21 06:11:46+00:00,Consumer Products,V-032,82595.55,True,0.5289506145664001,True,Medium
P2P-010553,2026-06-21 07:41:49+00:00,Industrial Systems,V-020,32908.62,False,0.8317931502976394,True,Critical
P2P-003085,2026-06-21 08:44:17+00:00,Consumer Products,V-068,6845.48,True,0.9711316983832704,True,Critical
P2P-003559,2026-06-21 08:55:22+00:00,Industrial Systems,V-024,3973.71,False,0.13410198784699023,False,Low
P2P-007861,2026-06-21 10:04:18+00:00,Consumer Products,V-013,12201.2,False,0.3812088615265445,False,Medium
P2P-000952,2026-06-21 10:21:04+00:00,Consumer Products,V-063,2203.39,True,0.8681450228613604,True,Critical
P2P-000670,2026-06-21 10:35:08+00:00,Consumer Products,V-053,10115.97,False,0.294835498690616,False,Low
P2P-011584,2026-06-21 11:04:32+00:00,Consumer Products,V-076,8312.09,False,0.6853287303208485,True,High
P2P-006940,2026-06-21 13:22:25+00:00,Consumer Products,V-015,7207.62,False,0.18703373886268204,False,Low
P2P-004816,2026-06-21 13:51:38+00:00,Corporate Services,V-052,5958.48,False,0.2858686511677932,False,Low
P2P-010913,2026-06-21 14:24:25+00:00,Consumer Products,V-062,229651.83,True,0.9595461685302612,True,Critical
P2P-009831,2026-06-21 14:36:12+00:00,Industrial Systems,V-058,74994.61,False,0.17068781410293887,False,Low
P2P-006719,2026-06-21 16:34:01+00:00,Corporate Services,V-042,9786.43,True,0.30199859574334015,False,Medium
P2P-007796,2026-06-21 16:45:09+00:00,Industrial Systems,V-012,20212.39,True,0.717639832802829,True,High
P2P-010425,2026-06-21 16:46:53+00:00,Corporate Services,V-028,14361.97,True,0.4524423783236498,False,Medium
P2P-006488,2026-06-21 17:41:10+00:00,Corporate Services,V-017,12946.06,False,0.14407889835900645,False,Low
P2P-004935,2026-06-21 19:34:22+00:00,Consumer Products,V-046,27440.44,False,0.07463572961573783,False,Low
P2P-004691,2026-06-21 20:33:32+00:00,Consumer Products,V-056,18937.74,False,0.038494755540996434,False,Low
P2P-003748,2026-06-21 21:01:42+00:00,Consumer Products,V-024,18995.14,False,0.0769826145714984,False,Low
P2P-010510,2026-06-21 22:09:32+00:00,Industrial Systems,V-054,13128.02,False,0.3736729497456008,False,Medium
P2P-006048,2026-06-21 23:25:47+00:00,Industrial Systems,V-039,12396.32,False,0.10470722539826016,False,Low
P2P-011277,2026-06-21 23:31:19+00:00,Corporate Services,V-059,17768.21,True,0.7577385481109435,True,High
P2P-008807,2026-06-22 01:30:42+00:00,Industrial Systems,V-044,10009.52,False,0.661195809188008,True,High
P2P-001781,2026-06-22 03:01:44+00:00,Industrial Systems,V-033,13125.27,False,0.360730424962427,False,Medium
P2P-010592,2026-06-22 03:17:16+00:00,Consumer Products,V-049,37891.38,False,0.8374011185072298,True,Critical
P2P-003481,2026-06-22 05:09:59+00:00,Corporate Services,V-052,10118.07,True,0.8802979960778682,True,Critical
P2P-011394,2026-06-22 05:49:27+00:00,Industrial Systems,V-011,32021.67,False,0.11352051280656443,False,Low
P2P-003367,2026-06-22 06:11:49+00:00,Industrial Systems,V-064,56898.72,True,0.9654268962336672,True,Critical
P2P-003230,2026-06-22 09:13:58+00:00,Consumer Products,V-065,51099.77,False,0.6922750981523402,True,High
P2P-006620,2026-06-22 09:31:54+00:00,Industrial Systems,V-047,38247.89,False,0.1609432342279239,False,Low
P2P-006076,2026-06-22 10:11:46+00:00,Industrial Systems,V-024,4059.46,False,0.14773299513107102,False,Low
P2P-006706,2026-06-22 10:13:25+00:00,Industrial Systems,V-049,55730.32,True,0.824164161143284,True,Critical
P2P-010778,2026-06-22 10:15:33+00:00,Consumer Products,V-076,19929.38,True,0.724645143530395,True,High
P2P-011551,2026-06-22 10:36:35+00:00,Consumer Products,V-018,16760.65,False,0.05708827249664082,False,Low
P2P-010107,2026-06-22 12:20:12+00:00,Consumer Products,V-032,15106.28,True,0.8687655248092677,True,Critical
P2P-008262,2026-06-22 14:57:19+00:00,Corporate Services,V-001,2374.04,False,0.1547479259013816,False,Low
P2P-009105,2026-06-22 17:01:00+00:00,Consumer Products,V-001,14508.74,False,0.2746349563158438,False,Low
P2P-004647,2026-06-22 18:21:36+00:00,Industrial Systems,V-071,46767.14,True,0.6467557071002925,True,High
P2P-000525,2026-06-22 20:24:57+00:00,Consumer Products,V-062,15018.64,True,0.7915497015055187,True,High
P2P-003918,2026-06-22 20:51:16+00:00,Industrial Systems,V-058,35035.85,True,0.5610916460334003,True,Medium
P2P-011338,2026-06-22 23:11:26+00:00,Consumer Products,V-067,90160.46,True,0.9745071655696725,True,Critical
P2P-003492,2026-06-23 01:47:08+00:00,Industrial Systems,V-018,7661.05,False,0.19486821732711584,False,Low
P2P-008296,2026-06-23 04:16:22+00:00,Consumer Products,V-013,10856.87,False,0.194637791498363,False,Low
P2P-007583,2026-06-23 04:26:45+00:00,Consumer Products,V-054,34814.22,True,0.6934219136995372,True,High
P2P-009537,2026-06-23 04:30:59+00:00,Corporate Services,V-059,28797.82,False,0.6816160258945114,True,High
P2P-003509,2026-06-23 06:16:16+00:00,Consumer Products,V-003,6576.41,False,0.26025252167084434,False,Low
P2P-003786,2026-06-23 06:32:57+00:00,Consumer Products,V-005,35981.74,False,0.20931019158441122,False,Low
P2P-011555,2026-06-23 07:06:26+00:00,Industrial Systems,V-034,3206.95,False,0.4786377220336927,False,Medium
P2P-005399,2026-06-23 07:36:45+00:00,Corporate Services,V-064,12930.31,True,0.41698503215026633,False,Medium
P2P-002587,2026-06-23 07:40:08+00:00,Consumer Products,V-037,98374.1,False,0.5218362029935819,True,Medium
P2P-001299,2026-06-23 08:29:42+00:00,Industrial Systems,V-046,3479.68,True,0.4104625876784572,False,Medium
P2P-008918,2026-06-23 09:31:22+00:00,Consumer Products,V-048,4262.81,False,0.07548426279460432,False,Low
P2P-000156,2026-06-23 09:37:21+00:00,Consumer Products,V-054,23097.75,False,0.37358433630275684,False,Medium
P2P-005188,2026-06-23 10:20:00+00:00,Consumer Products,V-062,17461.57,False,0.6502806541001945,True,High
P2P-011182,2026-06-23 12:24:49+00:00,Consumer Products,V-047,23469.19,False,0.7044136402354085,True,High
P2P-009488,2026-06-23 15:30:42+00:00,Industrial Systems,V-032,19463.5,True,0.18196718324472894,False,Low
P2P-008438,2026-06-23 18:00:05+00:00,Consumer Products,V-030,20344.94,False,0.44020349847467855,False,Medium
P2P-006208,2026-06-23 18:24:35+00:00,Consumer Products,V-021,15173.61,False,0.6779525124961541,True,High
P2P-002949,2026-06-23 19:07:28+00:00,Industrial Systems,V-046,2330.87,False,0.8294240512971456,True,Critical
P2P-011299,2026-06-23 19:11:50+00:00,Consumer Products,V-037,43891.01,True,0.4845754520895291,False,Medium
P2P-000374,2026-06-23 19:25:44+00:00,Industrial Systems,V-014,22953.57,False,0.1410924036248886,False,Low
P2P-007848,2026-06-23 20:05:14+00:00,Corporate Services,V-022,9849.87,False,0.3944374612926484,False,Medium
P2P-003903,2026-06-23 20:31:34+00:00,Industrial Systems,V-021,27612.08,False,0.49838248669112767,False,Medium
P2P-004608,2026-06-23 21:05:31+00:00,Industrial Systems,V-053,39298.08,True,0.4916504102275488,False,Medium
P2P-009287,2026-06-23 21:09:48+00:00,Consumer Products,V-009,45982.96,False,0.17617476059964957,False,Low
P2P-004836,2026-06-23 21:36:48+00:00,Consumer Products,V-020,13948.07,False,0.38911532868543275,False,Medium
P2P-006952,2026-06-23 22:01:19+00:00,Industrial Systems,V-019,7428.64,False,0.12137231973485083,False,Low
P2P-003203,2026-06-23 23:09:00+00:00,Industrial Systems,V-072,3748.77,True,0.6688568465844245,True,High
P2P-009877,2026-06-23 23:32:40+00:00,Consumer Products,V-045,11476.87,False,0.4154033204992634,False,Medium
P2P-010674,2026-06-24 00:37:09+00:00,Industrial Systems,V-001,53464.11,False,0.22907901731502434,False,Low
P2P-010687,2026-06-24 01:40:57+00:00,Consumer Products,V-019,6109.55,False,0.38203780000231463,False,Medium
P2P-007978,2026-06-24 02:01:26+00:00,Consumer Products,V-060,16949.1,False,0.6506624899714013,True,High
P2P-010202,2026-06-24 02:48:19+00:00,Consumer Products,V-007,11808.78,False,0.045127371044733126,False,Low
P2P-006503,2026-06-24 03:52:57+00:00,Corporate Services,V-012,10377.8,True,0.18915077121981416,False,Low
P2P-000612,2026-06-24 05:16:27+00:00,Consumer Products,V-019,5858.78,True,0.17394076401694558,False,Low
P2P-003031,2026-06-24 05:45:28+00:00,Corporate Services,V-010,23864.59,True,0.8047558249064459,True,Critical
P2P-003990,2026-06-24 11:19:15+00:00,Corporate Services,V-041,16289.57,False,0.31130551783898214,False,Medium
P2P-000003,2026-06-24 12:58:33+00:00,Industrial Systems,V-077,13409.03,False,0.9245023753624635,True,Critical
P2P-006885,2026-06-24 16:02:14+00:00,Consumer Products,V-046,8609.52,True,0.8130039968057278,True,Critical
P2P-002967,2026-06-24 16:30:27+00:00,Corporate Services,V-038,4003.4,True,0.8848201650296476,True,Critical
P2P-004383,2026-06-24 16:53:22+00:00,Consumer Products,V-046,8747.5,True,0.27173321097071756,False,Low
P2P-002105,2026-06-24 16:55:58+00:00,Industrial Systems,V-017,5085.98,True,0.12370382458812891,False,Low
P2P-005025,2026-06-24 17:55:00+00:00,Industrial Systems,V-042,23848.62,False,0.22180408808955623,False,Low
P2P-002728,2026-06-24 18:41:42+00:00,Consumer Products,V-020,28310.53,False,0.36835966085463,False,Medium
P2P-000573,2026-06-24 20:42:04+00:00,Consumer Products,V-022,3673.07,False,0.31257315729587604,False,Medium
P2P-005321,2026-06-24 21:12:42+00:00,Consumer Products,V-058,2892.37,True,0.8349555578201253,True,Critical
P2P-000837,2026-06-24 21:16:04+00:00,Industrial Systems,V-070,43680.32,True,0.6671016003061702,True,High
P2P-011893,2026-06-24 21:40:19+00:00,Corporate Services,V-018,63115.77,False,0.2927454610544144,False,Low
P2P-005622,2026-06-24 22:38:40+00:00,Corporate Services,V-066,10241.4,False,0.42604495151520055,False,Medium
P2P-001813,2026-06-24 23:08:48+00:00,Consumer Products,V-069,6423.17,False,0.6687707866604252,True,High
P2P-003239,2026-06-24 23:49:42+00:00,Consumer Products,V-012,14019.51,False,0.804790555540799,True,Critical
P2P-006736,2026-06-25 05:27:35+00:00,Corporate Services,V-052,45128.09,False,0.349572610014001,False,Medium
P2P-002075,2026-06-25 06:22:07+00:00,Consumer Products,V-014,20277.56,False,0.41967481158115155,False,Medium
P2P-001838,2026-06-25 07:23:31+00:00,Industrial Systems,V-028,24070.51,True,0.8363505183034795,True,Critical
P2P-009980,2026-06-25 08:11:23+00:00,Industrial Systems,V-031,29622.58,False,0.27511197923317965,False,Low
P2P-004934,2026-06-25 09:01:40+00:00,Consumer Products,V-013,6266.58,False,0.20813860261700468,False,Low
P2P-002600,2026-06-25 09:13:45+00:00,Consumer Products,V-015,8658.75,True,0.15141274118858117,False,Low
P2P-001355,2026-06-25 09:15:35+00:00,Industrial Systems,V-077,5629.24,False,0.6688257012469363,True,High
P2P-003928,2026-06-25 09:37:11+00:00,Corporate Services,V-013,5285.7,False,0.1905225537784111,False,Low
P2P-006153,2026-06-25 10:09:07+00:00,Consumer Products,V-072,15085.16,True,0.8057169562159405,True,Critical
P2P-007311,2026-06-25 10:38:56+00:00,Industrial Systems,V-060,25782.85,False,0.8044808420271539,True,Critical
P2P-009492,2026-06-25 12:52:25+00:00,Consumer Products,V-018,4239.38,False,0.15745963398190968,False,Low
P2P-006131,2026-06-25 13:07:52+00:00,Industrial Systems,V-073,4719.2,True,0.9510095205398708,True,Critical
P2P-000298,2026-06-25 14:30:39+00:00,Industrial Systems,V-059,2293.29,True,0.6049651012835011,True,High
P2P-006188,2026-06-25 17:53:45+00:00,Industrial Systems,V-055,120369.25,True,0.3479414702709447,False,Medium
P2P-010460,2026-06-25 18:35:53+00:00,Industrial Systems,V-010,37998.69,False,0.11738029890058173,False,Low
P2P-010434,2026-06-25 20:37:13+00:00,Industrial Systems,V-044,51442.05,False,0.28978265233818135,False,Low
P2P-003796,2026-06-25 21:43:48+00:00,Consumer Products,V-028,25262.07,True,0.8992249361696993,True,Critical
P2P-001521,2026-06-25 22:14:58+00:00,Industrial Systems,V-017,11324.53,False,0.17041060467488245,False,Low
P2P-009794,2026-06-25 23:25:21+00:00,Consumer Products,V-019,7182.42,False,0.4464416216766013,False,Medium
P2P-010407,2026-06-26 00:11:17+00:00,Industrial Systems,V-071,11664.96,True,0.8831489335582496,True,Critical
P2P-005919,2026-06-26 00:20:11+00:00,Industrial Systems,V-079,18616.4,True,0.6216699950069587,True,High
P2P-007857,2026-06-26 00:37:31+00:00,Corporate Services,V-011,46397.6,True,0.20886810140044867,False,Low
P2P-001271,2026-06-26 01:16:09+00:00,Corporate Services,V-078,12290.18,True,0.8119144238712647,True,Critical
P2P-005526,2026-06-26 02:05:53+00:00,Consumer Products,V-055,54878.84,True,0.3688083571350404,False,Medium
P2P-001450,2026-06-26 03:02:34+00:00,Industrial Systems,V-036,13251.73,True,0.8462548800368296,True,Critical
P2P-009684,2026-06-26 04:29:20+00:00,Industrial Systems,V-044,82008.17,False,0.16000339182423354,False,Low
P2P-008426,2026-06-26 05:50:18+00:00,Industrial Systems,V-068,8427.24,False,0.44294093124773654,False,Medium
P2P-011187,2026-06-26 07:24:36+00:00,Industrial Systems,V-068,36688.39,True,0.9659263997025724,True,Critical
P2P-001016,2026-06-26 07:58:46+00:00,Corporate Services,V-006,12382.55,False,0.20993294130649687,False,Low
P2P-009380,2026-06-26 08:05:53+00:00,Industrial Systems,V-065,41511.28,True,0.8314786370108882,True,Critical
P2P-007346,2026-06-26 10:28:35+00:00,Consumer Products,V-067,19578.26,True,0.2819427804167565,False,Low
P2P-009786,2026-06-26 10:36:45+00:00,Industrial Systems,V-044,33204.71,False,0.14563325058460075,False,Low
P2P-003868,2026-06-26 10:45:22+00:00,Industrial Systems,V-051,6159.82,False,0.21619628520602918,False,Low
P2P-004812,2026-06-26 12:08:07+00:00,Corporate Services,V-036,300000.0,False,0.7177513785314731,True,High
P2P-011708,2026-06-26 12:56:05+00:00,Industrial Systems,V-064,13652.65,False,0.39671472081179865,False,Medium
P2P-006771,2026-06-26 14:31:27+00:00,Consumer Products,V-048,16641.41,False,0.5748604240175654,True,Medium
P2P-005511,2026-06-26 18:15:47+00:00,Corporate Services,V-020,17915.27,False,0.2514042757599954,False,Low
P2P-011948,2026-06-26 19:47:27+00:00,Corporate Services,V-073,25485.82,True,0.9654076122225289,True,Critical
P2P-011927,2026-06-26 20:00:36+00:00,Consumer Products,V-036,9926.76,True,0.27249834705166387,False,Low
P2P-011531,2026-06-26 21:20:23+00:00,Industrial Systems,V-023,7558.57,False,0.42870367436095735,False,Medium
P2P-000057,2026-06-26 22:34:18+00:00,Corporate Services,V-005,7781.07,True,0.17698564474953726,False,Low
P2P-011967,2026-06-26 22:55:00+00:00,Industrial Systems,V-031,2741.03,False,0.31867327873822826,False,Medium
P2P-007328,2026-06-26 23:18:26+00:00,Consumer Products,V-053,6895.17,False,0.2951036885803757,False,Low
P2P-002935,2026-06-27 05:32:31+00:00,Consumer Products,V-061,42845.15,True,0.8284039470579859,True,Critical
P2P-004801,2026-06-27 06:22:07+00:00,Consumer Products,V-005,215622.48,False,0.4972665014920274,False,Medium
P2P-000175,2026-06-27 07:25:33+00:00,Consumer Products,V-076,106453.17,False,0.8013977711046664,True,Critical
P2P-010752,2026-06-27 08:45:13+00:00,Industrial Systems,V-010,11739.62,False,0.24159850800188234,False,Low
P2P-007016,2026-06-27 12:02:10+00:00,Industrial Systems,V-058,15839.37,False,0.15855152936851924,False,Low
P2P-001133,2026-06-27 14:43:07+00:00,Consumer Products,V-030,3243.93,False,0.4665009467756653,False,Medium
P2P-006934,2026-06-27 15:38:19+00:00,Consumer Products,V-063,44596.39,True,0.6117789385067024,True,High
P2P-008319,2026-06-27 15:38:59+00:00,Industrial Systems,V-022,6479.59,False,0.2351796180367652,False,Low
P2P-008405,2026-06-27 16:37:40+00:00,Consumer Products,V-032,8420.65,False,0.13552827241950252,False,Low
P2P-003528,2026-06-27 16:58:51+00:00,Corporate Services,V-046,300000.0,True,0.5716435519523317,True,Medium
P2P-011655,2026-06-27 18:44:08+00:00,Industrial Systems,V-057,23701.58,False,0.11823779858361805,False,Low
P2P-000253,2026-06-27 18:59:29+00:00,Industrial Systems,V-051,29045.31,False,0.28992921569674696,False,Low
P2P-004348,2026-06-27 20:55:03+00:00,Industrial Systems,V-027,13819.8,True,0.8205399473150955,True,Critical
P2P-011500,2026-06-27 21:52:48+00:00,Industrial Systems,V-033,13101.12,False,0.32177720131615495,False,Medium
P2P-006997,2026-06-27 22:58:36+00:00,Consumer Products,V-034,21879.31,True,0.383176110073333,False,Medium
P2P-009122,2026-06-28 00:41:09+00:00,Consumer Products,V-058,6054.98,False,0.035688420534357425,False,Low
P2P-007832,2026-06-28 02:21:27+00:00,Consumer Products,V-009,30206.46,True,0.7364210944974975,True,High
P2P-009486,2026-06-28 02:42:53+00:00,Corporate Services,V-077,9039.58,True,0.5935575286045719,True,Medium
P2P-010422,2026-06-28 03:44:27+00:00,Industrial Systems,V-008,20798.18,False,0.46252225675432385,False,Medium
P2P-005070,2026-06-28 04:59:36+00:00,Consumer Products,V-073,9236.0,True,0.9707693629471393,True,Critical
P2P-003422,2026-06-28 05:18:10+00:00,Consumer Products,V-014,6765.6,False,0.03422975433545215,False,Low
P2P-006924,2026-06-28 10:14:39+00:00,Corporate Services,V-016,27875.77,True,0.40853177918914313,False,Medium
P2P-004714,2026-06-28 10:16:57+00:00,Industrial Systems,V-036,8702.52,True,0.8736191187144243,True,Critical
P2P-011862,2026-06-28 10:58:39+00:00,Industrial Systems,V-069,6687.22,True,0.8822536652056958,True,Critical
P2P-007729,2026-06-28 11:24:51+00:00,Consumer Products,V-007,45084.1,False,0.04124443082799992,False,Low
P2P-002357,2026-06-28 13:37:20+00:00,Industrial Systems,V-048,6248.37,True,0.6623148747134334,True,High
P2P-003561,2026-06-28 15:33:12+00:00,Consumer Products,V-071,13309.73,True,0.7962996023702512,True,High
P2P-008889,2026-06-28 18:01:18+00:00,Consumer Products,V-065,52806.72,False,0.3583763358311501,False,Medium
P2P-007160,2026-06-28 18:22:43+00:00,Industrial Systems,V-047,37367.14,True,0.3465878650102594,False,Medium
P2P-008123,2026-06-28 21:12:48+00:00,Consumer Products,V-079,75564.26,True,0.19841150655425363,False,Low
P2P-010238,2026-06-28 21:35:13+00:00,Consumer Products,V-056,30521.36,False,0.25250341534232124,False,Low
P2P-004257,2026-06-28 21:47:29+00:00,Industrial Systems,V-077,7556.47,True,0.7662333685495645,True,High
P2P-005994,2026-06-29 00:51:10+00:00,Industrial Systems,V-059,12968.95,False,0.39170345885671787,False,Medium
P2P-008233,2026-06-29 01:54:21+00:00,Industrial Systems,V-007,6999.45,False,0.08553571540769897,False,Low
P2P-010489,2026-06-29 03:20:28+00:00,Corporate Services,V-051,7511.93,False,0.668153292938966,True,High
P2P-000471,2026-06-29 03:41:54+00:00,Consumer Products,V-047,23623.05,False,0.3358984486776426,False,Medium
P2P-002310,2026-06-29 07:34:23+00:00,Industrial Systems,V-034,31717.4,False,0.8696767466876465,True,Critical
P2P-005401,2026-06-29 09:13:30+00:00,Corporate Services,V-041,30838.76,True,0.30285465526015826,False,Medium
P2P-004219,2026-06-29 09:26:03+00:00,Industrial Systems,V-068,42548.82,True,0.31099095447541397,False,Medium
P2P-005378,2026-06-29 10:28:44+00:00,Industrial Systems,V-044,17258.97,False,0.6204392045390918,True,High
P2P-010380,2026-06-29 10:55:45+00:00,Industrial Systems,V-080,4894.96,True,0.979969425065631,True,Critical
P2P-006681,2026-06-29 11:45:46+00:00,Industrial Systems,V-045,1256.73,True,0.8523113954727605,True,Critical
P2P-004592,2026-06-29 11:48:08+00:00,Consumer Products,V-033,50728.47,False,0.1742476474683458,False,Low
P2P-007494,2026-06-29 12:48:16+00:00,Corporate Services,V-080,93428.54,True,0.7693054530767617,True,High
P2P-009101,2026-06-29 13:46:14+00:00,Industrial Systems,V-051,21821.48,True,0.21832543536524246,False,Low
P2P-009261,2026-06-29 14:13:14+00:00,Industrial Systems,V-068,19551.79,True,0.9553511326851051,True,Critical
P2P-010856,2026-06-29 14:21:24+00:00,Consumer Products,V-003,16374.94,False,0.16434417371234247,False,Low
P2P-003430,2026-06-29 14:24:19+00:00,Corporate Services,V-012,38574.86,True,0.12296077844608984,False,Low
P2P-008246,2026-06-29 14:51:16+00:00,Corporate Services,V-050,35576.16,False,0.2612871434263322,False,Low
P2P-001918,2026-06-29 14:54:31+00:00,Industrial Systems,V-064,17084.9,False,0.6511295797792266,True,High
P2P-001655,2026-06-29 18:03:38+00:00,Consumer Products,V-034,20062.73,False,0.3180940393718563,False,Medium
P2P-011099,2026-06-29 18:38:15+00:00,Industrial Systems,V-077,6390.72,False,0.7313730977067698,True,High
P2P-000208,2026-06-29 19:09:26+00:00,Consumer Products,V-072,29764.08,False,0.56385746002844,True,Medium
P2P-002612,2026-06-29 20:56:18+00:00,Consumer Products,V-021,3768.57,True,0.7392249996118172,True,High
P2P-001158,2026-06-29 21:32:20+00:00,Consumer Products,V-009,40618.48,False,0.08129236695758436,False,Low
P2P-004452,2026-06-29 22:33:17+00:00,Corporate Services,V-005,3671.82,False,0.1526185534667861,False,Low
P2P-008538,2026-06-30 02:50:45+00:00,Consumer Products,V-057,1555.75,False,0.17063839163625918,False,Low
P2P-006567,2026-06-30 03:45:52+00:00,Consumer Products,V-037,3025.67,False,0.07100743880829266,False,Low
P2P-002778,2026-06-30 04:39:57+00:00,Consumer Products,V-010,9971.85,False,0.06291362628998488,False,Low
P2P-011012,2026-06-30 06:01:53+00:00,Industrial Systems,V-044,38444.5,True,0.8628663068263661,True,Critical
P2P-008804,2026-06-30 06:35:47+00:00,Consumer Products,V-040,36284.68,True,0.15280244753873853,False,Low
